{
  "model_short": "gemma2-2b",
  "pair": "size",
  "n_layers": 26,
  "n_prompts": 3620,
  "n_groups": 362,
  "naive_r2_per_layer": [
    0.40354033563689884,
    0.5827291116811038,
    0.801598184588792,
    0.8554994959496229,
    0.9144233948218529,
    0.9531000102033116,
    0.9568802141803882,
    0.9848036182915154,
    0.9881109826399926,
    0.9910398377004905,
    0.9918846862498097,
    0.9928213737681011,
    0.9925483286311914,
    0.9930831084479324,
    0.9930887713149786,
    0.9928749266770363,
    0.9938822081315328,
    0.99385665724096,
    0.9931912102782207,
    0.9925146793012118,
    0.9918838904271524,
    0.9912005889751938,
    0.9905572187684514,
    0.9897921074421153,
    0.9881370028575575,
    0.986968412656047
  ],
  "orth_r2_per_layer_FOLD_AWARE": [
    0.40354033563689884,
    0.1831958668926409,
    0.20072897120470257,
    0.058160509639276325,
    0.05328904980260296,
    0.03463876728426207,
    0.006363782466374812,
    0.023157511092309457,
    -0.003191311365103866,
    -0.00435302300719087,
    -0.0059555690799821814,
    -0.006083669322228147,
    -0.009294628263869287,
    -0.00884058256050535,
    -0.00888349921599918,
    -0.012169845280909586,
    -0.005096421164262566,
    -0.006539394477666827,
    -0.008049861206202102,
    -0.0050500585977792944,
    -0.005445641730952744,
    -0.003502033858680864,
    -0.0017260495901740835,
    -0.000989292950102083,
    -0.003480764645861889,
    -0.003086761261256399
  ],
  "fold_aware": true,
  "alpha_ridge": 1.0,
  "n_folds": 5
}