{
  "model_short": "gemma2-2b",
  "pair": "height",
  "n_layers": 26,
  "naive_r2_per_layer": [
    0.68688405474829,
    0.8221386936454854,
    0.9129008702881555,
    0.9340596271284439,
    0.9543312123458805,
    0.9686478332098626,
    0.9676794233086091,
    0.9874171885745143,
    0.9908102158850159,
    0.992206642892456,
    0.992539976986526,
    0.9940199424009094,
    0.9945227989225444,
    0.9942310003116036,
    0.9936404268790362,
    0.9935079106818047,
    0.9935852137967829,
    0.993491604712338,
    0.9934115910408298,
    0.9926441184095257,
    0.9928361672132463,
    0.9923353777917545,
    0.992058208493612,
    0.9912683331260067,
    0.9906517017274467,
    0.9892045076824321
  ],
  "orth_r2_per_layer": [
    0.68688405474829,
    0.05403735118095243,
    -0.022199339349777025,
    -0.09921787513014024,
    -0.1368731644676422,
    -0.20421335681123076,
    -0.21860766736592696,
    -0.3895495951504664,
    -0.5425425105221364,
    -0.8385517662731354,
    -1.204277287155445,
    -1.9255712385183559,
    -2.2108577710513635,
    -3.5461827505610124,
    -3.577634899247893,
    -3.323025008953226,
    -4.31885324071204,
    -3.849908947312448,
    -3.798233814245777,
    -3.7407155702811083,
    -3.993069539037754,
    -4.215148162712368,
    -4.635708634172285,
    -5.053989521805441,
    -5.336324689487075,
    -5.696925885197872
  ],
  "alpha_ridge": 1.0,
  "n_folds": 5,
  "n_groups": 400
}