{
  "model_short": "gemma2-2b",
  "pair": "height",
  "late_layer": 20,
  "pca_r2": {
    "PC1_vs_z": 0.9689557479748818,
    "PC1_vs_x": 1.3723963331017996e-10,
    "PC2_vs_z": 0.006341706456343738,
    "PC2_vs_x": 0.0032248348567337102,
    "PC2_vs_z2": 0.788935845773215,
    "PC3_vs_z": 2.4759440178395084e-07,
    "PC3_vs_x": 0.05061425847678907,
    "explained_variance_ratio": [
      0.6084961749093207,
      0.18270868025658676,
      0.09307620324460729
    ]
  },
  "cos_pc1_primal_per_layer": [
    0.00495075366920788,
    0.9972803154093459,
    0.9966277880634459,
    0.9881406118534414,
    0.6133580461785415,
    0.4525469167874919,
    0.6149243469297648,
    -0.20803740825815897,
    -0.6642862231721147,
    0.5985788442499155,
    0.6195986026248704,
    -0.6461470441701289,
    -0.772264557252258,
    -0.9714631416847066,
    -0.9698639222644694,
    -0.97166410101017,
    0.9972454651208039,
    -0.9963430580258641,
    0.997901968632836,
    -0.9985896731527885,
    -0.9990744423968172,
    -0.9992449522330903,
    0.9985913544817042,
    -0.9990530833056513,
    0.9994587940415042,
    0.9994947140600415
  ]
}