{
  "height": {
    "n_cells": 400,
    "n_prompts": 4000,
    "layer": 33,
    "PC1_R2_z_point": 0.9275942873907738,
    "PC1_R2_z_bootstrap_95": [
      0.9074344848432067,
      0.9411069594862934
    ],
    "PC1_R2_z_fisher_95": [
      0.9125540360784442,
      0.9401318860717314
    ],
    "PC1_R2_x_point": 0.009789787847823792,
    "PC1_R2_x_bootstrap_95": [
      4.350507740402655e-05,
      0.042699885123628135
    ],
    "evr_gap_lambda1_minus_lambda2_point": 0.2457585913715896,
    "evr_gap_bootstrap_95": [
      0.20277734848036527,
      0.2901310790166393
    ]
  },
  "age": {
    "n_cells": 390,
    "n_prompts": 3900,
    "layer": 33,
    "PC1_R2_z_point": 0.60631129628884,
    "PC1_R2_z_bootstrap_95": [
      0.0028015903180242585,
      0.8430074720018188
    ],
    "PC1_R2_z_fisher_95": [
      0.5421211199906302,
      0.6641415606274871
    ],
    "PC1_R2_x_point": 0.04719066951835671,
    "PC1_R2_x_bootstrap_95": [
      0.0004976638318715576,
      0.6211256017628759
    ],
    "evr_gap_lambda1_minus_lambda2_point": 0.009669772413133881,
    "evr_gap_bootstrap_95": [
      0.007213112628138711,
      0.08189890611126044
    ]
  },
  "weight": {
    "n_cells": 400,
    "n_prompts": 4000,
    "layer": 33,
    "PC1_R2_z_point": 0.9441399960308555,
    "PC1_R2_z_bootstrap_95": [
      0.9299278626399202,
      0.9538671906871087
    ],
    "PC1_R2_z_fisher_95": [
      0.9324115387070594,
      0.9538832732190813
    ],
    "PC1_R2_x_point": 0.005144092327373518,
    "PC1_R2_x_bootstrap_95": [
      2.850103150087586e-05,
      0.034661288851432444
    ],
    "evr_gap_lambda1_minus_lambda2_point": 0.32632529800604815,
    "evr_gap_bootstrap_95": [
      0.28959738281575353,
      0.36497549792403605
    ]
  },
  "size": {
    "n_cells": 362,
    "n_prompts": 3620,
    "layer": 33,
    "PC1_R2_z_point": 0.6559592854512789,
    "PC1_R2_z_bootstrap_95": [
      0.012283808488099544,
      0.8525651494681189
    ],
    "PC1_R2_z_fisher_95": [
      0.594780375592,
      0.710048090381144
    ],
    "PC1_R2_x_point": 0.06516250645405927,
    "PC1_R2_x_bootstrap_95": [
      0.0003635794820969878,
      0.5864187937130153
    ],
    "evr_gap_lambda1_minus_lambda2_point": 0.0764217073639632,
    "evr_gap_bootstrap_95": [
      0.01778777452106508,
      0.17707646091733248
    ]
  },
  "speed": {
    "n_cells": 365,
    "n_prompts": 3650,
    "layer": 33,
    "PC1_R2_z_point": 0.42813284247415156,
    "PC1_R2_z_bootstrap_95": [
      0.2706520559979974,
      0.5815403340416764
    ],
    "PC1_R2_z_fisher_95": [
      0.3497399688948876,
      0.5031453275516834
    ],
    "PC1_R2_x_point": 0.5075912370768836,
    "PC1_R2_x_bootstrap_95": [
      0.35104746671210496,
      0.6371279987369166
    ],
    "evr_gap_lambda1_minus_lambda2_point": 0.16490718564826967,
    "evr_gap_bootstrap_95": [
      0.09237332047863422,
      0.23279629762920345
    ]
  },
  "wealth": {
    "n_cells": 398,
    "n_prompts": 3980,
    "layer": 33,
    "PC1_R2_z_point": 0.8706224944406287,
    "PC1_R2_z_bootstrap_95": [
      0.8378640509974605,
      0.897041594611698
    ],
    "PC1_R2_z_fisher_95": [
      0.8446886900272746,
      0.8924974691253316
    ],
    "PC1_R2_x_point": 0.02580639019851621,
    "PC1_R2_x_bootstrap_95": [
      0.0012718746844002787,
      0.07666703881104447
    ],
    "evr_gap_lambda1_minus_lambda2_point": 0.29284796281835546,
    "evr_gap_bootstrap_95": [
      0.2446482642121684,
      0.34063312777487215
    ]
  },
  "experience": {
    "n_cells": 351,
    "n_prompts": 3510,
    "layer": 33,
    "PC1_R2_z_point": 0.9023298077381198,
    "PC1_R2_z_bootstrap_95": [
      0.8464662763393176,
      0.929736127604251
    ],
    "PC1_R2_z_fisher_95": [
      0.8808895134756937,
      0.9200838339497142
    ],
    "PC1_R2_x_point": 0.11393438631671529,
    "PC1_R2_x_bootstrap_95": [
      0.03385399604094017,
      0.22968953994938815
    ],
    "evr_gap_lambda1_minus_lambda2_point": 0.2771314651777061,
    "evr_gap_bootstrap_95": [
      0.23834115053252436,
      0.32797605446872236
    ]
  },
  "bmi_abs": {
    "n_cells": 399,
    "n_prompts": 3990,
    "layer": 33,
    "PC1_R2_z_point": 0.7840511152645034,
    "PC1_R2_z_bootstrap_95": [
      0.7502317788485647,
      0.8130128764682388
    ],
    "PC1_R2_z_fisher_95": [
      0.7434698696985822,
      0.818974420343688
    ],
    "PC1_R2_x_point": 0.05969557091161547,
    "PC1_R2_x_bootstrap_95": [
      0.016909608148338594,
      0.13015264871208956
    ],
    "evr_gap_lambda1_minus_lambda2_point": 0.24327442949870087,
    "evr_gap_bootstrap_95": [
      0.18455226940837846,
      0.3005191853004128
    ]
  },
  "_head_ablation_with_fisher_ci": [
    {
      "label": "z_writer_top",
      "layer": 21,
      "head": 3,
      "delta_point": -0.0011244224220023913,
      "delta_fisher_95": [
        -0.009394852116061725,
        0.005183744726926731
      ],
      "p_two_sided_zero": 0.7545762280246904
    },
    {
      "label": "comparator_top",
      "layer": 16,
      "head": 3,
      "delta_point": 0.002380703164472142,
      "delta_fisher_95": [
        -0.004801456269227233,
        0.007853401864205578
      ],
      "p_two_sided_zero": 0.47757082719173916
    },
    {
      "label": "mu_aggregator_top",
      "layer": 0,
      "head": 3,
      "delta_point": 0.0003574390253096027,
      "delta_fisher_95": [
        -0.007453530520126206,
        0.006312673445784789
      ],
      "p_two_sided_zero": 0.9185380225972932
    }
  ]
}