{
  "model_short": "gemma2-9b",
  "split_strategy": "cell_seed_parity",
  "n_train": 2000,
  "n_test": 2000,
  "tags_derived_on_train": {
    "mu_aggregator": [
      [
        0,
        3
      ],
      [
        0,
        4
      ],
      [
        0,
        8
      ]
    ],
    "comparator": [
      [
        10,
        2
      ],
      [
        10,
        3
      ],
      [
        10,
        15
      ],
      [
        16,
        3
      ],
      [
        16,
        6
      ],
      [
        16,
        7
      ],
      [
        16,
        8
      ],
      [
        16,
        10
      ],
      [
        16,
        14
      ],
      [
        21,
        0
      ],
      [
        21,
        2
      ],
      [
        21,
        3
      ],
      [
        21,
        4
      ],
      [
        21,
        5
      ],
      [
        21,
        6
      ],
      [
        21,
        7
      ],
      [
        21,
        8
      ],
      [
        21,
        9
      ],
      [
        21,
        10
      ],
      [
        21,
        11
      ],
      [
        21,
        12
      ],
      [
        21,
        13
      ],
      [
        28,
        4
      ],
      [
        28,
        5
      ],
      [
        28,
        12
      ],
      [
        41,
        3
      ]
    ],
    "z_writer": [
      [
        21,
        3
      ],
      [
        21,
        7
      ],
      [
        21,
        11
      ],
      [
        28,
        1
      ],
      [
        34,
        7
      ],
      [
        41,
        6
      ]
    ]
  },
  "thresholds_train": {
    "thr_ctx": 0.04541695793718099,
    "thr_dla": 0.022713492087406036
  },
  "baseline_corr_z_test": 0.9682561937528967,
  "ablations": [
    {
      "tag": "mu_aggregator",
      "n_heads_ablated": 3,
      "heads": [
        [
          0,
          3
        ],
        [
          0,
          4
        ],
        [
          0,
          8
        ]
      ],
      "corr_z_after": 0.9724599649163648,
      "delta_corr_z_vs_baseline": 0.00420377116346804
    },
    {
      "tag": "comparator",
      "n_heads_ablated": 26,
      "heads": [
        [
          10,
          2
        ],
        [
          10,
          3
        ],
        [
          10,
          15
        ],
        [
          16,
          3
        ],
        [
          16,
          6
        ],
        [
          16,
          7
        ],
        [
          16,
          8
        ],
        [
          16,
          10
        ],
        [
          16,
          14
        ],
        [
          21,
          0
        ],
        [
          21,
          2
        ],
        [
          21,
          3
        ],
        [
          21,
          4
        ],
        [
          21,
          5
        ],
        [
          21,
          6
        ],
        [
          21,
          7
        ],
        [
          21,
          8
        ],
        [
          21,
          9
        ],
        [
          21,
          10
        ],
        [
          21,
          11
        ],
        [
          21,
          12
        ],
        [
          21,
          13
        ],
        [
          28,
          4
        ],
        [
          28,
          5
        ],
        [
          28,
          12
        ],
        [
          41,
          3
        ]
      ],
      "corr_z_after": 0.9844595669480084,
      "delta_corr_z_vs_baseline": 0.01620337319511167
    },
    {
      "tag": "z_writer",
      "n_heads_ablated": 6,
      "heads": [
        [
          21,
          3
        ],
        [
          21,
          7
        ],
        [
          21,
          11
        ],
        [
          28,
          1
        ],
        [
          34,
          7
        ],
        [
          41,
          6
        ]
      ],
      "corr_z_after": 0.9773447479853062,
      "delta_corr_z_vs_baseline": 0.009088554232409507
    },
    {
      "tag": "union",
      "n_heads_ablated": 32,
      "heads": [
        [
          0,
          3
        ],
        [
          0,
          4
        ],
        [
          0,
          8
        ],
        [
          10,
          2
        ],
        [
          10,
          3
        ],
        [
          10,
          15
        ],
        [
          16,
          3
        ],
        [
          16,
          6
        ],
        [
          16,
          7
        ],
        [
          16,
          8
        ],
        [
          16,
          10
        ],
        [
          16,
          14
        ],
        [
          21,
          0
        ],
        [
          21,
          2
        ],
        [
          21,
          3
        ],
        [
          21,
          4
        ],
        [
          21,
          5
        ],
        [
          21,
          6
        ],
        [
          21,
          7
        ],
        [
          21,
          8
        ],
        [
          21,
          9
        ],
        [
          21,
          10
        ],
        [
          21,
          11
        ],
        [
          21,
          12
        ],
        [
          21,
          13
        ],
        [
          28,
          1
        ],
        [
          28,
          4
        ],
        [
          28,
          5
        ],
        [
          28,
          12
        ],
        [
          34,
          7
        ],
        [
          41,
          3
        ],
        [
          41,
          6
        ]
      ],
      "corr_z_after": 0.9843499872590824,
      "delta_corr_z_vs_baseline": 0.016093793506185672
    }
  ]
}