{
  "orig": {
    "slope_x": 0.26600875190258716,
    "slope_mu": -0.1250555555555556,
    "relativity_ratio": 0.47011819972506447,
    "classification_accuracy_nonzero": 0.7666666666666667,
    "ld_mean": -0.8731666803359985,
    "ld_std": 1.0707361698150635,
    "ld_at_x_minus_8": -1.6866666078567505,
    "ld_at_x_0": -1.1033333539962769,
    "ld_at_x_plus_8": 0.18166667222976685,
    "high_word": "positive",
    "low_word": "negative",
    "high_id": 4414,
    "low_id": 5676,
    "template": "{items}\nNumber {n_last}: {x_str}. This number is"
  },
  "compared": {
    "slope_x": 0.1850418569254185,
    "slope_mu": -0.04347222222222224,
    "relativity_ratio": 0.2349318308005513,
    "classification_accuracy_nonzero": 0.9866666666666667,
    "ld_mean": -0.06266666948795319,
    "ld_std": 0.9187797904014587,
    "ld_at_x_minus_8": -1.0616666078567505,
    "ld_at_x_0": -0.019999999552965164,
    "ld_at_x_plus_8": 0.7891666889190674,
    "high_word": "above",
    "low_word": "below",
    "high_id": 2787,
    "low_id": 3426,
    "template": "{items}\nNumber {n_last}: {x_str}. Compared to zero, this number is"
  },
  "relative": {
    "slope_x": 0.11926902587519005,
    "slope_mu": -0.056055555555555504,
    "relativity_ratio": 0.46999256633667197,
    "classification_accuracy_nonzero": 0.5433333333333333,
    "ld_mean": 0.831166684627533,
    "ld_std": 0.5909168720245361,
    "ld_at_x_minus_8": 0.47333332896232605,
    "ld_at_x_0": 1.0233333110809326,
    "ld_at_x_plus_8": 1.221666693687439,
    "high_word": "higher",
    "low_word": "lower",
    "high_id": 3715,
    "low_id": 3718,
    "template": "{items}\nNumber {n_last}: {x_str}. Relative to zero, this number is"
  },
  "forced_qa": {
    "slope_x": 0.15615068493150666,
    "slope_mu": -0.04841666666666666,
    "relativity_ratio": 0.3100637482820134,
    "classification_accuracy_nonzero": 0.9483333333333334,
    "ld_mean": -0.13333334028720856,
    "ld_std": 0.7087645530700684,
    "ld_at_x_minus_8": -0.8266666531562805,
    "ld_at_x_0": -0.04416666552424431,
    "ld_at_x_plus_8": 0.6816666722297668,
    "high_word": "Above",
    "low_word": "Below",
    "high_id": 46099,
    "low_id": 30791,
    "template": "{items}\nNumber {n_last}: {x_str}. Is this number above or below zero? Answer:"
  }
}