{
  "model_short": "gemma2-9b",
  "pair": "bmi_abs",
  "n_layers": 42,
  "n_prompts": 3990,
  "n_groups": 399,
  "naive_r2_per_layer": [
    0.5924542168970924,
    0.6294732645666113,
    0.6710664461064326,
    0.8812081277313497,
    0.9157356913187724,
    0.922887685270741,
    0.9596298698651665,
    0.9581397757473685,
    0.9687199452321773,
    0.9767738493090484,
    0.9771531392467565,
    0.9828355126009541,
    0.9878354282666594,
    0.9904081444454379,
    0.9920604348783466,
    0.992943985434969,
    0.994222579730855,
    0.9951288045335961,
    0.9952005048158975,
    0.9952719196464959,
    0.9952641491832769,
    0.9944976004079373,
    0.9947509371326907,
    0.9945453234443259,
    0.9941877942895929,
    0.994342414922115,
    0.9938858756952402,
    0.9941235692225082,
    0.9934081843478781,
    0.9936516589181247,
    0.993526807406798,
    0.9929687967914206,
    0.9930946569690593,
    0.9922730103600904,
    0.9915581017096307,
    0.9911742530461477,
    0.9912095927879175,
    0.9901561926848708,
    0.9888431040290813,
    0.9876647007865265,
    0.9858935998131706,
    0.9853391548611281
  ],
  "orth_r2_per_layer_FOLD_AWARE": [
    0.5924542168970924,
    0.10567189353309114,
    0.09725226673972154,
    0.16658222139268752,
    0.029303094020740605,
    0.013130138368619093,
    0.02985565421136427,
    -0.0007535145928327935,
    0.008106290693269735,
    0.005267786699803101,
    -0.001094739036308301,
    0.002351837917660138,
    0.0020782878391043536,
    -0.0015326821515873057,
    -0.006203220665071951,
    -0.00953029863522481,
    -0.011988488515584761,
    -0.012162231193280304,
    -0.011345770894521712,
    -0.012447354811089273,
    -0.010977101591189031,
    -0.011499511054624323,
    -0.010211634211439113,
    -0.009708699829584111,
    -0.00956342329209825,
    -0.008705126567334576,
    -0.00799686373694719,
    -0.007472175510422563,
    -0.010353635647507131,
    -0.0051147631222323575,
    -0.004840948816890567,
    -0.005058547304597427,
    -0.0021289772155457243,
    -0.004306490484644154,
    -0.0004764743176919328,
    0.002041468108245792,
    -0.0015973578014836232,
    -0.0013750298220569501,
    0.0018995852562662119,
    -0.0007109784511754036,
    0.0013961737906285077,
    0.006035838813920447
  ],
  "fold_aware": true,
  "alpha_ridge": 1.0,
  "n_folds": 5
}