{
  "model_short": "gemma2-9b",
  "pair": "speed",
  "n_layers": 42,
  "n_prompts": 3650,
  "n_groups": 365,
  "naive_r2_per_layer": [
    0.5489124463859818,
    0.6471147369019377,
    0.684371547929369,
    0.8802036832888717,
    0.9169660393105445,
    0.9204586018582591,
    0.9587925972812432,
    0.9588194275232156,
    0.9739452095642844,
    0.9809721538177146,
    0.9856597266482426,
    0.9877897604936138,
    0.9890591815337101,
    0.9914897285222554,
    0.99383999657823,
    0.9956151714619484,
    0.9963527017785276,
    0.9968448356717553,
    0.9970078158949903,
    0.9969226499624833,
    0.9968834278247667,
    0.9965117809468087,
    0.9961724717178302,
    0.9959222708105679,
    0.9953480210640883,
    0.9947333179631465,
    0.9945175109300683,
    0.9946789268838578,
    0.9943667263595926,
    0.9940749605942103,
    0.9940078687514318,
    0.9932379643792788,
    0.9932019019061366,
    0.9928426480662103,
    0.9923491280283655,
    0.9917137005276527,
    0.991254163089175,
    0.990202445939072,
    0.9892881539893337,
    0.9873604904432638,
    0.9866465289090212,
    0.9860917822794868
  ],
  "orth_r2_per_layer_FOLD_AWARE": [
    0.5489124463859818,
    0.13847272680115685,
    0.07799459865739877,
    0.1796206656039373,
    0.03830296775581954,
    0.015893063501577598,
    0.031433306040023146,
    0.003421227026872309,
    0.012732371429954537,
    0.004305127238734441,
    0.00243857419672755,
    0.001200519302552605,
    -0.0009456003274117553,
    -0.00011244492787287896,
    -0.0009312839473696322,
    -0.0008292815345380955,
    -0.002607474156304246,
    -0.002730305814136136,
    -0.0033625234037033547,
    -0.003372290780716325,
    -0.003905518835188637,
    -0.005383131521582651,
    -0.005925043660593099,
    -0.003840305491504603,
    -0.0022256330439514027,
    -0.0032684090092178764,
    -0.0016799061482399846,
    -0.0011308236459410814,
    -0.0013994894263722468,
    -0.0016814026165685725,
    -0.0007229652966043165,
    -0.0013778135814548342,
    0.0013450371199668076,
    0.00039273048161614366,
    0.0016927767972128027,
    0.004797430248870804,
    0.005475157562992106,
    0.00223137512861471,
    0.0042654965760435815,
    0.002200909866647338,
    0.001782790396619216,
    0.006159549877960746
  ],
  "fold_aware": true,
  "alpha_ridge": 1.0,
  "n_folds": 5
}