{
  "height": {
    "n_cells": 400,
    "n_prompts": 4000,
    "layer": 20,
    "PC1_R2_z_point": 0.9689557469132003,
    "PC1_R2_z_bootstrap_95": [
      0.9608875646154104,
      0.9748356516912728
    ],
    "PC1_R2_z_fisher_95": [
      0.9623341357482884,
      0.9744287025135805
    ],
    "PC1_R2_x_point": 1.375904075047207e-10,
    "PC1_R2_x_bootstrap_95": [
      2.8294921033361243e-06,
      0.0134110583371139
    ],
    "evr_gap_lambda1_minus_lambda2_point": 0.42578749465273336,
    "evr_gap_bootstrap_95": [
      0.38648307615140387,
      0.46222926412504994
    ]
  },
  "age": {
    "n_cells": 390,
    "n_prompts": 3900,
    "layer": 20,
    "PC1_R2_z_point": 0.20866901115007305,
    "PC1_R2_z_bootstrap_95": [
      0.09097981203988956,
      0.341386845585411
    ],
    "PC1_R2_z_fisher_95": [
      0.1402402179796038,
      0.2829978196176319
    ],
    "PC1_R2_x_point": 0.4179619179896829,
    "PC1_R2_x_bootstrap_95": [
      0.30968404358080553,
      0.5012397332885176
    ],
    "evr_gap_lambda1_minus_lambda2_point": 0.25556952133848915,
    "evr_gap_bootstrap_95": [
      0.18427094590720522,
      0.31590030327341834
    ]
  },
  "weight": {
    "n_cells": 400,
    "n_prompts": 4000,
    "layer": 20,
    "PC1_R2_z_point": 0.9489628151939625,
    "PC1_R2_z_bootstrap_95": [
      0.9331077854998867,
      0.9602774672155875
    ],
    "PC1_R2_z_fisher_95": [
      0.9382137746677426,
      0.9578835736848322
    ],
    "PC1_R2_x_point": 0.005012611685533707,
    "PC1_R2_x_bootstrap_95": [
      1.0694780912388053e-05,
      0.030497709085166864
    ],
    "evr_gap_lambda1_minus_lambda2_point": 0.4428411582059488,
    "evr_gap_bootstrap_95": [
      0.4001263014001219,
      0.47917364655982775
    ]
  },
  "size": {
    "n_cells": 362,
    "n_prompts": 3620,
    "layer": 20,
    "PC1_R2_z_point": 0.07540554421101049,
    "PC1_R2_z_bootstrap_95": [
      0.0002337911594079632,
      0.25391928619133036
    ],
    "PC1_R2_z_fisher_95": [
      0.03115919707758649,
      0.1348961866860735
    ],
    "PC1_R2_x_point": 0.6511035565275743,
    "PC1_R2_x_bootstrap_95": [
      0.4771733956707688,
      0.7014349730365099
    ],
    "evr_gap_lambda1_minus_lambda2_point": 0.10946336981198834,
    "evr_gap_bootstrap_95": [
      0.04370705829091277,
      0.22253251458869952
    ]
  },
  "speed": {
    "n_cells": 365,
    "n_prompts": 3650,
    "layer": 20,
    "PC1_R2_z_point": 0.359911821358531,
    "PC1_R2_z_bootstrap_95": [
      0.01528888731328937,
      0.6265271887850219
    ],
    "PC1_R2_z_fisher_95": [
      0.2808023526085376,
      0.43800756787169237
    ],
    "PC1_R2_x_point": 0.44526321462469337,
    "PC1_R2_x_bootstrap_95": [
      0.17839593565961592,
      0.8131503039198665
    ],
    "evr_gap_lambda1_minus_lambda2_point": 0.07724626995568246,
    "evr_gap_bootstrap_95": [
      0.0257549901163735,
      0.14607972859842927
    ]
  },
  "wealth": {
    "n_cells": 398,
    "n_prompts": 3980,
    "layer": 20,
    "PC1_R2_z_point": 0.8554809934481602,
    "PC1_R2_z_bootstrap_95": [
      0.7682684477066629,
      0.9083353501190388
    ],
    "PC1_R2_z_fisher_95": [
      0.8268176863424704,
      0.8797396482174314
    ],
    "PC1_R2_x_point": 0.004786061350314985,
    "PC1_R2_x_bootstrap_95": [
      5.281259438545999e-06,
      0.04530162977980365
    ],
    "evr_gap_lambda1_minus_lambda2_point": 0.2132905633233792,
    "evr_gap_bootstrap_95": [
      0.13818291399064758,
      0.28761519044750683
    ]
  },
  "experience": {
    "n_cells": 351,
    "n_prompts": 3510,
    "layer": 20,
    "PC1_R2_z_point": 0.9006350910627801,
    "PC1_R2_z_bootstrap_95": [
      0.8650620983850367,
      0.9282043888512014
    ],
    "PC1_R2_z_fisher_95": [
      0.8788479152390785,
      0.9186833557273366
    ],
    "PC1_R2_x_point": 0.1342855719277881,
    "PC1_R2_x_bootstrap_95": [
      0.056735286829552964,
      0.2299359237715306
    ],
    "evr_gap_lambda1_minus_lambda2_point": 0.4124321217624791,
    "evr_gap_bootstrap_95": [
      0.37668301889528055,
      0.4516155371068617
    ]
  },
  "bmi_abs": {
    "n_cells": 399,
    "n_prompts": 3990,
    "layer": 20,
    "PC1_R2_z_point": 0.9226374116401129,
    "PC1_R2_z_bootstrap_95": [
      0.8764730893297064,
      0.9556724918050312
    ],
    "PC1_R2_z_fisher_95": [
      0.9065975493345896,
      0.9360191543862807
    ],
    "PC1_R2_x_point": 0.01511093848714594,
    "PC1_R2_x_bootstrap_95": [
      0.00029166791347136925,
      0.062392810542948415
    ],
    "evr_gap_lambda1_minus_lambda2_point": 0.2684479926212222,
    "evr_gap_bootstrap_95": [
      0.22572422940783304,
      0.3138704264530736
    ]
  },
  "_head_ablation_with_fisher_ci": [
    {
      "label": "comparator",
      "layer": 13,
      "head": 2,
      "delta_point": -0.003201109166164451,
      "delta_fisher_95": [
        -0.011862302612998477,
        0.0034074570155757655
      ],
      "p_two_sided_zero": 0.3770559890202718
    },
    {
      "label": "early_writer",
      "layer": 3,
      "head": 0,
      "delta_point": -0.007504418518513023,
      "delta_fisher_95": [
        -0.01749240315121936,
        0.00012573882959554528
      ],
      "p_two_sided_zero": 0.05448019452830688
    },
    {
      "label": "mu_aggregator",
      "layer": 0,
      "head": 6,
      "delta_point": 0.0001967437184678955,
      "delta_fisher_95": [
        -0.007411357739299351,
        0.005996240579703382
      ],
      "p_two_sided_zero": 0.9537646836101312
    }
  ]
}