{
  "model_short": "gemma2-2b",
  "split_strategy": "cell_seed_parity",
  "n_train": 2000,
  "n_test": 2000,
  "tags_derived_on_train": {
    "mu_aggregator": [
      [
        0,
        3
      ],
      [
        0,
        6
      ]
    ],
    "comparator": [
      [
        0,
        6
      ],
      [
        3,
        1
      ],
      [
        7,
        0
      ],
      [
        7,
        2
      ],
      [
        7,
        3
      ],
      [
        7,
        5
      ],
      [
        13,
        2
      ],
      [
        13,
        3
      ],
      [
        13,
        6
      ],
      [
        13,
        7
      ],
      [
        17,
        2
      ],
      [
        20,
        3
      ]
    ],
    "z_writer": [
      [
        10,
        1
      ],
      [
        10,
        4
      ],
      [
        17,
        3
      ],
      [
        25,
        4
      ],
      [
        25,
        7
      ]
    ]
  },
  "thresholds_train": {
    "thr_ctx": 0.030607659973204134,
    "thr_dla": 0.11134850200526024
  },
  "baseline_corr_z_test": 0.9719409604298567,
  "ablations": [
    {
      "tag": "mu_aggregator",
      "n_heads_ablated": 2,
      "heads": [
        [
          0,
          3
        ],
        [
          0,
          6
        ]
      ],
      "corr_z_after": 0.9724101912169004,
      "delta_corr_z_vs_baseline": 0.00046923078704375065
    },
    {
      "tag": "comparator",
      "n_heads_ablated": 12,
      "heads": [
        [
          0,
          6
        ],
        [
          3,
          1
        ],
        [
          7,
          0
        ],
        [
          7,
          2
        ],
        [
          7,
          3
        ],
        [
          7,
          5
        ],
        [
          13,
          2
        ],
        [
          13,
          3
        ],
        [
          13,
          6
        ],
        [
          13,
          7
        ],
        [
          17,
          2
        ],
        [
          20,
          3
        ]
      ],
      "corr_z_after": 0.9777790421658898,
      "delta_corr_z_vs_baseline": 0.005838081736033174
    },
    {
      "tag": "z_writer",
      "n_heads_ablated": 5,
      "heads": [
        [
          10,
          1
        ],
        [
          10,
          4
        ],
        [
          17,
          3
        ],
        [
          25,
          4
        ],
        [
          25,
          7
        ]
      ],
      "corr_z_after": 0.9676309864272417,
      "delta_corr_z_vs_baseline": -0.0043099740026150135
    },
    {
      "tag": "union",
      "n_heads_ablated": 18,
      "heads": [
        [
          0,
          3
        ],
        [
          0,
          6
        ],
        [
          3,
          1
        ],
        [
          7,
          0
        ],
        [
          7,
          2
        ],
        [
          7,
          3
        ],
        [
          7,
          5
        ],
        [
          10,
          1
        ],
        [
          10,
          4
        ],
        [
          13,
          2
        ],
        [
          13,
          3
        ],
        [
          13,
          6
        ],
        [
          13,
          7
        ],
        [
          17,
          2
        ],
        [
          17,
          3
        ],
        [
          20,
          3
        ],
        [
          25,
          4
        ],
        [
          25,
          7
        ]
      ],
      "corr_z_after": 0.9632585973213664,
      "delta_corr_z_vs_baseline": -0.008682363108490243
    }
  ]
}