{
  "model_short": "gemma2-2b",
  "pair": "wealth",
  "n_layers": 26,
  "n_prompts": 3980,
  "n_groups": 398,
  "naive_r2_per_layer": [
    0.7939874118137917,
    0.8699921443776436,
    0.9144260136612369,
    0.9287631927068192,
    0.9307923108602205,
    0.9539597941332872,
    0.9528473109400799,
    0.9701538071222486,
    0.9752884568130524,
    0.9830329354081235,
    0.9857035129945543,
    0.9885924529986551,
    0.9897834936063821,
    0.9897531918817106,
    0.989295453840202,
    0.9888155644159813,
    0.9880606951484417,
    0.9878189986946311,
    0.9869708332197566,
    0.9867586547723044,
    0.9855071864066919,
    0.9847858746078647,
    0.9842782905173719,
    0.9827544132232029,
    0.9804678067100562,
    0.9772952141799178
  ],
  "orth_r2_per_layer_FOLD_AWARE": [
    0.7939874118137917,
    0.07758423332922126,
    0.04427370038272305,
    0.016990889248192698,
    0.010043057674668066,
    0.022616013027840665,
    0.0008083770346685171,
    0.015417594571939697,
    0.0009808309348442457,
    0.002634147246370233,
    -0.004479794686503613,
    -0.004557337978278397,
    -0.008023155505034962,
    -0.008611037335917171,
    -0.007105699821648104,
    -0.008624296546960952,
    -0.008033962823880136,
    -0.0034574044536974657,
    -0.002729343057317868,
    -0.0015631647616176636,
    -0.0026789810592386942,
    -0.002061504564383476,
    -0.00023572556173512282,
    0.0007328607547680832,
    -0.001505432443685173,
    0.003946612705855945
  ],
  "fold_aware": true,
  "alpha_ridge": 1.0,
  "n_folds": 5
}