{
  "direction_used": "primal_z_clean (Grid B)",
  "alpha_range": 8,
  "pair_names": [
    "height",
    "age",
    "weight",
    "size",
    "speed",
    "wealth",
    "experience",
    "bmi_abs"
  ],
  "transfer_matrix_slope_per_alpha_unit": [
    [
      0.11354167759418488,
      0.0169270858168602,
      0.05859375,
      0.11848956346511841,
      0.04583333432674408,
      0.0677083283662796,
      0.028124988079071045,
      0.03736978769302368
    ],
    [
      0.05364583805203438,
      0.1236979067325592,
      0.08736978471279144,
      0.09010419249534607,
      0.0005208328366279602,
      0.058333322405815125,
      0.07174479961395264,
      0.05039063096046448
    ],
    [
      0.06953124701976776,
      0.04999999701976776,
      0.13632811605930328,
      0.13046875596046448,
      0.01614583283662796,
      0.05520832538604736,
      0.03919270634651184,
      0.12656250596046448
    ],
    [
      0.0755208358168602,
      0.02005208283662796,
      0.05130209028720856,
      0.12669271230697632,
      0.03203125298023224,
      0.039322927594184875,
      0.03098958730697632,
      0.048177093267440796
    ],
    [
      0.04713541269302368,
      -0.0023437440395355225,
      0.010156244039535522,
      0.07187500596046448,
      0.12161457538604736,
      0.057031258940696716,
      0.0625,
      0.02174478769302368
    ],
    [
      0.06145833805203438,
      0.022135421633720398,
      0.0546875,
      0.07421875,
      0.05572916567325592,
      0.12291665375232697,
      0.06914061307907104,
      0.024088561534881592
    ],
    [
      0.02812500298023224,
      0.06953124701976776,
      0.03763020038604736,
      0.04921874403953552,
      0.020833328366279602,
      0.054947927594184875,
      0.10468751192092896,
      0.03177082538604736
    ],
    [
      0.02786458283662796,
      0.05833333730697632,
      0.11966146528720856,
      0.09843748807907104,
      0.012499995529651642,
      0.028645828366279602,
      0.016666650772094727,
      0.15989583730697632
    ]
  ],
  "random_null_slopes_per_pair_per_seed": [
    [
      0.00026041269302368164,
      -0.00937499850988388,
      -0.0036458373069763184
    ],
    [
      0.007031247019767761,
      -0.0031249970197677612,
      0.0169270858168602
    ],
    [
      0.005208328366279602,
      0.00677083432674408,
      0.014062508940696716
    ],
    [
      -0.013020843267440796,
      -0.01770833134651184,
      0.021093755960464478
    ],
    [
      0.00963541865348816,
      0.0338541641831398,
      0.0018229112029075623
    ],
    [
      0.0015625059604644775,
      0.015625,
      0.011197909712791443
    ],
    [
      0.002604156732559204,
      0.019140630960464478,
      -0.0009114444255828857
    ],
    [
      0.001171886920928955,
      -0.0018229186534881592,
      0.005078107118606567
    ]
  ],
  "summary": {
    "diagonal_mean_abs": 0.1261718738824129,
    "offdiag_mean_abs": 0.051037016191652844,
    "random_null_mean_abs": 0.009277343129118284,
    "transfer_ratio": 0.40450390900286765,
    "signal_to_null_ratio": 5.501253481879503
  }
}