{
  "model_short": "gemma2-2b",
  "pair": "bmi_abs",
  "n_layers": 26,
  "n_prompts": 3990,
  "n_groups": 399,
  "naive_r2_per_layer": [
    0.4853923677791898,
    0.7237987150262404,
    0.8464736056667109,
    0.8876670310520659,
    0.9471075315688164,
    0.9606084063327357,
    0.9591567415490196,
    0.9816499308840859,
    0.9827216063038154,
    0.9863844037120778,
    0.9880230685161728,
    0.9904583833901421,
    0.9909863804761696,
    0.9925273328640983,
    0.991982760252756,
    0.9916419648307351,
    0.9914113097235197,
    0.9909555720707801,
    0.9907752331323344,
    0.9904455413621633,
    0.9901210092190734,
    0.9883849798672137,
    0.9868265671428058,
    0.9863951840374469,
    0.9848815143784345,
    0.9828253373836102
  ],
  "orth_r2_per_layer_FOLD_AWARE": [
    0.4853923677791898,
    0.25595339080621904,
    0.11733518376763796,
    0.04985229866386909,
    0.05350627279748277,
    0.014462170009505226,
    0.0007626473960148372,
    0.02246230969262286,
    -0.0020928823118890882,
    -0.0011543159529108227,
    -0.006168527552817604,
    -0.008489257526667071,
    -0.011824966038362694,
    -0.012248685055479047,
    -0.0157569067545531,
    -0.012896272459308245,
    -0.012069671851721697,
    -0.007910146562900566,
    -0.007196210080905319,
    -0.0037265153379766325,
    -0.002573898158733545,
    -0.006716075700867297,
    -0.0027861858729696376,
    0.00014233666561780378,
    0.005978151237625684,
    -7.980054523093472e-05
  ],
  "fold_aware": true,
  "alpha_ridge": 1.0,
  "n_folds": 5
}