{
  "model_short": "gemma2-9b",
  "pair": "experience",
  "n_layers": 42,
  "n_prompts": 3510,
  "n_groups": 351,
  "naive_r2_per_layer": [
    0.7923269225346433,
    0.8330188417603224,
    0.8507702115968265,
    0.9337655679503041,
    0.963274366495947,
    0.9611696197342924,
    0.9785802701491577,
    0.9771630766454926,
    0.9839269268275908,
    0.9882908561686452,
    0.9914668387413634,
    0.9932262550938752,
    0.9941644901274627,
    0.9949673373978949,
    0.9963155907397288,
    0.9970391196723901,
    0.9971967739572156,
    0.9978495050766153,
    0.9980593653452567,
    0.9979320348801628,
    0.997577325418112,
    0.9975568852381147,
    0.9972755228085772,
    0.9970008581950431,
    0.9968876634890604,
    0.996372216539871,
    0.9962228098186845,
    0.9962533897333906,
    0.9961777149424611,
    0.9960218481896982,
    0.9958144227216481,
    0.9957077613099465,
    0.995538788844366,
    0.9952318839444327,
    0.9949253486894706,
    0.9945128028502728,
    0.9945305955033811,
    0.9945200802544506,
    0.9939809241355507,
    0.9930639544306465,
    0.9922581041391604,
    0.9915418844134922
  ],
  "orth_r2_per_layer_FOLD_AWARE": [
    0.7923269225346433,
    0.06071976021631942,
    0.047610400844518175,
    0.06911243764768882,
    0.026044702576240142,
    0.006994152549765542,
    0.012718984279266876,
    0.0006124319009080947,
    0.006249035589062424,
    0.0029337826138661205,
    0.0004028262763479118,
    -0.0018231725152861866,
    -0.003327285778567557,
    -0.0037036912030452562,
    -0.002671121307678659,
    -0.002316025065266958,
    -0.002512543575480919,
    -0.0017629965036325412,
    -0.0024521387549629736,
    -0.002360503162418759,
    -0.003172905291879413,
    -0.0037819932060592087,
    -0.00572529085806095,
    -0.006086412858879786,
    -0.004660179436508427,
    -0.004513912325168956,
    -0.0038866637211008026,
    -0.0033980337397736537,
    -0.0033523763603970913,
    -0.0027174909008256254,
    -0.002538379013293124,
    -0.002632277242403669,
    -0.002136304994108995,
    -0.0016118096274646554,
    8.184827084856128e-05,
    0.0005592538820610171,
    -6.64485261709924e-05,
    0.00019725383470892144,
    -0.0011164694902214833,
    -0.0031089360832898816,
    -0.002483987466608939,
    0.0020167685727473517
  ],
  "fold_aware": true,
  "alpha_ridge": 1.0,
  "n_folds": 5
}