{
  "model_short": "gemma2-2b",
  "pair": "speed",
  "n_layers": 26,
  "n_prompts": 3650,
  "n_groups": 365,
  "naive_r2_per_layer": [
    0.530786584118313,
    0.6599735043863066,
    0.772783846656333,
    0.8809834260755822,
    0.938063072346168,
    0.9596155975748817,
    0.958827478515055,
    0.9822024298696708,
    0.9865788539728048,
    0.9900152438791082,
    0.9901944613198831,
    0.9918033017947,
    0.9928690990833137,
    0.9929992964301135,
    0.9927715976141293,
    0.9924815326031652,
    0.9928409237237465,
    0.9926080509416892,
    0.992169377787877,
    0.9915830593688464,
    0.9914008081173965,
    0.9905464976011611,
    0.9899106397580828,
    0.9891755362861344,
    0.9877079755125107,
    0.9852297895874474
  ],
  "orth_r2_per_layer_FOLD_AWARE": [
    0.530786584118313,
    0.14592948829227803,
    0.1267081533868586,
    0.10517133109843602,
    0.050747878666673074,
    0.01991605586661782,
    0.0009266427498975105,
    0.021679035189721585,
    0.0017586837900016583,
    -0.0004268359405474875,
    -0.004243330441794146,
    -0.0025258406051447135,
    -0.0041895541820689,
    -0.005405509582034673,
    -0.004252875194240113,
    -0.0045901111700157315,
    -0.003212134317724269,
    -0.002901983414665077,
    -0.002549473776370048,
    -0.0005350844801790267,
    -0.0025971736504226683,
    -0.0006553762548060504,
    0.002677284501998778,
    0.000907807816564743,
    0.00024386094142125891,
    0.0025854470915399608
  ],
  "fold_aware": true,
  "alpha_ridge": 1.0,
  "n_folds": 5
}