{
  "model_short": "gemma2-2b",
  "pair": "age",
  "n_layers": 26,
  "n_prompts": 3900,
  "n_groups": 390,
  "naive_r2_per_layer": [
    0.43274736360168087,
    0.645376593620988,
    0.7657175967165186,
    0.8708372361380413,
    0.9222195520474781,
    0.9652451654381363,
    0.9719419706058655,
    0.9892175631066501,
    0.9918129684210137,
    0.9939319780896249,
    0.9939717918470764,
    0.9946077764860533,
    0.9940449568632647,
    0.9940534678061423,
    0.9935796044103787,
    0.9931919460248353,
    0.9940466150119195,
    0.994411456909508,
    0.994283715543174,
    0.9940681508193379,
    0.9933640697500445,
    0.9926294817842666,
    0.9918090013057519,
    0.9913741227695103,
    0.9906707876498926,
    0.9890120822530403
  ],
  "orth_r2_per_layer_FOLD_AWARE": [
    0.43274736360168087,
    0.21083720997055766,
    0.12802322292777768,
    0.0859671576680987,
    0.04758125223050891,
    0.039472817734615195,
    0.007342629476586593,
    0.016488268873550926,
    -0.0011377387936410965,
    -0.003778441267612065,
    -0.005973708163047764,
    -0.0063884682395898285,
    -0.009622820815651245,
    -0.00745060154495536,
    -0.006799623277160327,
    -0.006642031456510766,
    -0.0030671969695839074,
    -0.0061761985505741634,
    -0.005333984437556172,
    -0.0051985876591098545,
    -0.006911161081103678,
    -0.003957422056933391,
    -0.003499131306782477,
    -0.0013750006264685588,
    -0.0007460669172758561,
    -0.0001556633625270365
  ],
  "fold_aware": true,
  "alpha_ridge": 1.0,
  "n_folds": 5
}