{
  "model_short": "gemma2-9b",
  "pair": "height",
  "n_layers": 42,
  "naive_r2_per_layer": [
    0.6529588499514954,
    0.8181012707947657,
    0.8355475094815544,
    0.9266818261707166,
    0.9533976102881805,
    0.9528772077354867,
    0.9732028743093072,
    0.971910338875748,
    0.983247099117709,
    0.9872448996778105,
    0.9900194954257464,
    0.9931515424030292,
    0.9943820712480961,
    0.995031581105731,
    0.9964649598842373,
    0.996983715976645,
    0.9972927442444665,
    0.9976365228718229,
    0.997705676531543,
    0.9975968596502965,
    0.9976115337151337,
    0.9973536837431309,
    0.9970479840634379,
    0.99689140265318,
    0.996694125702354,
    0.9963888778340809,
    0.9965315153974124,
    0.9962037443637978,
    0.9961943721584408,
    0.9960948345773071,
    0.9957287634785394,
    0.9955217928144304,
    0.995154512465833,
    0.9951461397721163,
    0.994876338717341,
    0.994561801319168,
    0.9948366018177277,
    0.9946501608698627,
    0.9944495670426964,
    0.9936519475335754,
    0.9929222044616659,
    0.9921898413976802
  ],
  "orth_r2_per_layer": [
    0.6529588499514954,
    0.07543366336768198,
    -0.02460533482055638,
    -0.027890255568681965,
    -0.11126059772746766,
    -0.14866616332852378,
    -0.20594887308349463,
    -0.2641113729859845,
    -0.3493968014387101,
    -0.4085876110666786,
    -0.5038513703692555,
    -0.6146931870059573,
    -0.7751391295412844,
    -0.9181340306346921,
    -1.134821637942672,
    -1.647537616487833,
    -2.7062205285098515,
    -3.717186228316555,
    -6.278277441556927,
    -6.8488297249832115,
    -8.39763353509914,
    -10.324257760571532,
    -10.209522850841747,
    -11.92550635288936,
    -10.652371010170205,
    -12.609323163944483,
    -14.269827851407126,
    -11.297684701955305,
    -11.076042171041744,
    -10.568585926290893,
    -10.393782967927384,
    -10.230916333567869,
    -10.359512881091241,
    -10.776734269553595,
    -11.03070655273568,
    -11.700377556335308,
    -12.787848406813312,
    -13.563416239412103,
    -14.962872442397904,
    -17.339128506843576,
    -18.305828889954903,
    -19.97363659988421
  ],
  "alpha_ridge": 1.0,
  "n_folds": 5,
  "n_groups": 400
}