{
  "model_short": "gemma2-9b",
  "pair": "height",
  "late_layer": 33,
  "pca_r2": {
    "PC1_vs_z": 0.9275942893450995,
    "PC1_vs_x": 0.009789787154244629,
    "PC2_vs_z": 0.002925379316419174,
    "PC2_vs_x": 0.019438041438842344,
    "PC2_vs_z2": 0.6708709117474311,
    "PC3_vs_z": 0.01882916859422696,
    "PC3_vs_x": 0.009781417689664252,
    "explained_variance_ratio": [
      0.488133746855644,
      0.2423751554840554,
      0.10295816419949971
    ]
  },
  "cos_pc1_primal_per_layer": [
    -0.02940924327869232,
    0.9978761158997667,
    0.9977235634722463,
    0.9914863327845924,
    0.9932949900076079,
    0.9936184308961606,
    -0.9603899079574405,
    -0.9686891882225573,
    -0.278714181936491,
    -0.9352180631010932,
    -0.9565537657120158,
    -0.9609186732551138,
    -0.9603123821930354,
    -0.9572989394130832,
    0.09033579793276707,
    -0.16358359633210318,
    -0.04481915033213766,
    -0.7854322786661405,
    0.8475445441312693,
    -0.9436863260902961,
    0.993313907334692,
    0.9876970838578899,
    0.9550057032543908,
    0.9761714586808535,
    0.9754188142356092,
    0.9783494316330834,
    0.9877540593815611,
    0.9914547699760277,
    0.9876006128535147,
    0.991568159029674,
    0.9916198995377764,
    0.9929710325995151,
    0.995478215046429,
    0.9964697869921944,
    0.9964877057170788,
    0.9980668135366119,
    0.9979962414565214,
    0.9980118787121639,
    0.998344934763299,
    0.9976144912828925,
    0.996783017386491,
    0.9951816903667607
  ]
}