{
  "cosine_matrix": {
    "rows": [
      "height",
      "age",
      "weight",
      "size",
      "speed",
      "wealth",
      "experience",
      "bmi_abs"
    ],
    "matrix": [
      [
        1.0000001192092896,
        0.38612818717956543,
        -0.5702113509178162,
        -0.21767768263816833,
        -0.3725453317165375,
        0.48535817861557007,
        0.28149640560150146,
        0.36208635568618774
      ],
      [
        0.38612818717956543,
        1.0,
        -0.42838138341903687,
        -0.0831969603896141,
        -0.0786779597401619,
        0.31704461574554443,
        0.47239139676094055,
        0.4058381915092468
      ],
      [
        -0.5702113509178162,
        -0.42838138341903687,
        1.0,
        0.26610374450683594,
        0.2752881348133087,
        -0.43622881174087524,
        -0.2514205873012543,
        -0.7018542289733887
      ],
      [
        -0.21767768263816833,
        -0.0831969603896141,
        0.26610374450683594,
        1.000000238418579,
        0.274936318397522,
        -0.20304495096206665,
        -0.27412134408950806,
        -0.14493615925312042
      ],
      [
        -0.3725453317165375,
        -0.0786779597401619,
        0.2752881348133087,
        0.274936318397522,
        1.000000238418579,
        -0.47397780418395996,
        -0.24572479724884033,
        -0.1545749008655548
      ],
      [
        0.48535817861557007,
        0.31704461574554443,
        -0.43622881174087524,
        -0.20304495096206665,
        -0.47397780418395996,
        1.0000001192092896,
        0.3661412000656128,
        0.2918236255645752
      ],
      [
        0.28149640560150146,
        0.47239139676094055,
        -0.2514205873012543,
        -0.27412134408950806,
        -0.24572479724884033,
        0.3661412000656128,
        1.000000238418579,
        0.15819862484931946
      ],
      [
        0.36208635568618774,
        0.4058381915092468,
        -0.7018542289733887,
        -0.14493615925312042,
        -0.1545749008655548,
        0.2918236255645752,
        0.15819862484931946,
        1.0000001192092896
      ]
    ],
    "abs_mean_offdiag": 0.32069316506385803
  },
  "per_pair": {
    "height": {
      "n_cells": 25,
      "pcs": {
        "PC1": {
          "var_pct": 52.50931930541992,
          "R2_vs_x": 0.31916148882692486,
          "R2_vs_mu": 0.5395374333152982,
          "R2_vs_z": 0.8573156505987972,
          "R2_vs_z2": 0.06707941799143047,
          "R2_vs_x_mu": 0.8586989221422232
        },
        "PC2": {
          "var_pct": 35.28838348388672,
          "R2_vs_x": 0.0420415947351106,
          "R2_vs_mu": 0.03909245203966927,
          "R2_vs_z": 0.07829718078016246,
          "R2_vs_z2": 0.7888719397307481,
          "R2_vs_x_mu": 0.08113404677477998
        },
        "PC3": {
          "var_pct": 5.5660176277160645,
          "R2_vs_x": 0.4926620241485862,
          "R2_vs_mu": 0.38829691640190533,
          "R2_vs_z": 0.010721751531565626,
          "R2_vs_z2": 0.0010090823755662948,
          "R2_vs_x_mu": 0.8809589405504914
        },
        "PC4": {
          "var_pct": 2.4418649673461914,
          "R2_vs_x": 0.08462014392762118,
          "R2_vs_mu": 0.0016153641696170506,
          "R2_vs_z": 0.01826072475152063,
          "R2_vs_z2": 0.0652933633639311,
          "R2_vs_x_mu": 0.08623550809723834
        },
        "PC5": {
          "var_pct": 1.5747884511947632,
          "R2_vs_x": 0.013011815990423559,
          "R2_vs_mu": 0.006503581412552473,
          "R2_vs_z": 1.386933901059706e-10,
          "R2_vs_z2": 0.01779784209265356,
          "R2_vs_x_mu": 0.01951539740297592
        }
      }
    },
    "age": {
      "n_cells": 25,
      "pcs": {
        "PC1": {
          "var_pct": 49.49260711669922,
          "R2_vs_x": 0.7542895359323092,
          "R2_vs_mu": 0.080667948266819,
          "R2_vs_z": 0.7623134336507056,
          "R2_vs_z2": 0.0765006803875955,
          "R2_vs_x_mu": 0.8349574841991281
        },
        "PC2": {
          "var_pct": 28.230010986328125,
          "R2_vs_x": 0.0667937774325138,
          "R2_vs_mu": 0.05752547095978977,
          "R2_vs_z": 0.12214590632852118,
          "R2_vs_z2": 0.6153399736025358,
          "R2_vs_x_mu": 0.12431924839230357
        },
        "PC3": {
          "var_pct": 11.27883529663086,
          "R2_vs_x": 0.13612343737257482,
          "R2_vs_mu": 0.7574604006534515,
          "R2_vs_z": 0.040495512768773834,
          "R2_vs_z2": 0.0028872856548615156,
          "R2_vs_x_mu": 0.8935838380260261
        },
        "PC4": {
          "var_pct": 4.5712103843688965,
          "R2_vs_x": 0.007811758565716698,
          "R2_vs_mu": 0.012709574209592178,
          "R2_vs_z": 5.008063941480678e-05,
          "R2_vs_z2": 0.004166244185565882,
          "R2_vs_x_mu": 0.020521332775308765
        },
        "PC5": {
          "var_pct": 2.4335696697235107,
          "R2_vs_x": 0.003027395826228463,
          "R2_vs_mu": 0.039688619828020855,
          "R2_vs_z": 0.004913259294965888,
          "R2_vs_z2": 0.13025916009748673,
          "R2_vs_x_mu": 0.04271601565424954
        }
      }
    },
    "weight": {
      "n_cells": 25,
      "pcs": {
        "PC1": {
          "var_pct": 54.575721740722656,
          "R2_vs_x": 0.5968667740651485,
          "R2_vs_mu": 0.31558263702487543,
          "R2_vs_z": 0.9086788409557618,
          "R2_vs_z2": 0.0063577358084693225,
          "R2_vs_x_mu": 0.912449411090024
        },
        "PC2": {
          "var_pct": 35.771812438964844,
          "R2_vs_x": 0.0048299404842870874,
          "R2_vs_mu": 0.0017118409192352635,
          "R2_vs_z": 0.006383756637549642,
          "R2_vs_z2": 0.7653205032498167,
          "R2_vs_x_mu": 0.006541781403522351
        },
        "PC3": {
          "var_pct": 3.8418006896972656,
          "R2_vs_x": 0.12145624724131732,
          "R2_vs_mu": 0.07566032090689556,
          "R2_vs_z": 0.00853343793323813,
          "R2_vs_z2": 0.0754229465221451,
          "R2_vs_x_mu": 0.19711656814821277
        },
        "PC4": {
          "var_pct": 2.232797145843506,
          "R2_vs_x": 0.19086298451147243,
          "R2_vs_mu": 0.15947362159805922,
          "R2_vs_z": 0.006555315050110866,
          "R2_vs_z2": 0.07879174152579915,
          "R2_vs_x_mu": 0.35033660610953166
        },
        "PC5": {
          "var_pct": 1.0133447647094727,
          "R2_vs_x": 0.0034894006724308646,
          "R2_vs_mu": 0.0014329612772819855,
          "R2_vs_z": 0.004848102800604326,
          "R2_vs_z2": 0.037307163561427936,
          "R2_vs_x_mu": 0.004922361949713072
        }
      }
    },
    "size": {
      "n_cells": 25,
      "pcs": {
        "PC1": {
          "var_pct": 62.43294906616211,
          "R2_vs_x": 0.012412310494763656,
          "R2_vs_mu": 0.7338518100767624,
          "R2_vs_z": 0.3905570324821931,
          "R2_vs_z2": 0.03586527487681501,
          "R2_vs_x_mu": 0.7462641205715261
        },
        "PC2": {
          "var_pct": 21.761474609375,
          "R2_vs_x": 0.7991775138567131,
          "R2_vs_mu": 7.122250835400745e-05,
          "R2_vs_z": 0.4910484518065471,
          "R2_vs_z2": 0.04848104117582597,
          "R2_vs_x_mu": 0.7992487363650671
        },
        "PC3": {
          "var_pct": 9.224387168884277,
          "R2_vs_x": 0.11082667213408326,
          "R2_vs_mu": 0.08268619547821399,
          "R2_vs_z": 0.006130192517900035,
          "R2_vs_z2": 0.6176767786345975,
          "R2_vs_x_mu": 0.19351286761229713
        },
        "PC4": {
          "var_pct": 2.670236825942993,
          "R2_vs_x": 0.00848524466074363,
          "R2_vs_mu": 0.09915186662625786,
          "R2_vs_z": 0.01592577592861577,
          "R2_vs_z2": 0.009506648087160174,
          "R2_vs_x_mu": 0.10763711128700171
        },
        "PC5": {
          "var_pct": 1.1927958726882935,
          "R2_vs_x": 0.00015156553854311916,
          "R2_vs_mu": 0.0001450367320904311,