{
  "height": {
    "var_PC1_pct": 52.50933074951172,
    "var_PC2_pct": 35.28838348388672,
    "var_PC3_pct": 5.5660247802734375,
    "R2_PC2_vs_z2": 0.8671691074749974,
    "quad_coef_z2": -2.407427600164454,
    "quad_coef_z": -1.5073788126309715,
    "n_cells": 25
  },
  "age": {
    "var_PC1_pct": 49.49258041381836,
    "var_PC2_pct": 28.230010986328125,
    "var_PC3_pct": 11.278829574584961,
    "R2_PC2_vs_z2": 0.7374860005404631,
    "quad_coef_z2": 0.5285906695489642,
    "quad_coef_z": 0.9361174890895683,
    "n_cells": 25
  },
  "weight": {
    "var_PC1_pct": 54.575748443603516,
    "var_PC2_pct": 35.77180862426758,
    "var_PC3_pct": 3.8418006896972656,
    "R2_PC2_vs_z2": 0.7717044924792139,
    "quad_coef_z2": -1.0062947701541118,
    "quad_coef_z": 0.3008995507687935,
    "n_cells": 25
  },
  "size": {
    "var_PC1_pct": 62.43294906616211,
    "var_PC2_pct": 21.761474609375,
    "var_PC3_pct": 9.22437858581543,
    "R2_PC2_vs_z2": 0.5335070219166131,
    "quad_coef_z2": 0.09189115997736859,
    "quad_coef_z": -1.515706206166119,
    "n_cells": 25
  },
  "speed": {
    "var_PC1_pct": 58.81687927246094,
    "var_PC2_pct": 25.95410919189453,
    "var_PC3_pct": 6.60068416595459,
    "R2_PC2_vs_z2": 0.5690036683766472,
    "quad_coef_z2": -0.3837808463152324,
    "quad_coef_z": -0.03061494550259969,
    "n_cells": 25
  },
  "wealth": {
    "var_PC1_pct": 53.92737579345703,
    "var_PC2_pct": 21.568349838256836,
    "var_PC3_pct": 15.235149383544922,
    "R2_PC2_vs_z2": 0.731749654072712,
    "quad_coef_z2": 0.8239144649651899,
    "quad_coef_z": 0.8436908820050797,
    "n_cells": 25
  },
  "experience": {
    "var_PC1_pct": 58.63873291015625,
    "var_PC2_pct": 27.062335968017578,
    "var_PC3_pct": 10.043458938598633,
    "R2_PC2_vs_z2": 0.07878150764439418,
    "quad_coef_z2": -0.24438967808693138,
    "quad_coef_z": 0.6407605814325821,
    "n_cells": 25
  },
  "bmi_abs": {
    "var_PC1_pct": 61.682498931884766,
    "var_PC2_pct": 25.635074615478516,
    "var_PC3_pct": 4.976396560668945,
    "R2_PC2_vs_z2": 0.5845659964282013,
    "quad_coef_z2": 0.9905392832606957,
    "quad_coef_z": 0.7250999823371833,
    "n_cells": 25
  }
}