{
  "model_short": "gemma2-2b",
  "pair": "weight",
  "n_layers": 26,
  "n_prompts": 4000,
  "n_groups": 400,
  "naive_r2_per_layer": [
    0.5123934085585673,
    0.6462257262922787,
    0.8617617802737222,
    0.9212380287860156,
    0.9521741834197761,
    0.9693151994209251,
    0.9719417974545319,
    0.9898804934821693,
    0.9922181136184042,
    0.9935649078293087,
    0.9941363351583946,
    0.9947735428956135,
    0.9947146237792571,
    0.9947061367465828,
    0.993981440673984,
    0.9938488647227857,
    0.9942673550729602,
    0.9943229496290339,
    0.9938582647986611,
    0.9934718251522918,
    0.9930322710388664,
    0.9920661362234577,
    0.9920282032073431,
    0.9915489217620336,
    0.9904275177146261,
    0.9900316172552664
  ],
  "orth_r2_per_layer_FOLD_AWARE": [
    0.5123934085585673,
    0.14567564952350542,
    0.22555082394969628,
    0.06379899154502766,
    0.030129319587518966,
    0.01810225046315328,
    0.003911043171259121,
    0.01756349466192053,
    -0.0031270631713180563,
    -0.007389644064379697,
    -0.011426149826146315,
    -0.00862581065744994,
    -0.01024724461741422,
    -0.00991993183965012,
    -0.011033704693930613,
    -0.010993185477995437,
    -0.00876061535502859,
    -0.008227766712334716,
    -0.0077819690709381995,
    -0.0065385879259975965,
    -0.0064511822166948285,
    -0.003984470141242591,
    -0.0015332361467936817,
    -0.002869643906589836,
    -0.005407012482343543,
    -0.0003585288905121331
  ],
  "fold_aware": true,
  "alpha_ridge": 1.0,
  "n_folds": 5
}