{
  "model_short": "gemma2-2b",
  "pair": "age",
  "n_layers": 26,
  "naive_r2_per_layer": [
    0.43274736360168087,
    0.645376593620988,
    0.7657175967165186,
    0.8708372361380413,
    0.9222195520474781,
    0.9652451654381363,
    0.9719419706058655,
    0.9892175631066501,
    0.9918129684210137,
    0.9939319780896249,
    0.9939717918470764,
    0.9946077764860533,
    0.9940449568632647,
    0.9940534678061423,
    0.9935796044103787,
    0.9931919460248353,
    0.9940466150119195,
    0.994411456909508,
    0.994283715543174,
    0.9940681508193379,
    0.9933640697500445,
    0.9926294817842666,
    0.9918090013057519,
    0.9913741227695103,
    0.9906707876498926,
    0.9890120822530403
  ],
  "orth_r2_per_layer": [
    0.43274736360168087,
    0.1360729387243943,
    0.024218691623892452,
    -0.05407777492078658,
    -0.1302839274891956,
    -0.21807427148973924,
    -0.251996514853857,
    -0.4188827769558734,
    -0.5822685021555156,
    -0.9675937703680699,
    -1.323594236220743,
    -1.8591836818865333,
    -2.1724992029110908,
    -3.443900575794184,
    -3.6968301484400667,
    -3.4692340916844184,
    -4.451505683347136,
    -4.003765856495175,
    -4.150630714189181,
    -4.3060415672541765,
    -4.515997958353624,
    -4.915600495627713,
    -5.360890548865772,
    -5.8973540532635225,
    -6.230861794189801,
    -6.904124289494082
  ],
  "alpha_ridge": 1.0,
  "n_folds": 5,
  "n_groups": 390
}