{
  "model_short": "gemma2-2b",
  "pair": "age",
  "late_layer": 20,
  "pca_r2": {
    "PC1_vs_z": 0.2086690114035415,
    "PC1_vs_x": 0.4179619175542809,
    "PC2_vs_z": 0.6258766234440309,
    "PC2_vs_x": 0.33674886219396566,
    "PC2_vs_z2": 1.5944628483397037e-05,
    "PC3_vs_z": 0.08107147153217137,
    "PC3_vs_x": 0.14950066206901977,
    "explained_variance_ratio": [
      0.43275366654810293,
      0.17718414520961384,
      0.14331369753849535
    ]
  },
  "cos_pc1_primal_per_layer": [
    0.04754535090840607,
    -0.8509499044232695,
    -0.8680079155070461,
    -0.5383726802012012,
    -0.13262143766972787,
    0.11520043420749844,
    0.08426733929307026,
    -0.4161624070741522,
    -0.5149624931140605,
    -0.4930447045879649,
    -0.47398078952974454,
    -0.4447173020348948,
    -0.5130335621504353,
    -0.5083790731058719,
    -0.6081271518572244,
    -0.6937795165313639,
    0.6966086964670084,
    0.7167467707551708,
    0.6465144311856122,
    0.6563657755383484,
    0.6570436394146899,
    0.6560122240255134,
    -0.6601234768826936,
    -0.6605943978247169,
    0.6639222341994988,
    0.6881324470134328
  ]
}