{
  "height": {
    "R_observed": 0.8537426315204087,
    "slope_x": 0.07492500000000012,
    "slope_mu": -0.06396666666666673,
    "bootstrap": {
      "R_mean": 0.8543767382087617,
      "R_q025": 0.8293371543597644,
      "R_q975": 0.8831563356944082,
      "R_std": 0.01382379004480897,
      "n_valid": 1000
    },
    "simulation_noise01": {
      "pure_z": 0.9993202145336005,
      "pure_x": 0.002123026556516843,
      "pure_mu": -90.70313122857782,
      "half_x_half_z": 0.41566917629296896
    }
  },
  "age": {
    "R_observed": 1.0247260882440044,
    "slope_x": 0.11256666666666648,
    "slope_mu": -0.1153499999999999,
    "bootstrap": {
      "R_mean": 1.0252776615832837,
      "R_q025": 1.003373734072527,
      "R_q975": 1.0481905476358728,
      "R_std": 0.011077995261142424,
      "n_valid": 1000
    },
    "simulation_noise01": {
      "pure_z": 0.998557380538289,
      "pure_x": -0.0004582771211029012,
      "pure_mu": 44.83646587187979,
      "half_x_half_z": 0.666426155161308
    }
  },
  "weight": {
    "R_observed": 0.9158539231612842,
    "slope_x": 0.12249497126436783,
    "slope_mu": -0.11218750000000005,
    "bootstrap": {
      "R_mean": 0.9156917541746747,
      "R_q025": 0.898317356376789,
      "R_q975": 0.9323884928625187,
      "R_std": 0.008906037676586775,
      "n_valid": 1000
    },
    "simulation_noise01": {
      "pure_z": 0.9970385222613113,
      "pure_x": -0.0010857020279517258,
      "pure_mu": -380.41303072272206,
      "half_x_half_z": 0.6032171465353511
    }
  },
  "size": {
    "R_observed": 0.9247765383666211,
    "slope_x": 0.14792839506172845,
    "slope_mu": -0.1368007091113152,
    "bootstrap": {
      "R_mean": 0.9251001987850598,
      "R_q025": 0.9132361471270042,
      "R_q975": 0.9377269260829972,
      "R_std": 0.006157140239167399,
      "n_valid": 1000
    },
    "simulation_noise01": {
      "pure_z": 0.997504217004067,
      "pure_x": 0.002853030587812581,
      "pure_mu": -528.2238693454065,
      "half_x_half_z": 0.6874017684212992
    }
  },
  "speed": {
    "R_observed": 0.7691327856752153,
    "slope_x": 0.0415722485315122,
    "slope_mu": -0.03197457931982436,
    "bootstrap": {
      "R_mean": 0.7691244491784167,
      "R_q025": 0.7547055530188836,
      "R_q975": 0.7834953991039223,
      "R_std": 0.007425327101437094,
      "n_valid": 1000
    },
    "simulation_noise01": {
      "pure_z": 0.996774215549652,
      "pure_x": 4.937700054035609e-05,
      "pure_mu": 170.83474565263495,
      "half_x_half_z": 0.6838842527374972
    }
  },
  "wealth": {
    "R_observed": 0.7722673414630737,
    "slope_x": 1.4658585802763735,
    "slope_mu": -1.1320347087508706,
    "bootstrap": {
      "R_mean": 0.7720510839664397,
      "R_q025": 0.7454411290023026,
      "R_q975": 0.7993119866592578,
      "R_std": 0.013918002593860052,
      "n_valid": 1000
    },
    "simulation_noise01": {
      "pure_z": 1.0029846860476024,
      "pure_x": -0.0044889474516999865,
      "pure_mu": 16.34784047212976,
      "half_x_half_z": 0.5697267746869228
    }
  },
  "experience": {
    "R_observed": 0.8615543051737445,
    "slope_x": 0.421776886707722,
    "slope_mu": -0.3633836925658166,
    "bootstrap": {
      "R_mean": 0.8612378296345892,
      "R_q025": 0.8434502963247031,
      "R_q975": 0.880750047506557,
      "R_std": 0.009738578536159845,
      "n_valid": 1000
    },
    "simulation_noise01": {
      "pure_z": 1.0012958331683546,
      "pure_x": -0.0018726897619561372,
      "pure_mu": 76.54677827853605,
      "half_x_half_z": 0.6062775753485778
    }
  },
  "bmi_abs": {
    "R_observed": 0.8274176626728446,
    "slope_x": 0.2596431560807476,
    "slope_mu": -0.21483333333333277,
    "bootstrap": {
      "R_mean": 0.8276480707815361,
      "R_q025": 0.8131392122537195,
      "R_q975": 0.8420448769491653,
      "R_std": 0.0073328817610425305,
      "n_valid": 1000
    },
    "simulation_noise01": {
      "pure_z": 0.9985847903929123,
      "pure_x": -0.006955411924100241,
      "pure_mu": -228.58259845531467,
      "half_x_half_z": 0.6331192528096077
    }
  }
}