{
  "model": "google/gemma-2-2b",
  "layer": 25,
  "alphas": [
    -2.0,
    -1.0,
    0.0,
    1.0,
    2.0
  ],
  "lambdas": [
    1e-05,
    0.001,
    0.1,
    1.0,
    10.0
  ],
  "eigen_diagnostics": {
    "eig_min": 3.378477096557617,
    "eig_10pct": 144.10401916503906,
    "eig_50pct": 241.56702423095703,
    "eig_90pct": 428.3552185058595,
    "eig_max": 167834.4375,
    "eigvals_first_20": [
      3.378477096557617,
      4.217040538787842,
      5.142561912536621,
      5.781924247741699,
      6.458380699157715,
      7.937643527984619,
      9.59753131866455,
      9.844243049621582,
      10.970909118652344,
      11.312685012817383,
      12.100231170654297,
      12.481851577758789,
      13.290905952453613,
      15.614062309265137,
      15.770668983459473,
      17.29492950439453,
      17.971200942993164,
      18.155622482299805,
      19.304109573364258,
      20.9471378326416
    ],
    "eigvals_last_20": [
      1057.75390625,
      1100.3572998046875,
      1119.630126953125,
      1156.5399169921875,
      1245.1378173828125,
      1261.0108642578125,
      1432.03564453125,
      1509.6063232421875,
      1520.9031982421875,
      1726.6737060546875,
      1967.036376953125,
      2079.91943359375,
      2543.232666015625,
      2885.740478515625,
      3148.8896484375,
      3767.826171875,
      5552.33154296875,
      8560.44140625,
      11482.017578125,
      167834.4375
    ],
    "lambdas_swept": [
      1e-05,
      0.001,
      0.1,
      1.0,
      10.0
    ],
    "lambda_regime_per_lam": {
      "1e-05": {
        "frac_eig_below_lam": 0.0,
        "lambda_vs_median_ratio": 4.1396378631709334e-08
      },
      "0.001": {
        "frac_eig_below_lam": 0.0,
        "lambda_vs_median_ratio": 4.139637863170933e-06
      },
      "0.1": {
        "frac_eig_below_lam": 0.0,
        "lambda_vs_median_ratio": 0.00041396378631709335
      },
      "1.0": {
        "frac_eig_below_lam": 0.0,
        "lambda_vs_median_ratio": 0.004139637863170933
      },
      "10.0": {
        "frac_eig_below_lam": 0.003472222222222222,
        "lambda_vs_median_ratio": 0.04139637863170933
      }
    }
  },
  "per_pair": {
    "height": {
      "norm_primal": 93.33082580566406,
      "norm_probe": 0.903408408164978,
      "cos_probe_primal": 0.03557165339589119,
      "slopes": {
        "primal": 2.048875021934509,
        "probe": -0.19687499105930337,
        "probe_causal_lam1e-05": -0.10649999976158146,
        "probe_causal_lam0.001": -0.10637499094009398,
        "probe_causal_lam0.1": -0.10587499737739568,
        "probe_causal_lam1": -0.09174999594688418,
        "probe_causal_lam10": -0.054625004529953045
      },
      "cos_with_primal": {
        "primal": 1.0,
        "probe_causal_lam1e-05": 0.031416621059179306,
        "probe_causal_lam0.001": 0.03140873834490776,
        "probe_causal_lam0.1": 0.030563917011022568,
        "probe_causal_lam1": 0.024498075246810913,
        "probe_causal_lam10": 0.011333586648106575
      }
    },
    "age": {
      "norm_primal": 75.07369995117188,
      "norm_probe": 0.818658709526062,
      "cos_probe_primal": 0.048798561096191406,
      "slopes": {
        "primal": 1.7934999465942383,
        "probe": 0.16699999570846552,
        "probe_causal_lam1e-05": 0.30200000107288355,
        "probe_causal_lam0.001": 0.3023750096559524,
        "probe_causal_lam0.1": 0.30387500524520866,
        "probe_causal_lam1": 0.3197499841451644,
        "probe_causal_lam10": 0.32012500464916227
      },
      "cos_with_primal": {
        "primal": 1.0,
        "probe_causal_lam1e-05": 0.011755261570215225,
        "probe_causal_lam0.001": 0.011760429479181767,
        "probe_causal_lam0.1": 0.012063047848641872,
        "probe_causal_lam1": 0.014514056034386158,
        "probe_causal_lam10": 0.027842074632644653
      }
    },
    "weight": {
      "norm_primal": 93.18525695800781,
      "norm_probe": 0.9204617142677307,
      "cos_probe_primal": 0.034962184727191925,
      "slopes": {
        "primal": 2.7836249828338624,
        "probe": 0.5556249916553496,
        "probe_causal_lam1e-05": -0.19374998807907118,
        "probe_causal_lam0.001": -0.1936249852180481,
        "probe_causal_lam0.1": -0.19362499713897713,
        "probe_causal_lam1": -0.2067499995231628,
        "probe_causal_lam10": -0.16200000047683719
      },
      "cos_with_primal": {
        "primal": 1.0,
        "probe_causal_lam1e-05": -0.018278660252690315,
        "probe_causal_lam0.001": -0.01827903836965561,
        "probe_causal_lam0.1": -0.01750483177602291,
        "probe_causal_lam1": -0.011574342846870422,
        "probe_causal_lam10": 0.012295816093683243
      }
    },
    "size": {
      "norm_primal": 55.346561431884766,
      "norm_probe": 0.9377950429916382,
      "cos_probe_primal": 0.057776812463998795,
      "slopes": {
        "primal": 2.623749932646751,
        "probe": -0.24087498188018786,
        "probe_causal_lam1e-05": -0.11162500381469702,
        "probe_causal_lam0.001": -0.11187500953674286,
        "probe_causal_lam0.1": -0.1109999656677244,
        "probe_causal_lam1": -0.1286250114440916,
        "probe_causal_lam10": -0.19574999809265123
      },
      "cos_with_primal": {
        "primal": 1.0,
        "probe_causal_lam1e-05": 0.053939636796712875,
        "probe_causal_lam0.001": 0.053938113152980804,
        "probe_causal_lam0.1": 0.053858835250139236,
        "probe_causal_lam1": 0.053122103214263916,
        "probe_causal_lam10": 0.04851733520627022
      }
    },
    "speed": {
      "norm_primal": 56.30617904663086,
      "norm_probe": 1.2198560237884521,
      "cos_probe_primal": 0.04283037781715393,
      "slopes": {
        "primal": 1.5328750014305113,
        "probe": -0.23075000196695325,
        "probe_causal_lam1e-05": -0.09149999916553497,
        "probe_causal_lam0.001": -0.09174999892711641,
        "probe_causal_lam0.1": -0.09424999877810478,
        "probe_causal_lam1": -0.10524999648332593,
        "probe_causal_lam10": -0.15437500029802323
      },
      "cos_with_primal": {
        "primal": 1.0,
        "probe_causal_lam1e-05": -0.01860428787767887,
        "probe_causal_lam0.001": -0.018603118136525154,
        "probe_causal_lam0.1": -0.018105344846844673,
        "probe_causal_lam1": -0.013837046921253204,
        "probe_causal_lam10": 0.011983712203800678
      }
    },
    "wealth": {
      "norm_primal": 98.0660629272461,
      "norm_probe": 0.9593247771263123,
      "cos_probe_primal": 0.03187619894742966,
      "slopes": {
        "primal": 2.466624999046325,
        "probe": 0.15212500095367412,
        "probe_causal_lam1e-05": -0.061499977111816484,
        "probe_causal_lam0.001": -0.06287496089935336,
        "probe_causal_lam0.1": -0.06000001430511499,
        "probe_causal_lam1": -0.019000005722046208,
        "probe_causal_lam10": 0.1382499694824218
      },
      "cos_with_primal": {
        "primal": 1.0,
        "probe_causal_lam1e-05": 0.10288521647453308,
        "probe_causal_lam0.001": 0.1028851568698883,
        "probe_causal_lam0.1": 0.10278014093637466,
        "probe_causal_lam1": 0.1013365089893341,
        "probe_causal_lam10": 0.08511074632406235
      }
    },
    "experience": {
      "norm_primal": 80.68363189697266,
      "norm_probe": 0.941064178943634,
      "cos_probe_primal": 0.038545720279216766,
      "slopes": {
        "primal": 4.470562535524368,
        "probe": -1.090312480926514,
        "probe_causal_lam1e-05": -1.1421249866485597,
        "probe_causal_lam0.001": -1.141124987602234,
        "probe_causal_lam0.1": -1.1466875314712526,
        "probe_causal_lam1": -1.1738125085830688,
        "probe_causal_lam10": -1.229812502861023
      },
      "cos_with_primal": {
        "primal": 1.0,
        "probe_causal_lam1e-05": 0.0025500424671918154,
        "probe_causal_lam0.001": 0.002555365674197674,
        "probe_causal_lam0.1": 0.0032434279564768076,
        "probe_causal_lam1": 0.008443009108304977,