{
  "pair_order": [
    "height",
    "age",
    "weight",
    "size",
    "speed",
    "wealth",
    "experience",
    "bmi_abs"
  ],
  "jaccard": [
    [
      1.0,
      0.05263157933950424,
      0.1111111119389534,
      0.025641025975346565,
      0.05263157933950424,
      0.05263157933950424,
      0.025641025975346565,
      0.0810810774564743
    ],
    [
      0.05263157933950424,
      1.0,
      0.0810810774564743,
      0.05263157933950424,
      0.05263157933950424,
      0.0810810774564743,
      0.0810810774564743,
      0.025641025975346565
    ],
    [
      0.1111111119389534,
      0.0810810774564743,
      1.0,
      0.025641025975346565,
      0.05263157933950424,
      0.05263157933950424,
      0.025641025975346565,
      0.1111111119389534
    ],
    [
      0.025641025975346565,
      0.05263157933950424,
      0.025641025975346565,
      1.0,
      0.1111111119389534,
      0.05263157933950424,
      0.1111111119389534,
      0.05263157933950424
    ],
    [
      0.05263157933950424,
      0.05263157933950424,
      0.05263157933950424,
      0.1111111119389534,
      1.0,
      0.0810810774564743,
      0.1111111119389534,
      0.0
    ],
    [
      0.05263157933950424,
      0.0810810774564743,
      0.05263157933950424,
      0.05263157933950424,
      0.0810810774564743,
      1.0,
      0.0810810774564743,
      0.025641025975346565
    ],
    [
      0.025641025975346565,
      0.0810810774564743,
      0.025641025975346565,
      0.1111111119389534,
      0.1111111119389534,
      0.0810810774564743,
      1.0,
      0.0
    ],
    [
      0.0810810774564743,
      0.025641025975346565,
      0.1111111119389534,
      0.05263157933950424,
      0.0,
      0.025641025975346565,
      0.0,
      1.0
    ]
  ],
  "off_diag_mean": 0.05962758511304855
}