{
  "height": {
    "primal_norm": 58.688941955566406,
    "probe_norm": 1.3530136346817017,
    "primal_top10_feats": [
      28551,
      14270,
      40308,
      17434,
      13776,
      38355,
      25455,
      27087,
      59619,
      14431
    ],
    "probe_top10_feats": [
      45272,
      31948,
      19865,
      46589,
      32608,
      13261,
      3671,
      699,
      57536,
      25545
    ],
    "primal_participation": 11050.447172511289,
    "probe_participation": 17722.72382304583,
    "probe_over_primal_PR": 1.6038015065247557,
    "primal_energy_in_top20z": 0.0025680716239703597,
    "probe_energy_in_top20z": 0.0002689587926650475,
    "primal_vs_z_jaccard_top10": 0.1
  },
  "age": {
    "primal_norm": 42.23430633544922,
    "probe_norm": 1.2105458974838257,
    "primal_top10_feats": [
      28551,
      14270,
      40308,
      38508,
      17434,
      5144,
      27087,
      63021,
      20611,
      20856
    ],
    "probe_top10_feats": [
      11575,
      18198,
      19865,
      45890,
      58035,
      33744,
      48358,
      18776,
      41226,
      24862
    ],
    "primal_participation": 15072.587502439204,
    "probe_participation": 17853.23953667512,
    "probe_over_primal_PR": 1.1844840531717544,
    "primal_energy_in_top20z": 0.0013750582691183504,
    "probe_energy_in_top20z": 0.0003918558823886509,
    "primal_vs_z_jaccard_top10": 0.0
  },
  "weight": {
    "primal_norm": 63.55891799926758,
    "probe_norm": 1.4250338077545166,
    "primal_top10_feats": [
      27087,
      57990,
      14270,
      28551,
      14431,
      63021,
      40308,
      17434,
      7110,
      59619
    ],
    "probe_top10_feats": [
      38295,
      31812,
      30459,
      32562,
      21863,
      35493,
      41893,
      6037,
      9769,
      8756
    ],
    "primal_participation": 10107.413351124569,
    "probe_participation": 17988.281716205325,
    "probe_over_primal_PR": 1.7797116919339127,
    "primal_energy_in_top20z": 0.008098576143955002,
    "probe_energy_in_top20z": 0.00042197145375697523,
    "primal_vs_z_jaccard_top10": 0.2
  },
  "size": {
    "primal_norm": 38.44025802612305,
    "probe_norm": 1.4177792072296143,
    "primal_top10_feats": [
      14270,
      27087,
      28551,
      40308,
      14431,
      17434,
      32381,
      57990,
      39789,
      16608
    ],
    "probe_top10_feats": [
      31812,
      45867,
      2267,
      17810,
      59864,
      45956,
      49175,
      40063,
      27868,
      10351
    ],
    "primal_participation": 12180.56147644364,
    "probe_participation": 17987.25199019821,
    "probe_over_primal_PR": 1.4767178036073547,
    "primal_energy_in_top20z": 0.0017330666301255291,
    "probe_energy_in_top20z": 0.0004701669150108488,
    "primal_vs_z_jaccard_top10": 0.0
  },
  "speed": {
    "primal_norm": 34.56877136230469,
    "probe_norm": 1.8179819583892822,
    "primal_top10_feats": [
      40308,
      17434,
      38355,
      16608,
      13776,
      14270,
      25455,
      59619,
      27022,
      41525
    ],
    "probe_top10_feats": [
      57794,
      32553,
      56637,
      45326,
      57365,
      7457,
      37398,
      28791,
      54759,
      64606
    ],
    "primal_participation": 13974.175441607395,
    "probe_participation": 16853.054473865403,
    "probe_over_primal_PR": 1.2060142327744285,
    "primal_energy_in_top20z": 0.0019714156316812457,
    "probe_energy_in_top20z": 0.00030810890257113125,
    "primal_vs_z_jaccard_top10": 0.0
  },
  "wealth": {
    "primal_norm": 63.21361541748047,
    "probe_norm": 1.4223089218139648,
    "primal_top10_feats": [
      40308,
      28551,
      38355,
      47237,
      17434,
      16608,
      17983,
      30345,
      32381,
      42039
    ],
    "probe_top10_feats": [
      58738,
      56657,
      38555,
      49732,
      61501,
      41956,
      25610,
      59931,
      38675,
      18006
    ],
    "primal_participation": 14648.323116531326,
    "probe_participation": 17761.992392915578,
    "probe_over_primal_PR": 1.2125614824041073,
    "primal_energy_in_top20z": 0.004006555192709203,
    "probe_energy_in_top20z": 7.96763198838239e-05,
    "primal_vs_z_jaccard_top10": 0.1
  },
  "experience": {
    "primal_norm": 58.89065170288086,
    "probe_norm": 1.3824824094772339,
    "primal_top10_feats": [
      40308,
      51890,
      1915,
      30345,
      28551,
      38355,
      17434,
      14270,
      41613,
      5144
    ],
    "probe_top10_feats": [
      31948,
      44645,
      26711,
      58712,
      9083,
      23228,
      6888,
      6654,
      31050,
      58659
    ],
    "primal_participation": 14148.637518963593,
    "probe_participation": 18054.040205779227,
    "probe_over_primal_PR": 1.2760267680602584,
    "primal_energy_in_top20z": 0.005237466332073322,
    "probe_energy_in_top20z": 0.00027761355584648387,
    "primal_vs_z_jaccard_top10": 0.3
  },
  "bmi_abs": {
    "primal_norm": 59.42688751220703,
    "probe_norm": 1.4064968824386597,
    "primal_top10_feats": [
      46770,
      14431,
      27087,
      63021,
      57990,
      14270,
      12459,
      28551,
      6205,
      17434
    ],
    "probe_top10_feats": [
      51158,
      52144,
      21537,
      5451,
      39854,
      3433,
      16109,
      55501,
      60971,
      62256
    ],
    "primal_participation": 10108.42599572785,
    "probe_participation": 18217.271839694404,
    "probe_over_primal_PR": 1.8021867942045198,
    "primal_energy_in_top20z": 0.010201714115643006,
    "probe_energy_in_top20z": 0.0003558055842825309,
    "primal_vs_z_jaccard_top10": 0.3
  }
}