{
  "height": {
    "n_active_features": 478,
    "r2_raw_pc1": 0.892777063222407,
    "r2_raw_pc2": 0.01895460789252712,
    "r2_sae_pc1": 0.8792469028064065,
    "r2_sae_pc2": 0.02874812189332554,
    "r2_raw_best12": 0.892777063222407,
    "r2_sae_best12": 0.8792469028064065
  },
  "age": {
    "n_active_features": 579,
    "r2_raw_pc1": 0.1503971611582492,
    "r2_raw_pc2": 0.6781939827337986,
    "r2_sae_pc1": 0.11986039001910964,
    "r2_sae_pc2": 0.00439583635340246,
    "r2_raw_best12": 0.6781939827337986,
    "r2_sae_best12": 0.11986039001910964
  },
  "weight": {
    "n_active_features": 559,
    "r2_raw_pc1": 0.8891545861577792,
    "r2_raw_pc2": 0.020661428326976372,
    "r2_sae_pc1": 0.8884675064459736,
    "r2_sae_pc2": 0.025620913784676014,
    "r2_raw_best12": 0.8891545861577792,
    "r2_sae_best12": 0.8884675064459736
  },
  "size": {
    "n_active_features": 503,
    "r2_raw_pc1": 0.07779468341142437,
    "r2_raw_pc2": 0.7356046607861321,
    "r2_sae_pc1": 0.05011791812106692,
    "r2_sae_pc2": 0.7036939456737406,
    "r2_raw_best12": 0.7356046607861321,
    "r2_sae_best12": 0.7036939456737406
  },
  "speed": {
    "n_active_features": 468,
    "r2_raw_pc1": 0.10420137235609184,
    "r2_raw_pc2": 0.5253004157343035,
    "r2_sae_pc1": 0.07266594434463336,
    "r2_sae_pc2": 0.0835312810312796,
    "r2_raw_best12": 0.5253004157343035,
    "r2_sae_best12": 0.0835312810312796
  },
  "wealth": {
    "n_active_features": 626,
    "r2_raw_pc1": 0.717568404301542,
    "r2_raw_pc2": 0.11959959119463781,
    "r2_sae_pc1": 0.6616009077304432,
    "r2_sae_pc2": 0.15658365400858476,
    "r2_raw_best12": 0.717568404301542,
    "r2_sae_best12": 0.6616009077304432
  },
  "experience": {
    "n_active_features": 446,
    "r2_raw_pc1": 0.8386817548891039,
    "r2_raw_pc2": 0.0033453933341929254,
    "r2_sae_pc1": 0.8248331267780716,
    "r2_sae_pc2": 0.008931656292628709,
    "r2_raw_best12": 0.8386817548891039,
    "r2_sae_best12": 0.8248331267780716
  },
  "bmi_abs": {
    "n_active_features": 635,
    "r2_raw_pc1": 0.8016082438210148,
    "r2_raw_pc2": 0.07828981966451376,
    "r2_sae_pc1": 0.7435614058814368,
    "r2_sae_pc2": 0.1279576672466125,
    "r2_raw_best12": 0.8016082438210148,
    "r2_sae_best12": 0.7435614058814368
  }
}