{
  "model": "google/gemma-2-2b",
  "layer": 20,
  "alphas": [
    -2.0,
    -1.0,
    0.0,
    1.0,
    2.0
  ],
  "subset_per_z": 20,
  "per_pair": {
    "height": {
      "primal": {
        "slope": 1.7913749999999997,
        "entropy_at_0": 3.690707619190216,
        "entropy_at_abs2": 3.6083211529254915,
        "entropy_shift_2": -0.08238646626472468
      },
      "tangent": {
        "slope": 1.2411249999999996,
        "entropy_at_0": 3.690707619190216,
        "entropy_at_abs2": 3.6418764233589176,
        "entropy_shift_2": -0.04883119583129858
      },
      "random": {
        "slope": 0.22012499999999993,
        "entropy_at_0": 3.690707619190216,
        "entropy_at_abs2": 3.7014635848999022,
        "entropy_shift_2": 0.010755965709686066
      }
    },
    "age": {
      "primal": {
        "slope": 1.77375,
        "entropy_at_0": 3.649984986782074,
        "entropy_at_abs2": 3.635516823530197,
        "entropy_shift_2": -0.014468163251877275
      },
      "tangent": {
        "slope": 1.291,
        "entropy_at_0": 3.649984986782074,
        "entropy_at_abs2": 3.632664231061935,
        "entropy_shift_2": -0.017320755720139136
      },
      "random": {
        "slope": 0.15674999999999994,
        "entropy_at_0": 3.649984986782074,
        "entropy_at_abs2": 3.6324682104587556,
        "entropy_shift_2": -0.017516776323318606
      }
    },
    "weight": {
      "primal": {
        "slope": 2.2413749999999997,
        "entropy_at_0": 3.9255749702453615,
        "entropy_at_abs2": 3.8793067789077758,
        "entropy_shift_2": -0.04626819133758575
      },
      "tangent": {
        "slope": 1.5431249999999996,
        "entropy_at_0": 3.9255749702453615,
        "entropy_at_abs2": 3.8845354104042054,
        "entropy_shift_2": -0.04103955984115615
      },
      "random": {
        "slope": 0.205625,
        "entropy_at_0": 3.9255749702453615,
        "entropy_at_abs2": 3.892232835292816,
        "entropy_shift_2": -0.033342134952545344
      }
    },
    "size": {
      "primal": {
        "slope": 2.4165,
        "entropy_at_0": 4.018032948970795,
        "entropy_at_abs2": 3.9436693823337556,
        "entropy_shift_2": -0.07436356663703947
      },
      "tangent": {
        "slope": 1.5265000000000004,
        "entropy_at_0": 4.018032948970795,
        "entropy_at_abs2": 3.977017308473587,
        "entropy_shift_2": -0.04101564049720796
      },
      "random": {
        "slope": -0.06587499999999996,
        "entropy_at_0": 4.018032948970795,
        "entropy_at_abs2": 4.0074944627285,
        "entropy_shift_2": -0.010538486242294809
      }
    },
    "speed": {
      "primal": {
        "slope": 1.4162500000000002,
        "entropy_at_0": 4.215310063362121,
        "entropy_at_abs2": 4.176505107879638,
        "entropy_shift_2": -0.038804955482483194
      },
      "tangent": {
        "slope": 0.9364999999999999,
        "entropy_at_0": 4.215310063362121,
        "entropy_at_abs2": 4.201253776550293,
        "entropy_shift_2": -0.014056286811828578
      },
      "random": {
        "slope": -0.04150000000000001,
        "entropy_at_0": 4.215310063362121,
        "entropy_at_abs2": 4.194933327436447,
        "entropy_shift_2": -0.020376735925674794
      }
    },
    "wealth": {
      "primal": {
        "slope": 2.2509999999999994,
        "entropy_at_0": 3.627625336647034,
        "entropy_at_abs2": 3.568433859348297,
        "entropy_shift_2": -0.05919147729873675
      },
      "tangent": {
        "slope": 1.569,
        "entropy_at_0": 3.627625336647034,
        "entropy_at_abs2": 3.533897119760513,
        "entropy_shift_2": -0.09372821688652078
      },
      "random": {
        "slope": -0.20887500000000014,
        "entropy_at_0": 3.627625336647034,
        "entropy_at_abs2": 3.6339832842350006,
        "entropy_shift_2": 0.006357947587966706
      }
    },
    "experience": {
      "primal": {
        "slope": 4.589437499999999,
        "entropy_at_0": 3.9186991262435913,
        "entropy_at_abs2": 3.7760823547840117,
        "entropy_shift_2": -0.14261677145957963
      },
      "tangent": {
        "slope": 3.3098125000000005,
        "entropy_at_0": 3.9186991262435913,
        "entropy_at_abs2": 3.836621800661087,
        "entropy_shift_2": -0.08207732558250447
      },
      "random": {
        "slope": 0.07656249999999987,
        "entropy_at_0": 3.9186991262435913,
        "entropy_at_abs2": 3.8878093361854553,
        "entropy_shift_2": -0.03088979005813597
      }
    },
    "bmi_abs": {
      "primal": {
        "slope": 2.1189999999999993,
        "entropy_at_0": 4.165810208320618,
        "entropy_at_abs2": 4.023107558488846,
        "entropy_shift_2": -0.14270264983177228
      },
      "tangent": {
        "slope": 1.4594999999999996,
        "entropy_at_0": 4.165810208320618,
        "entropy_at_abs2": 4.01243921160698,
        "entropy_shift_2": -0.15337099671363852
      },
      "random": {
        "slope": -0.477125,
        "entropy_at_0": 4.165810208320618,
        "entropy_at_abs2": 4.140787872076034,
        "entropy_shift_2": -0.025022336244584054
      }
    }
  }
}