{
  "model_short": "gemma2-9b",
  "layer": 33,
  "by_domain": {
    "brightness": {
      "n": 65,
      "corr_ld_z": 0.911071692095353,
      "corr_ld_x": 0.02217756016391307,
      "corr_ld_mu": -0.42679909162282026
    },
    "temperature": {
      "n": 65,
      "corr_ld_z": 0.6189567928883576,
      "corr_ld_x": 0.6928081006366578,
      "corr_ld_mu": -0.02667757215290454
    }
  }
}