{
  "model_short": "gemma2-9b",
  "analysis": "objective_rule_vs_z_leakage",
  "by_task": {
    "adult_minor": {
      "control_kind": "threshold_continuous",
      "n": 33,
      "sigma": 4.0,
      "rule_accuracy": 0.5454545454545454,
      "corr_ld_objective": 0.057556019007717625,
      "corr_ld_z_raw": 0.31480996683717055,
      "corr_ld_x_raw": 0.09954829392935154,
      "corr_ld_mu_raw": -0.40795208925676346,
      "corr_residual_ld_z_after_objective": 0.373046702255626,
      "standardized_beta_z_after_objective": 0.5021822100591139,
      "r2_objective_only": 0.003312695324016568,
      "r2_objective_plus_z": 0.1420155299789373,
      "delta_r2_z_after_objective": 0.13870283465492073,
      "r2_objective_plus_x": 0.011619401182707212,
      "delta_r2_x_after_objective": 0.008306705858690644
    },
    "even_odd": {
      "control_kind": "categorical_parity",
      "n": 57,
      "sigma": 4.0,
      "rule_accuracy": 0.543859649122807,
      "corr_ld_objective": -0.0016939908920452758,
      "corr_ld_z_raw": -0.09622504486493766,
      "corr_ld_x_raw": 0.16137430609197573,
      "corr_ld_mu_raw": 0.32475952641916467,
      "corr_residual_ld_z_after_objective": -0.09622518292917655,
      "standardized_beta_z_after_objective": -0.09622504486493769,
      "r2_objective_only": 2.8696051425081137e-06,
      "r2_objective_plus_z": 0.009262128864401475,
      "delta_r2_z_after_objective": 0.009259259259258967,
      "r2_objective_plus_x": 0.026044536271808916,
      "delta_r2_x_after_objective": 0.026041666666666408
    },
    "fever_no_fever": {
      "control_kind": "threshold_continuous",
      "n": 30,
      "sigma": 0.7,
      "rule_accuracy": 0.5,
      "corr_ld_objective": 0.5705434465117311,
      "corr_ld_z_raw": 0.2578049269683741,
      "corr_ld_x_raw": 0.5343634750935946,
      "corr_ld_mu_raw": 0.4182779126888205,
      "corr_residual_ld_z_after_objective": -0.3238533763430645,
      "standardized_beta_z_after_objective": -0.40679411193552506,
      "r2_objective_only": 0.32551982435748406,
      "r2_objective_plus_z": 0.39625998597811807,
      "delta_r2_z_after_objective": 0.07074016162063401,
      "r2_objective_plus_x": 0.33140417150975054,
      "delta_r2_x_after_objective": 0.005884347152266489
    },
    "pass_fail": {
      "control_kind": "threshold_continuous",
      "n": 39,
      "sigma": 10.0,
      "rule_accuracy": 0.6923076923076923,
      "corr_ld_objective": 0.2847120426351757,
      "corr_ld_z_raw": -0.0069999179026788705,
      "corr_ld_x_raw": 0.2028190270305048,
      "corr_ld_mu_raw": 0.4822165666289887,
      "corr_residual_ld_z_after_objective": -0.3325622600532078,
      "standardized_beta_z_after_objective": -0.4700427963634606,
      "r2_objective_only": 0.08106094722149404,
      "r2_objective_plus_z": 0.1826934532115575,
      "delta_r2_z_after_objective": 0.10163250599006346,
      "r2_objective_plus_x": 0.0828757194675771,
      "delta_r2_x_after_objective": 0.0018147722460830629
    },
    "positive_negative": {
      "control_kind": "threshold_continuous",
      "n": 54,
      "sigma": 4.0,
      "rule_accuracy": 0.9629629629629629,
      "corr_ld_objective": 0.8487438227580825,
      "corr_ld_z_raw": 0.3897493561740951,
      "corr_ld_x_raw": 0.8235158185096348,
      "corr_ld_mu_raw": 0.352371065779069,
      "corr_residual_ld_z_after_objective": -0.4561542411654999,
      "standardized_beta_z_after_objective": -0.3249907252473349,
      "r2_objective_only": 0.7203660766700031,
      "r2_objective_plus_z": 0.7785513783329046,
      "delta_r2_z_after_objective": 0.05818530166290148,
      "r2_objective_plus_x": 0.7432353102656041,
      "delta_r2_x_after_objective": 0.022869233595601002
    }
  }
}