{
  "model_short": "gemma2-9b",
  "analysis": "objective_rule_vs_z_leakage",
  "by_task": {
    "above_below_zero": {
      "control_kind": "threshold_continuous",
      "n": 54,
      "sigma": 4.0,
      "rule_accuracy": 0.9444444444444444,
      "corr_ld_objective": 0.9010524519211065,
      "corr_ld_z_raw": 0.7848912390831173,
      "corr_ld_x_raw": 0.8494795384970383,
      "corr_ld_mu_raw": -0.2195952876605943,
      "corr_residual_ld_z_after_objective": 0.5624245711463058,
      "standardized_beta_z_after_objective": 0.3286458677263508,
      "r2_objective_only": 0.8118955211130378,
      "r2_objective_plus_z": 0.871396992887719,
      "delta_r2_z_after_objective": 0.059501471774681236,
      "r2_objective_plus_x": 0.8232414267606512,
      "delta_r2_x_after_objective": 0.011345905647613397
    },
    "even_odd": {
      "control_kind": "categorical_parity",
      "n": 57,
      "sigma": 4.0,
      "rule_accuracy": 0.5087719298245614,
      "corr_ld_objective": 0.8271927930501748,
      "corr_ld_z_raw": 0.11290586472550224,
      "corr_ld_x_raw": 0.02840233371576959,
      "corr_ld_mu_raw": -0.13760402263420596,
      "corr_residual_ld_z_after_objective": 0.2009293545129059,
      "standardized_beta_z_after_objective": 0.11290586472550225,
      "r2_objective_only": 0.6842479168741493,
      "r2_objective_plus_z": 0.6969956511635628,
      "delta_r2_z_after_objective": 0.012747734289413448,
      "r2_objective_plus_x": 0.6850546094346512,
      "delta_r2_x_after_objective": 0.0008066925605019204
    },
    "pass_fail": {
      "control_kind": "threshold_continuous",
      "n": 39,
      "sigma": 10.0,
      "rule_accuracy": 0.6923076923076923,
      "corr_ld_objective": 0.816532979716697,
      "corr_ld_z_raw": 0.7632958281986438,
      "corr_ld_x_raw": 0.7991064543631555,
      "corr_ld_mu_raw": -0.07725666277314208,
      "corr_residual_ld_z_after_objective": 0.41698879411496526,
      "standardized_beta_z_after_objective": 0.3549327840447255,
      "r2_objective_only": 0.6667261069650273,
      "r2_objective_plus_z": 0.7246756563123076,
      "delta_r2_z_after_objective": 0.05794954934728025,
      "r2_objective_plus_x": 0.725129000184707,
      "delta_r2_x_after_objective": 0.05840289321967973
    },
    "positive_negative": {
      "control_kind": "threshold_continuous",
      "n": 54,
      "sigma": 4.0,
      "rule_accuracy": 1.0,
      "corr_ld_objective": 0.9219123035220506,
      "corr_ld_z_raw": 0.8292991597954719,
      "corr_ld_x_raw": 0.836276621841899,
      "corr_ld_mu_raw": -0.30239312205455776,
      "corr_residual_ld_z_after_objective": 0.7354847638905982,
      "standardized_beta_z_after_objective": 0.3838805352543642,
      "r2_objective_only": 0.849922295385334,
      "r2_objective_plus_z": 0.9311050044388688,
      "delta_r2_z_after_objective": 0.08118270905353475,
      "r2_objective_plus_x": 0.8513171044475786,
      "delta_r2_x_after_objective": 0.0013948090622445397
    }
  }
}