{
  "model_short": "gemma2-2b",
  "pair": "speed",
  "n_layers": 26,
  "naive_r2_per_layer": [
    0.530786584118313,
    0.6599735043863066,
    0.772783846656333,
    0.8809834260755822,
    0.938063072346168,
    0.9596155975748817,
    0.958827478515055,
    0.9822024298696708,
    0.9865788539728048,
    0.9900152438791082,
    0.9901944613198831,
    0.9918033017947,
    0.9928690990833137,
    0.9929992964301135,
    0.9927715976141293,
    0.9924815326031652,
    0.9928409237237465,
    0.9926080509416892,
    0.992169377787877,
    0.9915830593688464,
    0.9914008081173965,
    0.9905464976011611,
    0.9899106397580828,
    0.9891755362861344,
    0.9877079755125107,
    0.9852297895874474
  ],
  "orth_r2_per_layer": [
    0.530786584118313,
    0.07967116330450186,
    0.029604679964228553,
    -0.023817455327099557,
    -0.12213498605723871,
    -0.2064478034500392,
    -0.23077557782983127,
    -0.36495982454708864,
    -0.462766179960046,
    -0.6168048999970623,
    -0.7017719616280207,
    -0.9603690567199898,
    -1.1258056487898753,
    -1.7635168630781415,
    -1.882825280536248,
    -1.8191360222708255,
    -2.531937771923187,
    -2.3577830079216175,
    -2.3421594424523837,
    -2.484869698059254,
    -2.6350913302899954,
    -3.072708117309211,
    -3.5480933693172716,
    -3.923178074940134,
    -4.442040220096686,
    -5.211262537518247
  ],
  "alpha_ridge": 1.0,
  "n_folds": 5,
  "n_groups": 365
}