{
  "model_short": "gemma2-2b",
  "pair": "speed",
  "late_layer": 20,
  "pca_r2": {
    "PC1_vs_z": 0.3599118218606594,
    "PC1_vs_x": 0.44526321366145666,
    "PC2_vs_z": 0.5287178618153018,
    "PC2_vs_x": 0.4243794508037015,
    "PC2_vs_z2": 0.09204577220552514,
    "PC3_vs_z": 0.03222597549297712,
    "PC3_vs_x": 0.0071439562123003725,
    "explained_variance_ratio": [
      0.35649069806649075,
      0.279244428110809,
      0.13490871084316833
    ]
  },
  "cos_pc1_primal_per_layer": [
    0.8589109208920067,
    -0.977857651953573,
    0.974275580608832,
    0.95723518659184,
    0.944884088114559,
    0.8878675670571005,
    0.6655209199520409,
    -0.6487942719307872,
    -0.6523131951252792,
    0.6249498592456377,
    0.6214313967318932,
    0.5440279227604119,
    0.5824378748284673,
    0.6956075152931508,
    0.7407305542787035,
    -0.8667254293413077,
    0.983194936925861,
    0.9814378820405804,
    0.7989110054617578,
    0.6216236138049868,
    -0.6683909126696447,
    -0.5147851168259052,
    -0.45629631761343264,
    -0.4510269315491752,
    -0.43581010667359055,
    -0.4212197880357248
  ]
}