{
  "model_short": "gemma2-9b",
  "pair": "age",
  "n_layers": 42,
  "naive_r2_per_layer": [
    0.5053837109669379,
    0.5727066022379224,
    0.5950036234271522,
    0.845971370681203,
    0.9139109400699075,
    0.9133206060637233,
    0.9672954502430948,
    0.9678679711625817,
    0.9834235196065118,
    0.9893190282933172,
    0.99172823085466,
    0.9937839493351417,
    0.9955887312762429,
    0.9962722119145648,
    0.9971354329996204,
    0.9975209772536919,
    0.9974138171615682,
    0.9975174537717757,
    0.9975207842707597,
    0.9972034523038142,
    0.997392862333052,
    0.997176738868781,
    0.997083418474612,
    0.9967465091098998,
    0.9965235514892108,
    0.9965022308444725,
    0.9961795328845874,
    0.9964242240410925,
    0.9961360110966302,
    0.9960588906643668,
    0.9961249549060917,
    0.995981178700814,
    0.9956691713185652,
    0.9953419631512045,
    0.9951421682414938,
    0.9948692727031933,
    0.9950499444295593,
    0.9947629762513254,
    0.9943693186275698,
    0.9940125011986698,
    0.9933176224490405,
    0.9926283464038308
  ],
  "orth_r2_per_layer": [
    0.5053837109669379,
    0.05891535721176888,
    0.036939486897797136,
    0.10277203041972927,
    -0.09399541316309068,
    -0.1480653118561681,
    -0.20253050793905603,
    -0.28083996489506524,
    -0.3651662796279491,
    -0.43701879745065053,
    -0.551341652483297,
    -0.6432657320845458,
    -0.8096738014775344,
    -0.9569164946056017,
    -1.1921639409788547,
    -1.7640931745250725,
    -2.715172983877043,
    -3.7671500724061,
    -5.860014277263193,
    -6.937061577989252,
    -7.998844639274749,
    -10.212073272132493,
    -10.14122968930298,
    -10.49871799617429,
    -9.769827436381169,
    -10.23753739684237,
    -11.638062072029804,
    -9.962037998940543,
    -9.828250939954852,
    -9.641626363379197,
    -9.682999964858949,
    -9.473193274571047,
    -9.705562402852594,
    -10.300632370933478,
    -10.469143834163727,
    -10.957436630973506,
    -12.17424472455061,
    -12.879657706650086,
    -13.764091593753188,
    -15.764417133196439,
    -17.002995839127117,
    -18.293725860529843
  ],
  "alpha_ridge": 1.0,
  "n_folds": 5,
  "n_groups": 390
}