{
  "model_short": "gemma2-9b",
  "pair": "age",
  "late_layer": 33,
  "pca_r2": {
    "PC1_vs_z": 0.606311296278247,
    "PC1_vs_x": 0.04719066794825876,
    "PC2_vs_z": 0.20455790098580146,
    "PC2_vs_x": 0.5563409932920841,
    "PC2_vs_z2": 0.0026897042005297506,
    "PC3_vs_z": 0.12678682469828864,
    "PC3_vs_x": 0.33710910473269123,
    "explained_variance_ratio": [
      0.29085415852661867,
      0.2811843861134846,
      0.17218235958538006
    ]
  },
  "cos_pc1_primal_per_layer": [
    0.2756822499899396,
    0.7332630727979829,
    0.6291593326709163,
    0.8159908950059834,
    -0.9554996167677138,
    0.9548129488279108,
    -0.9410231824873521,
    -0.9421808218686044,
    0.9182268360864678,
    -0.8968444797765216,
    0.810574677372512,
    0.8111455720008571,
    -0.5784301859176525,
    0.07819162695931603,
    -0.11347056821449425,
    0.15635083150961118,
    0.04226298455543915,
    0.005109299956922879,
    -0.007777894393802265,
    0.02085549988735645,
    -0.024376772351389422,
    -0.05696218604977012,
    0.04278781837473039,
    0.03572574845746311,
    0.047871171022649914,
    0.2983300367130029,
    0.39954169399157613,
    0.46244293998020075,
    0.8349558697787715,
    0.951462125697941,
    0.7520898535946929,
    0.7521665566412281,
    0.9391064004855995,
    0.8187478879457653,
    0.5931459067206392,
    0.534762653789869,
    0.7154317879957769,
    0.27530969963633933,
    -0.13698020636373068,
    -0.20576162419333852,
    -0.0968649416660397,
    0.3120331503282872
  ]
}