{
  "model_short": "gemma2-2b",
  "pair": "height",
  "n_layers": 26,
  "n_prompts": 4000,
  "n_groups": 400,
  "naive_r2_per_layer": [
    0.68688405474829,
    0.8221386936454854,
    0.9129008702881555,
    0.9340596271284439,
    0.9543312123458805,
    0.9686478332098626,
    0.9676794233086091,
    0.9874171885745143,
    0.9908102158850159,
    0.992206642892456,
    0.992539976986526,
    0.9940199424009094,
    0.9945227989225444,
    0.9942310003116036,
    0.9936404268790362,
    0.9935079106818047,
    0.9935852137967829,
    0.993491604712338,
    0.9934115910408298,
    0.9926441184095257,
    0.9928361672132463,
    0.9923353777917545,
    0.992058208493612,
    0.9912683331260067,
    0.9906517017274467,
    0.9892045076824321
  ],
  "orth_r2_per_layer_FOLD_AWARE": [
    0.68688405474829,
    0.14497108576093642,
    0.09538296880141595,
    0.029466418401373984,
    0.0228976908463574,
    0.011684965080681953,
    0.00025260480225475224,
    0.01662541682845864,
    -6.644953086065719e-05,
    -0.0024280478040903386,
    -0.00631957386933979,
    -0.0043572152518862595,
    -0.006999810391815631,
    -0.010459527227738796,
    -0.008777626906922409,
    -0.007322393530352356,
    -0.007009284298872931,
    -0.0050630829704994,
    -0.00392673464213944,
    -0.00453077778376243,
    -0.001714016097196236,
    -0.003134251851656167,
    0.0006166199792785321,
    0.0038729027460092658,
    0.0020773875709887424,
    0.0020765001411178208
  ],
  "fold_aware": true,
  "alpha_ridge": 1.0,
  "n_folds": 5
}