{
  "model_short": "gemma2-9b",
  "pair": "size",
  "n_layers": 42,
  "naive_r2_per_layer": [
    0.40439498842977784,
    0.5068998991321314,
    0.5451289365365934,
    0.8406305310008205,
    0.9232864624823818,
    0.9247191060216758,
    0.9591287740872602,
    0.9576336196133401,
    0.974185416050701,
    0.9765243771722005,
    0.9826688200989963,
    0.9857294079378568,
    0.9879810240613441,
    0.9901696983341272,
    0.9919940564023954,
    0.9937081260946102,
    0.9949923557738383,
    0.9954670170891977,
    0.9959082519795724,
    0.9960740436712747,
    0.9956259497173692,
    0.9953335360114505,
    0.9949957641147313,
    0.9949973691521979,
    0.9945802275060185,
    0.994473757367673,
    0.9941782454189201,
    0.9943494513018476,
    0.9941190121310255,
    0.9939760965998897,
    0.9936497321331978,
    0.9935248467260068,
    0.9929724729336532,
    0.992945223952964,
    0.9928180546232722,
    0.9918909824635712,
    0.9915966388850154,
    0.9911361577054767,
    0.9897814338546199,
    0.9892044160009222,
    0.9879689116504962,
    0.9876633242556462
  ],
  "orth_r2_per_layer": [
    0.40439498842977784,
    0.08962965952094337,
    0.07642855329112541,
    0.16931540671715495,
    -0.07138889163768414,
    -0.141832841630797,
    -0.19365350657252178,
    -0.2503349976136091,
    -0.30473818761923965,
    -0.33869799778898124,
    -0.39133615869285565,
    -0.4868825412002611,
    -0.5991529071643082,
    -0.6857134648026699,
    -0.8100867613592688,
    -1.0932452881789017,
    -1.9153603687305027,
    -2.5263862888564073,
    -3.7309570050807412,
    -4.409397426879406,
    -6.050836817355829,
    -7.3053177767278505,
    -7.6088373267118286,
    -8.37792101250618,
    -7.7157995619228394,
    -8.151579864530133,
    -9.079800875069672,
    -7.560778855981978,
    -7.7009589544068895,
    -7.618182314038853,
    -8.027026947654447,
    -8.082489552274357,
    -8.238225162675084,
    -8.690477171564384,
    -9.09457382352633,
    -9.591832210377799,
    -10.894967593046538,
    -12.039970734628639,
    -13.161894518716476,
    -15.55923899170202,
    -16.84889029430257,
    -18.298920736072766
  ],
  "alpha_ridge": 1.0,
  "n_folds": 5,
  "n_groups": 362
}