{
  "model_short": "gemma2-9b",
  "pair": "size",
  "late_layer": 33,
  "pca_r2": {
    "PC1_vs_z": 0.6559592866981947,
    "PC1_vs_x": 0.0651625062368013,
    "PC2_vs_z": 0.23635922369737397,
    "PC2_vs_x": 0.5434798289166541,
    "PC2_vs_z2": 0.11658478996713267,
    "PC3_vs_z": 0.0018376109992402502,
    "PC3_vs_x": 0.15107563575243826,
    "explained_variance_ratio": [
      0.3720426549499908,
      0.29562094758602825,
      0.09148736189747837
    ]
  },
  "cos_pc1_primal_per_layer": [
    -0.4671935671788088,
    0.6360658124092443,
    -0.7053030074659344,
    0.555766613284603,
    0.7395634561099458,
    0.8072122029171976,
    0.7513936952243392,
    0.8116170876065,
    0.6601928985585329,
    -0.7320233639392542,
    0.7040628368289212,
    -0.6934317108472272,
    -0.5171704777163344,
    0.5039009100443671,
    0.371041769616003,
    0.15161253289933535,
    0.07130965391102195,
    -0.06635454780292827,
    0.914820174672463,
    0.7286178377023211,
    0.9541828659194352,
    0.8992453579909392,
    0.42166738898330924,
    0.9727065211741474,
    0.9754054118471985,
    0.9481907840476221,
    0.9771272823779447,
    0.9850056850699876,
    0.9893020944977553,
    0.9866463579396371,
    0.9204235786515528,
    0.9923706896913107,
    0.970329524156817,
    0.8837342367866537,
    -0.8670961411882986,
    -0.8503204111225114,
    -0.8584305365275718,
    -0.8227359023034941,
    -0.7862435044637619,
    -0.7440011907325274,
    -0.6664897852143283,
    0.5172769257420563
  ]
}