{
  "model_short": "gemma2-2b",
  "pair": "weight",
  "n_layers": 26,
  "naive_r2_per_layer": [
    0.5123934085585673,
    0.6462257262922787,
    0.8617617802737222,
    0.9212380287860156,
    0.9521741834197761,
    0.9693151994209251,
    0.9719417974545319,
    0.9898804934821693,
    0.9922181136184042,
    0.9935649078293087,
    0.9941363351583946,
    0.9947735428956135,
    0.9947146237792571,
    0.9947061367465828,
    0.993981440673984,
    0.9938488647227857,
    0.9942673550729602,
    0.9943229496290339,
    0.9938582647986611,
    0.9934718251522918,
    0.9930322710388664,
    0.9920661362234577,
    0.9920282032073431,
    0.9915489217620336,
    0.9904275177146261,
    0.9900316172552664
  ],
  "orth_r2_per_layer": [
    0.5123934085585673,
    0.07665546450159355,
    0.13400209648645178,
    -0.06159491431640052,
    -0.13333065993640725,
    -0.203749015344032,
    -0.21839219856339853,
    -0.41285316405483696,
    -0.6048663334524114,
    -0.9167374419899095,
    -1.2861723579750106,
    -1.83525528214222,
    -2.1227343387435713,
    -3.673538693259399,
    -3.741816320018848,
    -3.51675555412086,
    -4.531809647309313,
    -4.083542116204739,
    -4.04064140897293,
    -4.0155032775375945,
    -4.174875293521541,
    -4.508326095154647,
    -4.9817328653139175,
    -5.396082419533792,
    -5.633981078067446,
    -5.861342812798574
  ],
  "alpha_ridge": 1.0,
  "n_folds": 5,
  "n_groups": 400
}