{
  "model_short": "gemma2-2b",
  "pair": "weight",
  "late_layer": 20,
  "pca_r2": {
    "PC1_vs_z": 0.94896281610087,
    "PC1_vs_x": 0.005012612429218808,
    "PC2_vs_z": 0.010203189107390787,
    "PC2_vs_x": 0.054696698528009326,
    "PC2_vs_z2": 0.4337480249020047,
    "PC3_vs_z": 0.008511260353988692,
    "PC3_vs_x": 0.0038484482704067165,
    "explained_variance_ratio": [
      0.5766075404092232,
      0.13376638220327522,
      0.11091920206822305
    ]
  },
  "cos_pc1_primal_per_layer": [
    -0.9736159788961958,
    -0.9809049981915035,
    -0.9721992532146261,
    -0.38518845397539575,
    0.10081314201819365,
    -0.044475284024794955,
    -0.04238439479907965,
    -0.23009485442548736,
    -0.26819443306296065,
    -0.4078492978225541,
    0.290256282124199,
    -0.4214365937924809,
    -0.4995918400970382,
    -0.9009610038436028,
    -0.9474115931947229,
    -0.9460641360911314,
    0.9913725777736357,
    0.9910290995993535,
    0.9962242057733662,
    -0.9970960580468732,
    0.9973893943336014,
    0.9950161842565378,
    0.9948566364993875,
    0.9929065621323758,
    0.9921965407385975,
    0.9890005080741536
  ]
}