{
  "model_short": "gemma2-9b",
  "pair": "size",
  "n_layers": 42,
  "n_prompts": 3620,
  "n_groups": 362,
  "naive_r2_per_layer": [
    0.40439498842977784,
    0.5068998991321314,
    0.5451289365365934,
    0.8406305310008205,
    0.9232864624823818,
    0.9247191060216758,
    0.9591287740872602,
    0.9576336196133401,
    0.974185416050701,
    0.9765243771722005,
    0.9826688200989963,
    0.9857294079378568,
    0.9879810240613441,
    0.9901696983341272,
    0.9919940564023954,
    0.9937081260946102,
    0.9949923557738383,
    0.9954670170891977,
    0.9959082519795724,
    0.9960740436712747,
    0.9956259497173692,
    0.9953335360114505,
    0.9949957641147313,
    0.9949973691521979,
    0.9945802275060185,
    0.994473757367673,
    0.9941782454189201,
    0.9943494513018476,
    0.9941190121310255,
    0.9939760965998897,
    0.9936497321331978,
    0.9935248467260068,
    0.9929724729336532,
    0.992945223952964,
    0.9928180546232722,
    0.9918909824635712,
    0.9915966388850154,
    0.9911361577054767,
    0.9897814338546199,
    0.9892044160009222,
    0.9879689116504962,
    0.9876633242556462
  ],
  "orth_r2_per_layer_FOLD_AWARE": [
    0.40439498842977784,
    0.13130821922803548,
    0.12825807284571045,
    0.2521232391852246,
    0.057998655194674065,
    0.012791354420266687,
    0.025517451426200544,
    0.002837746157563492,
    0.011627486654411934,
    0.0018338974573348654,
    0.003965010724846452,
    0.0012070444492853216,
    -0.00035257461886484265,
    -0.0003761819076308903,
    -0.000898462904613373,
    -0.0016734934201481089,
    -0.004039077286718262,
    -0.0056188128979015595,
    -0.004584396473335417,
    -0.003731114740085806,
    -0.005918279121431835,
    -0.007003547761943452,
    -0.007404726949266083,
    -0.005013606572122464,
    -0.005514261446884605,
    -0.004953196326130227,
    -0.006767904154468374,
    -0.005742337397960373,
    -0.006907551134884615,
    -0.004385198320230321,
    -0.001759924366394383,
    0.0017403906567394767,
    0.0022895104206814842,
    0.0016643730715223404,
    0.0011719635235705184,
    0.001502607519836885,
    0.0006448448768971993,
    0.0005031267405158912,
    0.0009433215903564829,
    0.0039003860157931225,
    0.004468949644917175,
    0.00824370743291769
  ],
  "fold_aware": true,
  "alpha_ridge": 1.0,
  "n_folds": 5
}