{
  "height": {
    "r2_inlp_z": [
      0.982473950437073,
      0.9129794767225008,
      0.8606647412742404,
      0.8144996138486509,
      0.7760371298907377,
      0.7493942745149915,
      0.7289261404445432,
      0.71215166871743,
      0.6971254310205336
    ],
    "r2_random_mean": [
      0.9818854011868394,
      0.981877243498159,
      0.9818796213565076,
      0.9818819957448858,
      0.9818643805445836,
      0.9818673907291826,
      0.9818647942927944,
      0.9818667157367109,
      0.9818588959800678
    ],
    "r2_random_std": [
      0.0009024382979633912,
      0.0009053831376825171,
      0.0008986510008838748,
      0.0008991443639765118,
      0.0009316712504789025,
      0.0009358560015397082,
      0.0009418565746708026,
      0.0009420450859405843,
      0.0009390024862552847
    ],
    "r2_init": 0.982473950437073,
    "r2_final_inlp": 0.6971254310205336,
    "r2_final_rand": 0.9818588959800678
  },
  "age": {
    "r2_inlp_z": [
      0.9761462927156044,
      0.8570733068619649,
      0.7626471608116985,
      0.697062649980554,
      0.6451039895052271,
      0.604662897222368,
      0.5741386960997168,
      0.5474097649675541,
      0.5237246276446341
    ],
    "r2_random_mean": [
      0.9767447205304229,
      0.9767333958842689,
      0.976724542544091,
      0.9767303342192425,
      0.9767341628895382,
      0.9767440435143374,
      0.9767322442346553,
      0.9767360554310334,
      0.9767113619596058
    ],
    "r2_random_std": [
      0.0005117733474731349,
      0.0005116393369151876,
      0.0005116448855451011,
      0.0005201416147469244,
      0.00051687049114689,
      0.0005135798883820716,
      0.0005014483748103854,
      0.0004899881851390008,
      0.0004356314931367236
    ],
    "r2_init": 0.9761462927156044,
    "r2_final_inlp": 0.5237246276446341,
    "r2_final_rand": 0.9767113619596058
  },
  "weight": {
    "r2_inlp_z": [
      0.9731788641625151,
      0.8764787182114088,
      0.8156126318293124,
      0.7653748068735061,
      0.7237468834885028,
      0.6949233473825199,
      0.669064146535772,
      0.645780573584835,
      0.6220483720024246
    ],
    "r2_random_mean": [
      0.9721110554612911,
      0.9721124317521501,
      0.9721250895412817,
      0.9721249378459739,
      0.9721204956694565,
      0.9721132500227235,
      0.9721000255793951,
      0.9721039972927333,
      0.9721085083693278
    ],
    "r2_random_std": [
      0.0016235394104225957,
      0.001621233631852064,
      0.0016219215682795607,
      0.0016247715047120101,
      0.0016078899054278886,
      0.0015977570675522132,
      0.001602804145704972,
      0.0016087643477623915,
      0.001591447811935389
    ],
    "r2_init": 0.9731788641625151,
    "r2_final_inlp": 0.6220483720024246,
    "r2_final_rand": 0.9721085083693278
  },
  "size": {
    "r2_inlp_z": [
      0.9559426871401268,
      0.8140697680621504,
      0.7369212843849929,
      0.6843271439154326,
      0.6406403292890717,
      0.59689058328594,
      0.5556201655545354,
      0.5051410429966128,
      0.45386339975513595
    ],
    "r2_random_mean": [
      0.956145259848815,
      0.9561450990512116,
      0.9561681152380199,
      0.956179455103536,
      0.9561637118394781,
      0.9561669543907546,
      0.9561644849601055,
      0.9561860137939994,
      0.9561770728205973
    ],
    "r2_random_std": [
      0.00033816893638493575,
      0.00033855727249420663,
      0.00034170050263063005,
      0.00035612311502070256,
      0.00037076826551076225,
      0.00036326395388433427,
      0.00033726578842589933,
      0.00038029888785617774,
      0.0003883413375850625
    ],
    "r2_init": 0.9559426871401268,
    "r2_final_inlp": 0.45386339975513595,
    "r2_final_rand": 0.9561770728205973
  },
  "speed": {
    "r2_inlp_z": [
      0.9660307657879663,
      0.8593540922547183,
      0.7823506922671872,
      0.7346074616377246,
      0.6923141510683035,
      0.6559651397280335,
      0.6265877787785115,
      0.599895678405792,
      0.5763357146129703
    ],
    "r2_random_mean": [
      0.9618731503450914,
      0.961858066570675,
      0.961871127456722,
      0.9618848158347361,
      0.9618769149788587,
      0.9618822923692779,
      0.9618704827521581,
      0.9618409668429124,
      0.961802647157331
    ],
    "r2_random_std": [
      0.0023342420119758754,
      0.0023298598868293566,
      0.002334587293358565,
      0.002334911691632819,
      0.0023596728395690017,
      0.002361300191274668,
      0.0023771310844841144,
      0.002356883146951026,
      0.0023271954874012715
    ],
    "r2_init": 0.9660307657879663,
    "r2_final_inlp": 0.5763357146129703,
    "r2_final_rand": 0.961802647157331
  },
  "wealth": {
    "r2_inlp_z": [
      0.9679637548926951,
      0.8507934940070452,
      0.772193063188902,
      0.7185727009511508,
      0.6761381939640126,
      0.6410815775947525,
      0.6093842823503048,
      0.5785754914128388,
      0.5532244886505536
    ],
    "r2_random_mean": [
      0.9659871775900178,
      0.9659979132677953,
      0.9659910322555655,
      0.9660085207766534,
      0.9660050979972183,
      0.9660093963795059,
      0.9660113715374496,
      0.9660253786322007,
      0.9659653433172654
    ],
    "r2_random_std": [
      0.001516867164342091,
      0.0015331667126727982,
      0.0015051558415180915,
      0.0014983385342510576,
      0.0014908036121624186,
      0.001486610324697644,
      0.0015046666102399358,
      0.001510580654895226,
      0.0015140943905954248
    ],
    "r2_init": 0.9679637548926951,
    "r2_final_inlp": 0.5532244886505536,
    "r2_final_rand": 0.9659653433172654
  },
  "experience": {
    "r2_inlp_z": [
      0.9566971925343234,
      0.8136669300934859,
      0.7293519831342481,
      0.6691466847041885,
      0.6258243058826374,
      0.592186321984828,
      0.5631392300311779,
      0.5389901681830495,
      0.5123881995088102
    ],
    "r2_random_mean": [
      0.9548581278300697,
      0.9548669214231063,
      0.9548735488598497,
      0.9548899439605195,
      0.9549019878581476,
      0.9549208139089306,
      0.954924004979254,
      0.9549524377624167,
      0.9549479744153588
    ],
    "r2_random_std": [
      0.0010642813841599266,
      0.0010659815887668505,
      0.0010732261800454797,
      0.0010717746588843077,
      0.0010962254302091965,
      0.001095626754395936,
      0.0010897152536135126,
      0.0010870109298517971,
      0.0010918544940283748
    ],
    "r2_init": 0.9566971925343234,
    "r2_final_inlp": 0.5123881995088102,
    "r2_final_rand": 0.9549479744153588
  },
  "bmi_abs": {
    "r2_inlp_z": [
      0.9640162462173134,
      0.823119450144685,
      0.720056070563644,
      0.6472367143434886,
      0.5916544598372834,
      0.5459715808192109,
      0.5099652923986988,
      0.48040675499218405,
      0.4508689364648923
    ],
    "r2_random_mean": [
      0.9645453418062647,
      0.9645611490378133,
      0.9645430804847845,
      0.9645150261986576,
      0.9645398568820299,
      0.9645299230569933,
      0.964532313706347,
      0.9645303667333972,
      0.9645365488827137
    ],
    "r2_random_std": [
      0.0015117519054294334,
      0.001507085460673361,
      0.0014878575680507945,
      0.0014753216264460594,
      0.0014725641970967157,
      0.001504523969841577,
      0.0015168217122317356,
      0.001545504541899574,
      0.001546861560666682
    ],
    "r2_init": 0.9640162462173134,
    "r2_final_inlp": 0.4508689364648923,
    "r2_final_rand": 0.9645365488827137
  }
}