{
  "model_short": "gemma2-2b",
  "pair": "size",
  "n_layers": 26,
  "naive_r2_per_layer": [
    0.40354033563689884,
    0.5827291116811038,
    0.801598184588792,
    0.8554994959496229,
    0.9144233948218529,
    0.9531000102033116,
    0.9568802141803882,
    0.9848036182915154,
    0.9881109826399926,
    0.9910398377004905,
    0.9918846862498097,
    0.9928213737681011,
    0.9925483286311914,
    0.9930831084479324,
    0.9930887713149786,
    0.9928749266770363,
    0.9938822081315328,
    0.99385665724096,
    0.9931912102782207,
    0.9925146793012118,
    0.9918838904271524,
    0.9912005889751938,
    0.9905572187684514,
    0.9897921074421153,
    0.9881370028575575,
    0.986968412656047
  ],
  "orth_r2_per_layer": [
    0.40354033563689884,
    0.1392515067116633,
    0.1277705703221904,
    -0.05781857889444719,
    -0.09265343984803787,
    -0.18398681625150703,
    -0.22165485046618771,
    -0.36442115902664884,
    -0.490212865347732,
    -0.6683723620060071,
    -0.8371503486783032,
    -1.2091825285930167,
    -1.4507312537710386,
    -2.0551241723977327,
    -2.1128015368349016,
    -2.0133772901065057,
    -2.7460025905152676,
    -2.655505044150202,
    -2.7196683494107936,
    -2.7860109956910972,
    -2.9857625863429162,
    -3.3727465003620036,
    -3.790746571290155,
    -4.311742666928557,
    -4.801113660604827,
    -5.363681282071174
  ],
  "alpha_ridge": 1.0,
  "n_folds": 5,
  "n_groups": 362
}