{
  "model_short": "gemma2-2b",
  "pair": "size",
  "late_layer": 20,
  "pca_r2": {
    "PC1_vs_z": 0.07540554421591515,
    "PC1_vs_x": 0.6511035586313052,
    "PC2_vs_z": 0.785419412829198,
    "PC2_vs_x": 0.01615504276137705,
    "PC2_vs_z2": 0.014576878182854937,
    "PC3_vs_z": 0.07785132343901167,
    "PC3_vs_x": 0.04858294100334613,
    "explained_variance_ratio": [
      0.41611963062477897,
      0.3066562608127913,
      0.07903985425007816
    ]
  },
  "cos_pc1_primal_per_layer": [
    0.4664840491423266,
    -0.756570629543716,
    0.6982608003563788,
    -0.6959693508330416,
    -0.4574934173243124,
    0.006649731213155698,
    -0.05763007289841909,
    -0.13151871601125267,
    -0.28291119307986884,
    -0.26464547023172974,
    -0.35312847923179086,
    -0.46164273395933497,
    -0.7334995917284984,
    -0.8643645219620038,
    -0.9105780229028669,
    -0.7790543222331423,
    0.8784588006797633,
    -0.7911538003830768,
    -0.5936761326524335,
    -0.28003409724868217,
    -0.32080403736244234,
    -0.10536715846917939,
    -0.03828693146839772,
    0.019455656161150536,
    0.08783723546204757,
    -0.13428883952775122
  ]
}