{
  "model_short": "gemma2-2b",
  "pair": "wealth",
  "n_layers": 26,
  "naive_r2_per_layer": [
    0.7939874118137917,
    0.8699921443776436,
    0.9144260136612369,
    0.9287631927068192,
    0.9307923108602205,
    0.9539597941332872,
    0.9528473109400799,
    0.9701538071222486,
    0.9752884568130524,
    0.9830329354081235,
    0.9857035129945543,
    0.9885924529986551,
    0.9897834936063821,
    0.9897531918817106,
    0.989295453840202,
    0.9888155644159813,
    0.9880606951484417,
    0.9878189986946311,
    0.9869708332197566,
    0.9867586547723044,
    0.9855071864066919,
    0.9847858746078647,
    0.9842782905173719,
    0.9827544132232029,
    0.9804678067100562,
    0.9772952141799178
  ],
  "orth_r2_per_layer": [
    0.7939874118137917,
    0.0018993412868476556,
    -0.048339279250165124,
    -0.10019111939363201,
    -0.126846943848532,
    -0.16895546721388977,
    -0.18337023480000902,
    -0.32550586378437796,
    -0.4460672637614973,
    -0.5993786570689008,
    -0.780806443391693,
    -1.3039489128736341,
    -1.6033697511256362,
    -2.290085447134933,
    -2.304608485503068,
    -2.42143773340317,
    -3.2943960470500633,
    -3.131033980682976,
    -3.1818736873434075,
    -3.177376571015297,
    -3.2979022363742496,
    -3.6607215543459386,
    -3.977581996207139,
    -4.264991561950447,
    -4.517596681744289,
    -5.016088144073877
  ],
  "alpha_ridge": 1.0,
  "n_folds": 5,
  "n_groups": 398
}