{
  "model_short": "gemma2-2b",
  "pair": "wealth",
  "late_layer": 20,
  "pca_r2": {
    "PC1_vs_z": 0.8554809946055948,
    "PC1_vs_x": 0.004786061350314988,
    "PC2_vs_z": 0.09274917228269967,
    "PC2_vs_x": 0.25510135032981895,
    "PC2_vs_z2": 0.0007791931925357868,
    "PC3_vs_z": 0.017238411225353596,
    "PC3_vs_x": 0.4103445383529983,
    "explained_variance_ratio": [
      0.49119082326129276,
      0.2779002599379144,
      0.09110190964591687
    ]
  },
  "cos_pc1_primal_per_layer": [
    0.31069169486700693,
    0.20990459767258704,
    0.3537888626004885,
    0.5278184167578087,
    -0.45041961124341673,
    0.4199279975588964,
    0.23428928944873215,
    -0.47016166675306553,
    -0.255949934491076,
    0.1446494861321307,
    -0.11808157250104828,
    0.2295144182627072,
    -0.8920192945480222,
    -0.9900290199137655,
    -0.9983057229269285,
    -0.9978044116978614,
    0.9970197434009254,
    0.9942872714859018,
    0.9874858893711584,
    -0.9553950105722693,
    -0.9698879607347116,
    -0.9333512573426987,
    -0.9205032479933208,
    -0.8860341940350337,
    0.7745829533380392,
    0.5757511636710325
  ]
}