{
  "model_short": "gemma2-9b",
  "pair": "age",
  "n_layers": 42,
  "n_prompts": 3900,
  "n_groups": 390,
  "naive_r2_per_layer": [
    0.5053837109669379,
    0.5727066022379224,
    0.5950036234271522,
    0.845971370681203,
    0.9139109400699075,
    0.9133206060637233,
    0.9672954502430948,
    0.9678679711625817,
    0.9834235196065118,
    0.9893190282933172,
    0.99172823085466,
    0.9937839493351417,
    0.9955887312762429,
    0.9962722119145648,
    0.9971354329996204,
    0.9975209772536919,
    0.9974138171615682,
    0.9975174537717757,
    0.9975207842707597,
    0.9972034523038142,
    0.997392862333052,
    0.997176738868781,
    0.997083418474612,
    0.9967465091098998,
    0.9965235514892108,
    0.9965022308444725,
    0.9961795328845874,
    0.9964242240410925,
    0.9961360110966302,
    0.9960588906643668,
    0.9961249549060917,
    0.995981178700814,
    0.9956691713185652,
    0.9953419631512045,
    0.9951421682414938,
    0.9948692727031933,
    0.9950499444295593,
    0.9947629762513254,
    0.9943693186275698,
    0.9940125011986698,
    0.9933176224490405,
    0.9926283464038308
  ],
  "orth_r2_per_layer_FOLD_AWARE": [
    0.5053837109669379,
    0.11473689549992327,
    0.10347520369533203,
    0.2127946597532795,
    0.05524670939529741,
    0.017170960175530214,
    0.04382817747100909,
    0.002433044523558525,
    0.013340530130590667,
    0.004284684665485594,
    -0.0006849176479053476,
    -0.0015898429698271155,
    -0.0012491945157064865,
    -0.0023680001059160904,
    -0.002170291062897345,
    -0.003064289517471952,
    -0.004517707070050392,
    -0.005075714357273942,
    -0.004191448802683961,
    -0.006149208416260876,
    -0.006207532996570286,
    -0.007312521291381602,
    -0.005547672771777812,
    -0.006585816707224801,
    -0.0072946785628118516,
    -0.006170448956647201,
    -0.006665899896274308,
    -0.004571075324706797,
    -0.005376650220904722,
    -0.00288292160691217,
    -0.0030741366175897067,
    -0.004328611343549671,
    -0.002791219512003007,
    -0.004262970701512936,
    -0.004165086360292891,
    -0.002564694696524983,
    -0.0012138990531778138,
    -0.002678458878802692,
    -0.00260628318675038,
    -0.0017660171451936435,
    -9.407938939376415e-05,
    -0.000264143166592401
  ],
  "fold_aware": true,
  "alpha_ridge": 1.0,
  "n_folds": 5
}