{
  "model_id": "google/gemma-2-9b",
  "model_short": "gemma2-9b",
  "layer": 33,
  "alpha": 4.0,
  "single_seed_followup": true,
  "pairs": [
    "height",
    "age",
    "weight",
    "size",
    "speed",
    "wealth",
    "experience",
    "bmi_abs"
  ],
  "n_prompts_by_target": {
    "height": 160,
    "age": 160,
    "weight": 160,
    "size": 160,
    "speed": 160,
    "wealth": 160,
    "experience": 160,
    "bmi_abs": 160
  },
  "matrices": {
    "full": {
      "height": {
        "height": 0.04599609225988388,
        "age": 0.01982421800494194,
        "weight": 0.02822265587747097,
        "size": 0.04345703125,
        "speed": 0.02460937574505806,
        "wealth": 0.02402343787252903,
        "experience": 0.01718750037252903,
        "bmi_abs": 0.014941406436264515
      },
      "age": {
        "height": 0.01640624925494194,
        "age": 0.05429687350988388,
        "weight": 0.02402343787252903,
        "size": 0.01318359375,
        "speed": 0.00888671912252903,
        "wealth": 0.013476562686264515,
        "experience": 0.02978515625,
        "bmi_abs": 0.02158203162252903
      },
      "weight": {
        "height": 0.02880859375,
        "age": 0.03261718899011612,
        "weight": 0.05615234375,
        "size": 0.03828125074505806,
        "speed": 0.021484375,
        "wealth": 0.01953125,
        "experience": 0.015625,
        "bmi_abs": 0.052734375
      },
      "size": {
        "height": 0.06318359076976776,
        "age": 0.04238281399011612,
        "weight": 0.06113281100988388,
        "size": 0.09492187201976776,
        "speed": 0.03867187350988388,
        "wealth": 0.02861328050494194,
        "experience": 0.03125,
        "bmi_abs": 0.03935546800494194
      },
      "speed": {
        "height": 0.0244140625,
        "age": 0.0069335936568677425,
        "weight": 0.01982421800494194,
        "size": 0.01972656324505806,
        "speed": 0.07539062201976776,
        "wealth": 0.02519531175494194,
        "experience": 0.01748046837747097,
        "bmi_abs": 0.01455078087747097
      },
      "wealth": {
        "height": 0.02998046949505806,
        "age": 0.01884765550494194,
        "weight": 0.03466796875,
        "size": 0.03085937537252903,
        "speed": 0.0283203125,
        "wealth": 0.05859375,
        "experience": 0.015332031063735485,
        "bmi_abs": 0.02500000037252903
      },
      "experience": {
        "height": 0.02207031287252903,
        "age": 0.04628906399011612,
        "weight": 0.02197265625,
        "size": 0.022705078125,
        "speed": 0.02651367150247097,
        "wealth": 0.03408203274011612,
        "experience": 0.09067382663488388,
        "bmi_abs": 0.011474609375
      },
      "bmi_abs": {
        "height": 0.02553710900247097,
        "age": 0.02006835862994194,
        "weight": 0.04458007961511612,
        "size": 0.03486328199505806,
        "speed": 0.02006835862994194,
        "wealth": 0.01582031324505806,
        "experience": 0.0042968750931322575,
        "bmi_abs": 0.05698242038488388
      }
    },
    "lexical_projection": {
      "height": {
        "height": 0.02773437462747097,
        "age": -0.0023437500931322575,
        "weight": 0.0064453124068677425,
        "size": 0.03251953050494194,
        "speed": 0.0025390624068677425,
        "wealth": 0.01328125037252903,
        "experience": 0.007031249813735485,
        "bmi_abs": -0.0040039061568677425
      },
      "age": {
        "height": -0.006054687313735485,
        "age": 0.04423828050494194,
        "weight": 0.013671875,
        "size": 0.008105468936264515,
        "speed": -0.012402343563735485,
        "wealth": -0.0026367187965661287,
        "experience": -0.0044921874068677425,
        "bmi_abs": 0.0054687499068677425
      },
      "weight": {
        "height": 0.013378906063735485,
        "age": 0.01220703125,
        "weight": 0.08505859225988388,
        "size": 0.0439453125,
        "speed": -0.01669921912252903,
        "wealth": 0.01064453087747097,
        "experience": 0.01083984412252903,
        "bmi_abs": 0.03789062425494194
      },
      "size": {
        "height": 0.02509765699505806,
        "age": 0.01806640625,
        "weight": 0.041015625,
        "size": 0.1064453125,
        "speed": 0.00341796875,
        "wealth": 0.03271484375,
        "experience": 0.0023437500931322575,
        "bmi_abs": 0.01582031324505806
      },
      "speed": {
        "height": 0.00869140587747097,
        "age": -0.01611328125,
        "weight": -0.01748046837747097,
        "size": 0.02392578125,
        "speed": 0.12480469048023224,
        "wealth": 0.0322265625,
        "experience": 0.02656250074505806,
        "bmi_abs": -0.0032226562034338713
      },
      "wealth": {
        "height": 0.008593750186264515,
        "age": 0.0035156249068677425,
        "weight": 0.0016601562965661287,
        "size": 0.01796874962747097,
        "speed": 0.01318359375,
        "wealth": 0.05937499925494194,
        "experience": 0.0059570311568677425,
        "bmi_abs": 0.00341796875
      },
      "experience": {
        "height": 0.0166015625,
        "age": 0.02187499962747097,
        "weight": 0.0062011717818677425,
        "size": 0.02504882775247097,
        "speed": 0.03676757961511612,
        "wealth": 0.02812499925494194,
        "experience": 0.16640624403953552,
        "bmi_abs": -0.0005371093866415322
      },
      "bmi_abs": {
        "height": -0.006298827938735485,
        "age": 0.02275390550494194,
        "weight": 0.04897461086511612,
        "size": 0.01689453050494194,
        "speed": -0.012988281436264515,
        "wealth": -0.01357421837747097,
        "experience": -0.01064453087747097,
        "bmi_abs": 0.08046875149011612
      }
    },
    "lexical_residual": {
      "height": {
        "height": 0.03974609449505806,
        "age": 0.01816406287252903,
        "weight": 0.02783203125,
        "size": 0.03281249850988388,
        "speed": 0.02333984337747097,
        "wealth": 0.02109375037252903,
        "experience": 0.01806640625,
        "bmi_abs": 0.01718750037252903
      },
      "age": {
        "height": 0.01806640625,
        "age": 0.04609375074505806,
        "weight": 0.02099609375,
        "size": 0.01181640662252903,
        "speed": 0.011914062313735485,
        "wealth": 0.01328125037252903,
        "experience": 0.03310547024011612,
        "bmi_abs": 0.0205078125
      },
      "weight": {
        "height": 0.02822265587747097,
        "age": 0.02871093712747097,
        "weight": 0.037109375,
        "size": 0.02197265625,
        "speed": 0.02773437462747097,
        "wealth": 0.01787109300494194,
        "experience": 0.01455078087747097,
        "bmi_abs": 0.04423828050494194
      },
      "size": {
        "height": 0.05859375,
        "age": 0.03994140774011612,
        "weight": 0.05263672024011612,
        "size": 0.05732421949505806,
        "speed": 0.03779296949505806,
        "wealth": 0.01865234412252903,
        "experience": 0.03183593600988388,
        "bmi_abs": 0.03544921800494194
      },
      "speed": {
        "height": 0.02509765699505806,
        "age": 0.01064453087747097,
        "weight": 0.02421874925494194,
        "size": 0.01230468787252903,
        "speed": 0.04335937649011612,
        "wealth": 0.01835937425494194,
        "experience": 0.0126953125,
        "bmi_abs": 0.015429687686264515
      },
      "wealth": {
        "height": 0.02949218824505806,
        "age": 0.0205078125,
        "weight": 0.03818359225988388,
        "size": 0.02480468712747097,
        "speed": 0.02431640587747097,
        "wealth": 0.04287109524011612,
        "experience": 0.013964843936264515,
        "bmi_abs": 0.02558593824505806
      },
      "experience": {
        "height": 0.01972656324505806,
        "age": 0.04360351711511612,
        "weight": 0.02084960974752903,
        "size": 0.012158202938735485,
        "speed": 0.02001953125,
        "wealth": 0.02773437462747097,