{
  "model_short": "gemma2-9b",
  "layer": 33,
  "pairs": [
    "height",
    "age",
    "weight",
    "size",
    "speed",
    "wealth",
    "experience",
    "bmi_abs"
  ],
  "target_lexical_overlap": {
    "full": {
      "height": {
        "height": 0.06738233188844078,
        "age": 0.016690379403531956,
        "weight": 0.022147797273423888,
        "size": 0.06253665869197966,
        "speed": 0.02173248831188738,
        "wealth": 0.028479901084826623,
        "experience": 0.016502911177510803,
        "bmi_abs": 0.011490098301247668
      },
      "age": {
        "height": 0.002819265249005664,
        "age": 0.0648781133837494,
        "weight": 0.014985525445353243,
        "size": 0.0028902440486039843,
        "speed": 0.0035303054242838386,
        "wealth": 0.0037788150348160906,
        "experience": 0.022227311712912225,
        "bmi_abs": 0.013063137868427697
      },
      "weight": {
        "height": 0.024316418681195568,
        "age": 0.026243317577086468,
        "weight": 0.06464530887981233,
        "size": 0.05420417444467606,
        "speed": 0.011720143771762033,
        "wealth": 0.009164421807061857,
        "experience": 0.009394379926350331,
        "bmi_abs": 0.06332780800268091
      },
      "size": {
        "height": 0.10270529012088643,
        "age": 0.06169641117776945,
        "weight": 0.11107184739078385,
        "size": 0.16053662502602778,
        "speed": 0.06668594100256232,
        "wealth": 0.059968702192222945,
        "experience": 0.040335806850837486,
        "bmi_abs": 0.06960263343412315
      },
      "speed": {
        "height": 0.007093752635688368,
        "age": 0.0020203660505688377,
        "weight": 0.0030217720394397,
        "size": 0.006845533183713526,
        "speed": 0.06307187095973571,
        "wealth": 0.023584788769864504,
        "experience": 0.00758275593849525,
        "bmi_abs": 0.0018030667428894107
      },
      "wealth": {
        "height": 0.03483060352451849,
        "age": 0.019859301454042876,
        "weight": 0.036850281160876804,
        "size": 0.041949051808629886,
        "speed": 0.026415928374491658,
        "wealth": 0.09514871372005242,
        "experience": 0.033070669289169484,
        "bmi_abs": 0.015426217018463978
      },
      "experience": {
        "height": 0.008779097047802784,
        "age": 0.013793177657772378,
        "weight": 0.004978911558570507,
        "size": 0.006339416951496468,
        "speed": 0.013593139176278603,
        "wealth": 0.025863863183122584,
        "experience": 0.06575142971661704,
        "bmi_abs": 0.0031792734046292926
      },
      "bmi_abs": {
        "height": 0.022699125945320826,
        "age": 0.01293327423530197,
        "weight": 0.03559132854294215,
        "size": 0.029197321476375666,
        "speed": 0.00801890304097089,
        "wealth": 0.014239259698893456,
        "experience": 0.005348521141360915,
        "bmi_abs": 0.06000043055647957
      }
    },
    "lexical_projection": {
      "height": {
        "height": 1.0000000000000004,
        "age": 0.06395186787840251,
        "weight": 0.07125690203380414,
        "size": 0.11202201731180933,
        "speed": 0.033583271987503535,
        "wealth": 0.02480270007874018,
        "experience": 0.019067674832725853,
        "bmi_abs": 0.018212450673500327
      },
      "age": {
        "height": 0.03608554555115802,
        "age": 1.0000000000000004,
        "weight": 0.09773679987573176,
        "size": 0.04014389021412407,
        "speed": 0.04724855492127831,
        "wealth": 0.009353304488929652,
        "experience": 0.02571578652512024,
        "bmi_abs": 0.010604192079144502
      },
      "weight": {
        "height": 0.06028295153793562,
        "age": 0.11293552418373855,
        "weight": 0.9999999999999993,
        "size": 0.14333155408388148,
        "speed": 0.06585654198474264,
        "wealth": 0.014375076859647102,
        "experience": 0.012494647056626697,
        "bmi_abs": 0.24905232618889156
      },
      "size": {
        "height": 0.11391928695964261,
        "age": 0.050143352624877784,
        "weight": 0.14241572025344137,
        "size": 0.9999999999999982,
        "speed": 0.06583569834681782,
        "wealth": 0.13722225672454527,
        "experience": 0.028999738335475183,
        "bmi_abs": 0.03807930292592501
      },
      "speed": {
        "height": 0.014375778687436211,
        "age": 0.03455354971454405,
        "weight": 0.043682597252150616,
        "size": 0.05624605985487581,
        "speed": 1.0000000000000009,
        "wealth": 0.11170538754919311,
        "experience": 0.0743331266943511,
        "bmi_abs": 0.026012751169445462
      },
      "wealth": {
        "height": 0.02116964690241932,
        "age": 0.016555952306571885,
        "weight": 0.016975716791960815,
        "size": 0.13459543601418006,
        "speed": 0.11164129234455224,
        "wealth": 0.9999999999999984,
        "experience": 0.06255660436332844,
        "bmi_abs": 0.01827320692493669
      },
      "experience": {
        "height": 0.011695890692755942,
        "age": 0.03700587831983221,
        "weight": 0.011104906599816361,
        "size": 0.024610015575674493,
        "speed": 0.08263435966937362,
        "wealth": 0.04152105667460867,
        "experience": 0.9999999999999989,
        "bmi_abs": 0.003913208587490767
      },
      "bmi_abs": {
        "height": 0.02179536792216964,
        "age": 0.020298533430081037,
        "weight": 0.2549601067214962,
        "size": 0.046317606141228304,
        "speed": 0.039627395028265684,
        "wealth": 0.010259631239310866,
        "experience": 0.01690252871718023,
        "bmi_abs": 1.0000000000000018
      }
    },
    "lexical_residual": {
      "height": {
        "height": 1.1875706924301974e-31,
        "age": 0.03452604995198803,
        "weight": 0.020250140436559573,
        "size": 0.03342033082379084,
        "speed": 0.016777724547146138,
        "wealth": 0.025666774258250816,
        "experience": 0.01248016764594261,
        "bmi_abs": 0.0076931665858821505
      },
      "age": {
        "height": 0.008338751936716588,
        "age": 5.944462316516539e-32,
        "weight": 0.004656475216802043,
        "size": 0.0028887043607890225,
        "speed": 0.003860537474625878,
        "wealth": 0.007361390251633719,
        "experience": 0.021703361436761992,
        "bmi_abs": 0.00933693851261883
      },
      "weight": {
        "height": 0.021416259558640523,
        "age": 0.00870496415861291,
        "weight": 2.446499073104446e-33,
        "size": 0.012248545669013377,
        "speed": 0.025707318318942067,
        "wealth": 0.006268583109847213,
        "experience": 0.01452351846014539,
        "bmi_abs": 0.026901786857738298
      },
      "size": {
        "height": 0.07628205856224071,
        "age": 0.04028656626220653,
        "weight": 0.07451066871246091,
        "size": 5.13389753308452e-31,
        "speed": 0.04336515851038896,
        "wealth": 0.019486871731040276,
        "experience": 0.028743192177529693,
        "bmi_abs": 0.06360758405952152
      },
      "speed": {
        "height": 0.009107570494403553,
        "age": 0.002080919940747545,
        "weight": 0.007540261696595877,
        "size": 0.00429694838245392,
        "speed": 1.5410795083622434e-31,
        "wealth": 0.004067080207716764,
        "experience": 0.0018379886063933024,
        "bmi_abs": 0.0018765323467103306
      },
      "wealth": {
        "height": 0.02938660506506053,
        "age": 0.025849277794441582,
        "weight": 0.03368660691762918,
        "size": 0.006592943853139628,
        "speed": 0.009164056269275026,
        "wealth": 2.593679772694229e-31,
        "experience": 0.021778112736116195,
        "bmi_abs": 0.018688211966001556
      },
      "experience": {
        "height": 0.005083053137693483,
        "age": 0.0131840809571809,
        "weight": 0.008367781234372627,
        "size": 0.0015449321102806,