{
  "model_id": "google/gemma-2-2b",
  "layer": 20,
  "ks": [
    2,
    4,
    8
  ],
  "pairs_eval": [
    "height",
    "weight",
    "speed"
  ],
  "singular_values": [
    148.3363104907056,
    72.67407586555315,
    54.4490791775625,
    48.28545733667734,
    36.82481846917292,
    30.543491054713922,
    29.330056738384606,
    24.853657632621402
  ],
  "variance_explained": [
    0.6053560107527517,
    0.14530312320228359,
    0.0815637138811614,
    0.0641429030517241,
    0.037307585478635025,
    0.02566570879339368,
    0.023666918742035442,
    0.01699403609801511
  ],
  "mu_full": [
    19.55013822311511,
    37.44363095077499,
    -21.370434897864264,
    -14.350320011769155,
    0.9835575584129737,
    -6.374265150710663,
    -24.994809903318103,
    14.72459318614683
  ],
  "per_pair": {
    "height": {
      "n_holdout": 3600,
      "k2_proj_out_k": {
        "k": 2,
        "corr_LD_z": 0.6676234631448251,
        "corr_LD_x": 0.37767770348222546,
        "ld_mean": 8.181475639343262,
        "elapsed_sec": 38.7
      },
      "k2_mean_ablate_k": {
        "k": 2,
        "corr_LD_z": 0.6724581780558408,
        "corr_LD_x": 0.35123046684308484,
        "ld_mean": 4.534201622009277,
        "elapsed_sec": 38.4
      },
      "k2_rand_proj_k": {
        "k": 2,
        "corr_LD_z": 0.9295956565031087,
        "corr_LD_x": 0.11697822960011653,
        "ld_mean": 5.886180400848389,
        "elapsed_sec": 38.6
      },
      "k4_proj_out_k": {
        "k": 4,
        "corr_LD_z": 0.23876915083094155,
        "corr_LD_x": 0.560015492993942,
        "ld_mean": 9.201336860656738,
        "elapsed_sec": 38.5
      },
      "k4_mean_ablate_k": {
        "k": 4,
        "corr_LD_z": 0.2474956397539685,
        "corr_LD_x": 0.5171757724009262,
        "ld_mean": 4.391250133514404,
        "elapsed_sec": 38.8
      },
      "k4_rand_proj_k": {
        "k": 4,
        "corr_LD_z": 0.9289609464456594,
        "corr_LD_x": 0.11943607981084944,
        "ld_mean": 5.457968711853027,
        "elapsed_sec": 38.7
      },
      "k8_proj_out_k": {
        "k": 8,
        "corr_LD_z": 0.2639540178350214,
        "corr_LD_x": 0.539436546984676,
        "ld_mean": 8.608428955078125,
        "elapsed_sec": 38.6
      },
      "k8_mean_ablate_k": {
        "k": 8,
        "corr_LD_z": 0.29044243330869113,
        "corr_LD_x": 0.5058515184057846,
        "ld_mean": 4.2666144371032715,
        "elapsed_sec": 38.9
      },
      "k8_rand_proj_k": {
        "k": 8,
        "corr_LD_z": 0.9300733107931953,
        "corr_LD_x": 0.1130134262487707,
        "ld_mean": 5.138176918029785,
        "elapsed_sec": 39.0
      }
    },
    "weight": {
      "n_holdout": 3600,
      "k2_proj_out_k": {
        "k": 2,
        "corr_LD_z": 0.2745796003685243,
        "corr_LD_x": 0.4766166786264713,
        "ld_mean": 2.3874261379241943,
        "elapsed_sec": 38.7
      },
      "k2_mean_ablate_k": {
        "k": 2,
        "corr_LD_z": 0.27975265954303596,
        "corr_LD_x": 0.4460241549410717,
        "ld_mean": 0.93826824426651,
        "elapsed_sec": 38.7
      },
      "k2_rand_proj_k": {
        "k": 2,
        "corr_LD_z": 0.9306754510591355,
        "corr_LD_x": 0.08738636457553167,
        "ld_mean": 0.35407552123069763,
        "elapsed_sec": 38.5
      },
      "k4_proj_out_k": {
        "k": 4,
        "corr_LD_z": 0.2747000070614675,
        "corr_LD_x": 0.5222726769032554,
        "ld_mean": 1.8516124486923218,
        "elapsed_sec": 38.6
      },
      "k4_mean_ablate_k": {
        "k": 4,
        "corr_LD_z": 0.2900450011132422,
        "corr_LD_x": 0.45395867965348,
        "ld_mean": 0.6708680391311646,
        "elapsed_sec": 36.9
      },
      "k4_rand_proj_k": {
        "k": 4,
        "corr_LD_z": 0.929444555192524,
        "corr_LD_x": 0.09002277341461308,
        "ld_mean": 0.34963974356651306,
        "elapsed_sec": 36.4
      },
      "k8_proj_out_k": {
        "k": 8,
        "corr_LD_z": 0.11418327396655975,
        "corr_LD_x": 0.7389007075332578,
        "ld_mean": -0.007790798787027597,
        "elapsed_sec": 33.5
      },
      "k8_mean_ablate_k": {
        "k": 8,
        "corr_LD_z": 0.10523933343276011,
        "corr_LD_x": 0.7357863754440214,
        "ld_mean": 0.003914930392056704,
        "elapsed_sec": 35.6
      },
      "k8_rand_proj_k": {
        "k": 8,
        "corr_LD_z": 0.9307884663467425,
        "corr_LD_x": 0.07635070964499548,
        "ld_mean": -0.6589127779006958,
        "elapsed_sec": 37.3
      }
    },
    "speed": {
      "n_holdout": 3285,
      "k2_proj_out_k": {
        "k": 2,
        "corr_LD_z": 0.8936789406442743,
        "corr_LD_x": 0.3494981446888834,
        "ld_mean": 3.793959379196167,
        "elapsed_sec": 33.8
      },
      "k2_mean_ablate_k": {
        "k": 2,
        "corr_LD_z": 0.8957433193682199,
        "corr_LD_x": 0.3137345046331412,
        "ld_mean": 0.6863584518432617,
        "elapsed_sec": 33.2
      },
      "k2_rand_proj_k": {
        "k": 2,
        "corr_LD_z": 0.9196640658667562,
        "corr_LD_x": 0.27495346230332146,
        "ld_mean": 0.7089136242866516,
        "elapsed_sec": 33.1
      },
      "k4_proj_out_k": {
        "k": 4,
        "corr_LD_z": 0.8227586375059228,
        "corr_LD_x": 0.48324785956645405,
        "ld_mean": 7.275012016296387,
        "elapsed_sec": 33.8
      },
      "k4_mean_ablate_k": {
        "k": 4,
        "corr_LD_z": 0.8480182461771951,
        "corr_LD_x": 0.4017896181686626,
        "ld_mean": 1.6942065954208374,
        "elapsed_sec": 33.3
      },
      "k4_rand_proj_k": {
        "k": 4,
        "corr_LD_z": 0.9193994801158254,
        "corr_LD_x": 0.27919079258678564,
        "ld_mean": 0.759684145450592,
        "elapsed_sec": 33.7
      },
      "k8_proj_out_k": {
        "k": 8,
        "corr_LD_z": 0.4185867879782881,
        "corr_LD_x": 0.6460129061000041,
        "ld_mean": 8.173157691955566,
        "elapsed_sec": 33.7
      },
      "k8_mean_ablate_k": {
        "k": 8,
        "corr_LD_z": 0.4889961727981224,
        "corr_LD_x": 0.57310025673212,
        "ld_mean": 1.8154205083847046,
        "elapsed_sec": 34.2
      },
      "k8_rand_proj_k": {
        "k": 8,
        "corr_LD_z": 0.9266885894164207,
        "corr_LD_x": 0.23714474632387914,
        "ld_mean": 1.7222888469696045,
        "elapsed_sec": 34.0
      }
    }
  },
  "wikitext_loss": {
    "k2_proj_out_k": {
      "k": 2,
      "loss": 6.325518192354901,
      "ppl": 558.6472253943223,
      "elapsed_sec": 3.3
    },
    "k2_mean_ablate_k": {
      "k": 2,
      "loss": 6.297363388595379,
      "ppl": 543.1379768102132,
      "elapsed_sec": 3.2
    },
    "k2_rand_proj_k": {
      "k": 2,
      "loss": 6.306753583650441,
      "ppl": 548.2621692852837,
      "elapsed_sec": 3.1
    },
    "k4_proj_out_k": {
      "k": 4,
      "loss": 6.3597638636358615,
      "ppl": 578.1098275219014,
      "elapsed_sec": 3.2
    },
    "k4_mean_ablate_k": {
      "k": 4,
      "loss": 6.260566211527159,
      "ppl": 523.5152765897668,
      "elapsed_sec": 3.3
    },
    "k4_rand_proj_k": {
      "k": 4,
      "loss": 6.309401301178597,
      "ppl": 549.715736108929,
      "elapsed_sec": 3.2
    },
    "k8_proj_out_k": {
      "k": 8,
      "loss": 6.367273146574596,
      "ppl": 582.4673582755973,
      "elapsed_sec": 3.2
    },
    "k8_mean_ablate_k": {
      "k": 8,
      "loss": 6.220969068683245,
      "ppl": 503.19062209844446,
      "elapsed_sec": 3.4
    },
    "k8_rand_proj_k": {
      "k": 8,
      "loss": 6.306155300783382,
      "ppl": 547.9342515263131,
      "elapsed_sec": 3.3
    }
  }
}