{
  "model_id": "google/gemma-2-2b",
  "layer": 20,
  "alphas": [
    0.25,
    0.5,
    0.75,
    1.0,
    1.25
  ],
  "train_seeds": [
    0,
    1,
    2,
    3,
    4
  ],
  "test_seeds": [
    5,
    6,
    7,
    8,
    9
  ],
  "per_pair": {
    "height": {
      "n_holdout": 2000,
      "alphas": [
        0.25,
        0.5,
        0.75,
        1.0,
        1.25
      ],
      "manifold": {
        "alpha_0.25": {
          "alpha": 0.25,
          "corr_LD_z": 0.8745352415765155,
          "corr_LD_x": 0.17919268928380472,
          "ld_mean": 5.679781436920166,
          "elapsed_sec": 20.6
        },
        "alpha_0.50": {
          "alpha": 0.5,
          "corr_LD_z": 0.7154478565556295,
          "corr_LD_x": 0.27744705503774236,
          "ld_mean": 5.664187431335449,
          "elapsed_sec": 20.7
        },
        "alpha_0.75": {
          "alpha": 0.75,
          "corr_LD_z": 0.20519287702058536,
          "corr_LD_x": 0.4006390029261159,
          "ld_mean": 5.700156211853027,
          "elapsed_sec": 20.7
        },
        "alpha_1.00": {
          "alpha": 1.0,
          "corr_LD_z": -0.5046352096047627,
          "corr_LD_x": 0.35664511313056296,
          "ld_mean": 5.766781330108643,
          "elapsed_sec": 20.8
        },
        "alpha_1.25": {
          "alpha": 1.25,
          "corr_LD_z": -0.7864532865561751,
          "corr_LD_x": 0.25257079853296943,
          "ld_mean": 5.8605780601501465,
          "elapsed_sec": 20.3
        }
      },
      "proj_out": {
        "alpha_0.25": {
          "alpha": 0.25,
          "corr_LD_z": 0.9078608814022964,
          "corr_LD_x": 0.16517103546155193,
          "ld_mean": 5.895750045776367,
          "elapsed_sec": 20.5
        },
        "alpha_0.50": {
          "alpha": 0.5,
          "corr_LD_z": 0.8576837153317689,
          "corr_LD_x": 0.23465412741237981,
          "ld_mean": 6.073750019073486,
          "elapsed_sec": 20.6
        },
        "alpha_0.75": {
          "alpha": 0.75,
          "corr_LD_z": 0.6900725509400102,
          "corr_LD_x": 0.38128607546971827,
          "ld_mean": 6.281218528747559,
          "elapsed_sec": 20.5
        },
        "alpha_1.00": {
          "alpha": 1.0,
          "corr_LD_z": -0.05235255127642835,
          "corr_LD_x": 0.5571781324033724,
          "ld_mean": 6.485343933105469,
          "elapsed_sec": 20.6
        },
        "alpha_1.25": {
          "alpha": 1.25,
          "corr_LD_z": -0.7443298451217342,
          "corr_LD_x": 0.3583680247056917,
          "ld_mean": 6.721468925476074,
          "elapsed_sec": 20.7
        }
      },
      "baseline": {
        "corr_LD_z": 0.9270445153761531,
        "corr_LD_x": 0.12774359827958684,
        "ld_mean": 5.732187271118164,
        "elapsed_sec": 20.9
      }
    },
    "weight": {
      "n_holdout": 2000,
      "alphas": [
        0.25,
        0.5,
        0.75,
        1.0,
        1.25
      ],
      "manifold": {
        "alpha_0.25": {
          "alpha": 0.25,
          "corr_LD_z": 0.8687547566209007,
          "corr_LD_x": 0.123267639552329,
          "ld_mean": 0.14479687809944153,
          "elapsed_sec": 20.5
        },
        "alpha_0.50": {
          "alpha": 0.5,
          "corr_LD_z": 0.6646348731555214,
          "corr_LD_x": 0.19772665058885594,
          "ld_mean": -0.04714062437415123,
          "elapsed_sec": 20.8
        },
        "alpha_0.75": {
          "alpha": 0.75,
          "corr_LD_z": -0.014945608253812843,
          "corr_LD_x": 0.2681669361182882,
          "ld_mean": -0.27446094155311584,
          "elapsed_sec": 19.8
        },
        "alpha_1.00": {
          "alpha": 1.0,
          "corr_LD_z": -0.6683988132329484,
          "corr_LD_x": 0.19975919563257127,
          "ld_mean": -0.5264687538146973,
          "elapsed_sec": 19.3
        },
        "alpha_1.25": {
          "alpha": 1.25,
          "corr_LD_z": -0.860270923712525,
          "corr_LD_x": 0.1346686963085519,
          "ld_mean": -0.7963593602180481,
          "elapsed_sec": 19.4
        }
      },
      "proj_out": {
        "alpha_0.25": {
          "alpha": 0.25,
          "corr_LD_z": 0.9118328692505029,
          "corr_LD_x": 0.129683866451219,
          "ld_mean": 0.7051406502723694,
          "elapsed_sec": 20.4
        },
        "alpha_0.50": {
          "alpha": 0.5,
          "corr_LD_z": 0.863027887207617,
          "corr_LD_x": 0.2150339218941915,
          "ld_mean": 1.1239922046661377,
          "elapsed_sec": 20.3
        },
        "alpha_0.75": {
          "alpha": 0.75,
          "corr_LD_z": 0.670015888801433,
          "corr_LD_x": 0.39491096121496033,
          "ld_mean": 1.5236797332763672,
          "elapsed_sec": 19.3
        },
        "alpha_1.00": {
          "alpha": 1.0,
          "corr_LD_z": -0.06093980957522704,
          "corr_LD_x": 0.6012211691424896,
          "ld_mean": 1.8932812213897705,
          "elapsed_sec": 19.2
        },
        "alpha_1.25": {
          "alpha": 1.25,
          "corr_LD_z": -0.6903514294670384,
          "corr_LD_x": 0.4531182695865299,
          "ld_mean": 2.216062545776367,
          "elapsed_sec": 19.5
        }
      },
      "baseline": {
        "corr_LD_z": 0.9293807082220903,
        "corr_LD_x": 0.08358515427245083,
        "ld_mean": 0.2977851629257202,
        "elapsed_sec": 20.7
      }
    },
    "speed": {
      "n_holdout": 1825,
      "alphas": [
        0.25,
        0.5,
        0.75,
        1.0,
        1.25
      ],
      "manifold": {
        "alpha_0.25": {
          "alpha": 0.25,
          "corr_LD_z": 0.8495497038348347,
          "corr_LD_x": 0.3162610763263377,
          "ld_mean": 0.9418321847915649,
          "elapsed_sec": 19.4
        },
        "alpha_0.50": {
          "alpha": 0.5,
          "corr_LD_z": 0.6717688763603721,
          "corr_LD_x": 0.33465516104028264,
          "ld_mean": 0.9709417819976807,
          "elapsed_sec": 18.9
        },
        "alpha_0.75": {
          "alpha": 0.75,
          "corr_LD_z": 0.19658551888657416,
          "corr_LD_x": 0.2920276601161429,
          "ld_mean": 1.0070890188217163,
          "elapsed_sec": 18.9
        },
        "alpha_1.00": {
          "alpha": 1.0,
          "corr_LD_z": -0.4234575770520062,
          "corr_LD_x": 0.1312662712130802,
          "ld_mean": 1.0410958528518677,
          "elapsed_sec": 18.9
        },
        "alpha_1.25": {
          "alpha": 1.25,
          "corr_LD_z": -0.7296839627793911,
          "corr_LD_x": 0.0007438503737524612,
          "ld_mean": 1.0828938484191895,
          "elapsed_sec": 18.9
        }
      },
      "proj_out": {
        "alpha_0.25": {
          "alpha": 0.25,
          "corr_LD_z": 0.8780452688006432,
          "corr_LD_x": 0.3880205601908331,
          "ld_mean": 1.891763687133789,
          "elapsed_sec": 18.9
        },
        "alpha_0.50": {
          "alpha": 0.5,
          "corr_LD_z": 0.7856783535015227,
          "corr_LD_x": 0.5269309946757356,
          "ld_mean": 2.8720719814300537,
          "elapsed_sec": 18.9
        },
        "alpha_0.75": {
          "alpha": 0.75,
          "corr_LD_z": 0.5531714455624072,
          "corr_LD_x": 0.6954042484780024,
          "ld_mean": 3.843065023422241,
          "elapsed_sec": 18.9
        },
        "alpha_1.00": {
          "alpha": 1.0,
          "corr_LD_z": 0.12001098123992365,
          "corr_LD_x": 0.7801018324018862,
          "ld_mean": 4.794032573699951,
          "elapsed_sec": 18.9
        },
        "alpha_1.25": {
          "alpha": 1.25,
          "corr_LD_z": -0.29322124849307424,
          "corr_LD_x": 0.6953148329090133,
          "ld_mean": 5.7372260093688965,
          "elapsed_sec": 18.8
        }
      },
      "baseline": {
        "corr_LD_z": 0.9140310207305334,
        "corr_LD_x": 0.29405272154396417,
        "ld_mean": 0.9114554524421692,
        "elapsed_sec": 18.1
      }
    }
  }
}