{
  "gemma2-2b": {
    "height": {
      "0": {
        "n": 20,
        "r_z": NaN,
        "r_z_lo": NaN,
        "r_z_hi": NaN,
        "r_zeff": NaN,
        "r_zeff_lo": NaN,
        "r_zeff_hi": NaN,
        "r_x": 0.42929500297871653,
        "r_x_lo": -0.18501621186879766,
        "r_x_hi": 0.7568447319740714,
        "mean_ld": 1.3875,
        "std_ld": 0.22543816984054107
      },
      "1": {
        "n": 990,
        "r_z": 0.8610296747053982,
        "r_z_lo": 0.8466974855337643,
        "r_z_hi": 0.8748939756733316,
        "r_zeff": 0.892200717268439,
        "r_zeff_lo": 0.8815648917881003,
        "r_zeff_hi": 0.9022926839599515,
        "r_x": 0.39449044825818186,
        "r_x_lo": 0.3429132585887053,
        "r_x_hi": 0.44344683195038814,
        "mean_ld": 0.759090909090909,
        "std_ld": 1.2730729729902852
      },
      "2": {
        "n": 990,
        "r_z": 0.8691235990581663,
        "r_z_lo": 0.8554473969371328,
        "r_z_hi": 0.8824214482612149,
        "r_zeff": 0.8872248739470209,
        "r_zeff_lo": 0.8754962962988908,
        "r_zeff_hi": 0.8989532336062078,
        "r_x": 0.4602771250438262,
        "r_x_lo": 0.4127056656565043,
        "r_x_hi": 0.5037615072154361,
        "mean_ld": 0.5747474747474748,
        "std_ld": 0.8648753026004484
      },
      "4": {
        "n": 990,
        "r_z": 0.9156746397699047,
        "r_z_lo": 0.9056260840505462,
        "r_z_hi": 0.9252239357955927,
        "r_zeff": 0.9400986589352717,
        "r_zeff_lo": 0.9336113190345513,
        "r_zeff_hi": 0.9459725441665253,
        "r_x": 0.4323709367279297,
        "r_x_lo": 0.38293062223313207,
        "r_x_hi": 0.47672099018448094,
        "mean_ld": 0.5013888888888889,
        "std_ld": 1.0723840488878873
      },
      "8": {
        "n": 990,
        "r_z": 0.9532387497269751,
        "r_z_lo": 0.9484448373155572,
        "r_z_hi": 0.9574600658561097,
        "r_zeff": 0.9479144134818823,
        "r_zeff_lo": 0.9420350902842518,
        "r_zeff_hi": 0.9530692662424742,
        "r_x": 0.39308854243125946,
        "r_x_lo": 0.34055098289683283,
        "r_x_hi": 0.4389056318892834,
        "mean_ld": 1.0190656565656566,
        "std_ld": 1.259079566844134
      },
      "15": {
        "n": 990,
        "r_z": 0.9272147350429765,
        "r_z_lo": 0.9199329259749252,
        "r_z_hi": 0.9341516065852344,
        "r_zeff": 0.9311812019324829,
        "r_zeff_lo": 0.9242167541429842,
        "r_zeff_hi": 0.9376088251460035,
        "r_x": 0.3994518043258637,
        "r_x_lo": 0.3489589608049304,
        "r_x_hi": 0.4441236609248296,
        "mean_ld": 1.1256313131313131,
        "std_ld": 1.1329344310706833
      }
    },
    "weight": {
      "0": {
        "n": 20,
        "r_z": NaN,
        "r_z_lo": NaN,
        "r_z_hi": NaN,
        "r_zeff": NaN,
        "r_zeff_lo": NaN,
        "r_zeff_hi": NaN,
        "r_x": 0.9151675287601058,
        "r_x_lo": 0.8647731193771221,
        "r_x_hi": 0.9716053277939893,
        "mean_ld": 1.51875,
        "std_ld": 0.6933364699237419
      },
      "1": {
        "n": 1182,
        "r_z": 0.7852854974093798,
        "r_z_lo": 0.765786247185201,
        "r_z_hi": 0.8023149394050034,
        "r_zeff": 0.8070223355512202,
        "r_zeff_lo": 0.7917184562349229,
        "r_zeff_hi": 0.8207231732192882,
        "r_x": 0.31893249230853865,
        "r_x_lo": 0.269548396928719,
        "r_x_hi": 0.3701778195828646,
        "mean_ld": 2.1075507614213196,
        "std_ld": 1.4187341212275246
      },
      "2": {
        "n": 1182,
        "r_z": 0.8271739055211343,
        "r_z_lo": 0.811754626273128,
        "r_z_hi": 0.8415980628674143,
        "r_zeff": 0.8422276244841764,
        "r_zeff_lo": 0.8292042746869144,
        "r_zeff_hi": 0.8544102167863217,
        "r_x": 0.28195267046938716,
        "r_x_lo": 0.22656763795453308,
        "r_x_hi": 0.334159025688661,
        "mean_ld": 1.2026226734348562,
        "std_ld": 1.2374700091174566
      },
      "4": {
        "n": 1182,
        "r_z": 0.8011598901870346,
        "r_z_lo": 0.7838579394043969,
        "r_z_hi": 0.8163593364485259,
        "r_zeff": 0.8914160927550208,
        "r_zeff_lo": 0.8811551775868426,
        "r_zeff_hi": 0.9003223945406926,
        "r_x": 0.19268383145875542,
        "r_x_lo": 0.13513531155304737,
        "r_x_hi": 0.24865955470731801,
        "mean_ld": 1.149851945854484,
        "std_ld": 1.4672470143410545
      },
      "8": {
        "n": 1182,
        "r_z": 0.9034850851303319,
        "r_z_lo": 0.8933519716860941,
        "r_z_hi": 0.9122798802346912,
        "r_zeff": 0.9271223911567927,
        "r_zeff_lo": 0.9193020932918092,
        "r_zeff_hi": 0.9338542827380032,
        "r_x": 0.13901606918666123,
        "r_x_lo": 0.08099572473395328,
        "r_x_hi": 0.19608155837185764,
        "mean_ld": 1.1288071065989849,
        "std_ld": 1.71671697193933
      },
      "15": {
        "n": 1182,
        "r_z": 0.9260446692597173,
        "r_z_lo": 0.9190962624936463,
        "r_z_hi": 0.9327508442427659,
        "r_zeff": 0.9352593392678732,
        "r_zeff_lo": 0.9295655829183452,
        "r_zeff_hi": 0.9410888282170354,
        "r_x": 0.10901220974069985,
        "r_x_lo": 0.05223401128587942,
        "r_x_hi": 0.17052849028933997,
        "mean_ld": 1.4878384094754653,
        "std_ld": 1.7525754128116853
      }
    },
    "speed": {
      "0": {
        "n": 20,
        "r_z": NaN,
        "r_z_lo": NaN,
        "r_z_hi": NaN,
        "r_zeff": NaN,
        "r_zeff_lo": NaN,
        "r_zeff_hi": NaN,
        "r_x": 0.9437866153001302,
        "r_x_lo": 0.9039908977055124,
        "r_x_hi": 0.972353834852562,
        "mean_ld": 1.625,
        "std_ld": 1.149942790338994
      },
      "1": {
        "n": 1200,
        "r_z": 0.5919074882453159,
        "r_z_lo": 0.551438745196904,
        "r_z_hi": 0.6278046605483617,
        "r_zeff": 0.6624706042009825,
        "r_zeff_lo": 0.6340652097699997,
        "r_zeff_hi": 0.6913043345564093,
        "r_x": 0.6563726169666815,
        "r_x_lo": 0.6237087236245894,
        "r_x_hi": 0.6851435803476374,
        "mean_ld": 1.2369791666666667,
        "std_ld": 1.0583107396935763
      },
      "2": {
        "n": 1200,
        "r_z": 0.7288389570990308,
        "r_z_lo": 0.6918498343900474,
        "r_z_hi": 0.7605722549262758,
        "r_zeff": 0.7758309635492986,
        "r_zeff_lo": 0.7525753196588958,
        "r_zeff_hi": 0.7966336081676376,
        "r_x": 0.47593156202557396,
        "r_x_lo": 0.4290153883306919,
        "r_x_hi": 0.5174250238356709,
        "mean_ld": 0.5844791666666667,
        "std_ld": 1.097499451224086
      },
      "4": {
        "n": 1200,
        "r_z": 0.806720652050443,
        "r_z_lo": 0.774875324534727,
        "r_z_hi": 0.834458236473874,
        "r_zeff": 0.851338159019942,
        "r_zeff_lo": 0.8360565165639269,
        "r_zeff_hi": 0.865036860613378,
        "r_x": 0.38150300661442965,
        "r_x_lo": 0.33062048667678445,
        "r_x_hi": 0.42674008014908993,
        "mean_ld": 0.4764583333333333,
        "std_ld": 1.4164943976519537
      },
      "8": {
        "n": 1200,
        "r_z": 0.7311152726130308,
        "r_z_lo": 0.6931598540950609,
        "r_z_hi": 0.7633789942156439,
        "r_zeff": 0.8087751725437642,
        "r_zeff_lo": 0.7896922936469344,
        "r_zeff_hi": 0.8260212955086174,
        "r_x": 0.42264287794661815,
        "r_x_lo": 0.3750913454182003,
        "r_x_hi": 0.46762577848811726,
        "mean_ld": 0.5402083333333333,
        "std_ld": 1.2971599817598143
      },
      "15": {
        "n": 1200,
        "r_z": 0.7336905610936157,
        "r_z_lo": 0.6949719163131105,
        "r_z_hi": 0.7686524258770552,
        "r_zeff": 0.8128064886287911,
        "r_zeff_lo": 0.7929699373350778,
        "r_zeff_hi": 0.830519221349723,
        "r_x": 0.40855579848032786,
        "r_x_lo": 0.35986830460492303,
        "r_x_hi": 0.45334009207230025,
        "mean_ld": 0.47604166666666664,