{
  "gemma2-2b": {
    "height": {
      "1": {
        "n": 990,
        "slope_z": 0.6476927907808737,
        "intercept": 1.125004624124992,
        "slope_abs": -0.05564204865267605,
        "bimodality": 0.7895542758331417,
        "tanh_amp": 1.0466953442666298,
        "tanh_beta": 119.07109549116376,
        "rss_tanh": 1098.3301532025034,
        "rss_lin": 326.9534784013749,
        "rss_ratio_tanh_over_lin": 3.3592857264365006
      },
      "2": {
        "n": 990,
        "slope_z": 0.45835113414210865,
        "intercept": 0.9399005449473543,
        "slope_abs": -0.13057073126962587,
        "bimodality": 0.636012456185956,
        "tanh_amp": 0.581520799965232,
        "tanh_beta": 4.02715831026892,
        "rss_tanh": 763.2769779339113,
        "rss_lin": 157.4491266153653,
        "rss_ratio_tanh_over_lin": 4.8477688910814445
      },
      "4": {
        "n": 990,
        "slope_z": 0.6049431719786629,
        "intercept": 0.8668448359405441,
        "slope_abs": 0.05535236109836371,
        "bimodality": 0.5857665281552574,
        "tanh_amp": 1.057596575397773,
        "tanh_beta": 0.9292369743081648,
        "rss_tanh": 707.8284354755399,
        "rss_lin": 132.17744219185784,
        "rss_ratio_tanh_over_lin": 5.355137939862043
      },
      "8": {
        "n": 990,
        "slope_z": 0.7239569071174826,
        "intercept": 1.2202379243919388,
        "slope_abs": 0.06727297416548675,
        "bimodality": 0.5748339625760563,
        "tanh_amp": 1.4996302279730973,
        "tanh_beta": 0.6642494671288197,
        "rss_tanh": 1531.722602211799,
        "rss_lin": 159.07065657634183,
        "rss_ratio_tanh_over_lin": 9.629196453820436
      },
      "15": {
        "n": 990,
        "slope_z": 0.6436807736386404,
        "intercept": 1.1298271581742911,
        "slope_abs": 0.15213421188719944,
        "bimodality": 0.5679158457254154,
        "tanh_amp": 2.4103242410809207,
        "tanh_beta": 0.30799236452008966,
        "rss_tanh": 1426.81362790495,
        "rss_lin": 168.70810668408078,
        "rss_ratio_tanh_over_lin": 8.457291448221696
      }
    },
    "weight": {
      "1": {
        "n": 1182,
        "slope_z": 0.5900443691605928,
        "intercept": 2.2017107606877473,
        "slope_abs": -0.14722613478852106,
        "bimodality": 0.669160945988848,
        "tanh_amp": 1.2258678942958205,
        "tanh_beta": 722.2984238417433,
        "rss_tanh": 5852.546612169474,
        "rss_lin": 828.9388455535482,
        "rss_ratio_tanh_over_lin": 7.060287551443274
      },
      "2": {
        "n": 1182,
        "slope_z": 0.558182775607168,
        "intercept": 1.1569692725619098,
        "slope_abs": 0.12882485795161722,
        "bimodality": 0.6093831541984338,
        "tanh_amp": 1.3305027029312526,
        "tanh_beta": 1.2000960875645834,
        "rss_tanh": 1984.7077491469443,
        "rss_lin": 525.6461854956536,
        "rss_ratio_tanh_over_lin": 3.7757484100745082
      },
      "4": {
        "n": 1182,
        "slope_z": 0.6922641001917744,
        "intercept": 0.860746029519636,
        "slope_abs": 0.4211260747560409,
        "bimodality": 0.5893969443984876,
        "tanh_amp": 3.345049811814691,
        "tanh_beta": 0.27878860694898944,
        "rss_tanh": 1337.7525478626476,
        "rss_lin": 522.1663864629796,
        "rss_ratio_tanh_over_lin": 2.5619277351884677
      },
      "8": {
        "n": 1182,
        "slope_z": 0.8581911581918231,
        "intercept": 1.0523676498533132,
        "slope_abs": 0.5840069951089875,
        "bimodality": 0.679078501726743,
        "tanh_amp": 2.812732926977851,
        "tanh_beta": 0.42139704570000247,
        "rss_tanh": 1742.522766700496,
        "rss_lin": 488.8219636240847,
        "rss_ratio_tanh_over_lin": 3.5647391000633024
      },
      "15": {
        "n": 1182,
        "slope_z": 0.8946517038155246,
        "intercept": 1.3881008916261037,
        "slope_abs": 0.4559656872466018,
        "bimodality": 0.6827690459928293,
        "tanh_amp": 2.7875255401594403,
        "tanh_beta": 0.47066004346135454,
        "rss_tanh": 2661.3746557608692,
        "rss_lin": 454.4850754033124,
        "rss_ratio_tanh_over_lin": 5.85580209294915
      }
    },
    "speed": {
      "1": {
        "n": 1200,
        "slope_z": 0.40178955706360164,
        "intercept": 1.1883023618284112,
        "slope_abs": 0.23720664119616258,
        "bimodality": 0.5534747660170227,
        "tanh_amp": 0.8236132301294894,
        "tanh_beta": 56.847466037299675,
        "rss_tanh": 2371.997862587636,
        "rss_lin": 753.5484253280783,
        "rss_ratio_tanh_over_lin": 3.147770976437142
      },
      "2": {
        "n": 1200,
        "slope_z": 0.4736898402700158,
        "intercept": 0.6762039410145078,
        "slope_abs": 0.14377238449169155,
        "bimodality": 0.5122115672942607,
        "tanh_amp": 0.970325992206932,
        "tanh_beta": 1.7762721891465354,
        "rss_tanh": 960.365627803161,
        "rss_lin": 574.9168743910061,
        "rss_ratio_tanh_over_lin": 1.670442581495717
      },
      "4": {
        "n": 1200,
        "slope_z": 0.684128030159419,
        "intercept": 0.5308579138648433,
        "slope_abs": 0.22856452320635173,
        "bimodality": 0.5946983765208907,
        "tanh_amp": 1.5255276751297955,
        "tanh_beta": 1.0305654602179237,
        "rss_tanh": 845.9058717724122,
        "rss_lin": 662.1161252521516,
        "rss_ratio_tanh_over_lin": 1.2775793240955557
      },
      "8": {
        "n": 1200,
        "slope_z": 0.5961964018670627,
        "intercept": 0.5968084871597501,
        "slope_abs": 0.24892405595373324,
        "bimodality": 0.4639807940472345,
        "tanh_amp": 1.4903323776430546,
        "tanh_beta": 0.6378458547648627,
        "rss_tanh": 1075.8199131159788,
        "rss_lin": 697.806696601918,
        "rss_ratio_tanh_over_lin": 1.5417162351047318
      },
      "15": {
        "n": 1200,
        "slope_z": 0.5369836997367361,
        "intercept": 0.5358596619888218,
        "slope_abs": 0.25043622354322553,
        "bimodality": 0.42541435858900223,
        "tanh_amp": 1.549674273973122,
        "tanh_beta": 0.447984067807319,
        "rss_tanh": 861.348173513065,
        "rss_lin": 533.3023965699591,
        "rss_ratio_tanh_over_lin": 1.6151215127721117
      }
    }
  },
  "gemma2-9b": {
    "height": {
      "1": {
        "n": 990,
        "slope_z": 1.2408427915127325,
        "intercept": 0.5354832053465366,
        "slope_abs": 0.03550439217497831,
        "bimodality": 0.861213246870164,
        "tanh_amp": 2.55828579996189,
        "tanh_beta": 75.29486161124672,
        "rss_tanh": 418.6719632204391,
        "rss_lin": 2098.5535286502227,
        "rss_ratio_tanh_over_lin": 0.19950501976936774
      },
      "2": {
        "n": 990,
        "slope_z": 1.2454700684616522,
        "intercept": 0.4643204474704088,
        "slope_abs": 0.3570219069979791,
        "bimodality": 0.7857444402781137,
        "tanh_amp": 2.6314392759951732,
        "tanh_beta": 1.5911432411410025,
        "rss_tanh": 839.7728837513046,
        "rss_lin": 1527.8636253426382,
        "rss_ratio_tanh_over_lin": 0.549638639091874
      },
      "4": {
        "n": 990,
        "slope_z": 1.3739232040757035,
        "intercept": 0.8100597174520971,
        "slope_abs": 0.6380071095207778,
        "bimodality": 0.6957137644727512,
        "tanh_amp": 2.9514910229357305,
        "tanh_beta": 0.8755807674215063,
        "rss_tanh": 928.6140867777272,
        "rss_lin": 850.9652794982225,
        "rss_ratio_tanh_over_lin": 1.0912479147507532
      },
      "8": {
        "n": 990,
        "slope_z": 1.3773497423018826,
        "intercept": 0.9345039536436844,
        "slope_abs": 0.7072706248466466,
        "bimodality": 0.6697132988934043,
        "tanh_amp": 2.927070186101819,
        "tanh_beta": 0.8770888867151604,
        "rss_tanh": 1104.4686121288228,
        "rss_lin": 656.7810405522596,