{"L0_k1": {"bos": [0.1448449337121212, 0.45017952967171715, 0.7284840593434343, 0.04389673098169192, 0.11904444839015152, 0.33194839015151517, 0.5078993055555555, 0.4228298611111111], "ctx_val_all": [3.459176631888958e-06, 0.005274670533459596, 0.011042770231613005, 0.00860717465179135, 0.004633886163884943, 0.002382130093044705, 0.035236150568181815, 0.0020023962463995423], "ctx_val_last": [3.459176631888958e-06, 0.005274670533459596, 0.011042770231613005, 0.00860717465179135, 0.004633886163884943, 0.002382130093044705, 0.035236150568181815, 0.0020023962463995423], "tgt_val": [0.0010846063946232652, 0.055403275923295456, 0.046904762345130996, 0.04623463177921796, 0.08022312973484849, 0.019779794866388496, 0.057346382526436236, 0.01108441978994042], "suffix": [0.8523957191091596, 0.267474303582702, 0.09947657729640151, 0.4240891581833965, 0.7696153428819444, 0.6207121877959281, 0.11993765782828283, 0.45465741398358583], "r_attn_diff_z": [-0.06815615497967971, -0.002388110576674348, -0.07176058337157736, 0.0024571270464856555, 0.004669670594587618, -0.01482706135663895, -0.02101777865043249, 0.0273282241113778]}, "L0_k4": {"bos": [0.14567353219696969, 0.3652304292929293, 0.6413194444444444, 0.024400869041982323, 0.11904987373737373, 0.32060842803030304, 0.2887113320707071, 0.32732007575757577], "ctx_val_all": [2.5647156166307855e-05, 0.010948997073703342, 0.02249344719780816, 0.016525341766049164, 0.006563395442384662, 0.003932205113497647, 0.08216111924913194, 0.004945572939786044], "ctx_val_last": [3.6112587861340453e-06, 0.004840608076615767, 0.009581995492029672, 0.005164514406762942, 0.0046930640634864264, 0.002358504015989978, 0.029198417278251263, 0.0020670534384371053], "tgt_val": [0.001083978559031631, 0.05215867938417377, 0.041601793693773675, 0.027744200735381155, 0.08042007600418245, 0.02000661137128117, 0.04765772964015152, 0.011544838336983112], "suffix": [0.853032689744776, 0.25197495739869397, 0.08761441779859139, 0.25475322068339645, 0.7590743864425505, 0.621563720703125, 0.09950604679608586, 0.4679483432962437], "r_attn_diff_z": [-0.07058643771716967, -0.0005298668806246534, -0.09685035146100249, -0.011118221262938556, 0.0048436659763117715, -0.01969196310666286, 0.03728672108740612, 0.028987880547541364]}, "L0_k15": {"bos": [0.12293146306818181, 0.30392400568181815, 0.5142084911616162, 0.012159004596748737, 0.09604196259469697, 0.289871369949495, 0.10251834753787879, 0.2352973090277778], "ctx_val_all": [0.0015902281409562236, 0.02040569493264863, 0.03219847534642075, 0.032434068544946536, 0.008669541339681607, 0.006979400461370295, 0.10019798278808593, 0.008867903430052478], "ctx_val_last": [1.2055490956161961e-05, 0.00507840628575797, 0.006488769222991635, 0.00220277766988735, 0.004528145838265467, 0.0025116544781309184, 0.022395833333333334, 0.002251521023837003], "tgt_val": [0.0010700305302937827, 0.05420485217161853, 0.030263966261738478, 0.013138830782187106, 0.08144984389796402, 0.02032084224200008, 0.03505131885258839, 0.011631416551994555], "suffix": [0.8635180845405116, 0.25848877261383363, 0.06372585103969382, 0.12140219331991793, 0.7744017321654041, 0.6346585668698705, 0.07320559723208649, 0.4749843713008996], "r_attn_diff_z": [-0.07553100200644094, -0.014411240004665421, 0.007526775670236362, 0.024446398679957678, 0.007997920335380201, 0.0002474575053415484, -0.18860921607955117, 0.009876243409590417]}, "L1_k1": {"bos": [0.6977785669191919, 0.35270280934343434, 0.6103259154040404, 0.5869357638888889, 0.7970959595959596, 0.8659248737373737, 0.5947048611111111, 0.98046875], "ctx_val_all": [0.018371659095841226, 0.03869329895636048, 0.0005545324749416775, 0.009663722491023517, 0.004724826234759706, 0.0024067450051355843, 0.06820814344618055, 0.0008859033536429357], "ctx_val_last": [0.018371659095841226, 0.03869329895636048, 0.0005545324749416775, 0.009663722491023517, 0.004724826234759706, 0.0024067450051355843, 0.06820814344618055, 0.0008859033536429357], "tgt_val": [0.039369849002722536, 0.057660621103614265, 0.011384505454940025, 0.05866127399483113, 0.004338916564228559, 0.00422618846700649, 0.03902721983013731, 0.000651479068428579], "suffix": [0.07222709270438762, 0.2672479802911932, 0.3682984092018821, 0.282076240308357, 0.11340872338323882, 0.10602020482824306, 0.07816438000611585, 0.016375036131251942], "r_attn_diff_z": [0.4751361230427243, 0.548777292721206, 0.04433616672810202, 0.04271320733311392, 0.5386517350298247, -0.0675882210970825, 0.7122994246745978, 0.1159256723414152]}, "L1_k4": {"bos": [0.675619476010101, 0.3673690025252525, 0.6220130997474748, 0.5880563446969697, 0.733431976010101, 0.8494554924242425, 0.637042297979798, 0.9843039772727272], "ctx_val_all": [0.03448792659875118, 0.06342160003353851, 0.0011706537068492235, 0.011687256591488617, 0.011979530254999796, 0.005569860309061378, 0.0791593069982047, 0.001483503556010699], "ctx_val_last": [0.0074083540174696184, 0.011523460619377368, 0.00029921435346507065, 0.005568379103535354, 0.002822252536060834, 0.0009680935830780954, 0.015136857466264204, 0.00016101442202173097], "tgt_val": [0.01979074189157197, 0.029756087486190026, 0.008880328168772688, 0.047993993277501576, 0.002802553441789415, 0.0036809456468832615, 0.014546635174992108, 0.0002798757769844749], "suffix": [0.05467012964113794, 0.25434410018150255, 0.35564167523624923, 0.2777919422496449, 0.1267906372595315, 0.09664809186049182, 0.04518854931147412, 0.012280363747567842], "r_attn_diff_z": [0.42839138334390175, 0.5488740379535518, 0.04735535447017275, 0.0519744395897556, 0.4810134009172036, -0.06920490468069083, 0.6990815484316905, 0.181163637383149]}, "L1_k15": {"bos": [0.6895083648989899, 0.4388849431818182, 0.6312934027777778, 0.6045612373737373, 0.6515269886363636, 0.838738952020202, 0.7032709911616162, 0.9844460227272728], "ctx_val_all": [0.03414333805893407, 0.05172928029840643, 0.003477801156766487, 0.015926928712864115, 0.01790017539804632, 0.007782202778440534, 0.06120501431551847, 0.000915494892332289], "ctx_val_last": [0.0021175519384519018, 0.003461113361397175, 0.00028320310091731524, 0.0038227736347853534, 0.0010466965762051669, 0.0006615926520993011, 0.003540156586001618, 9.008302833094741e-05], "tgt_val": [0.00990587870279948, 0.016018114186296558, 0.007465180483731356, 0.03739256425337358, 0.0016339796360092934, 0.0034443755342502785, 0.006083798649335149, 0.0001463758825051664], "suffix": [0.04645821927773832, 0.2647783992266414, 0.3424398210313585, 0.26585894497958096, 0.12654810848862233, 0.08942293584948838, 0.029379819619535195, 0.01083102160029941], "r_attn_diff_z": [0.21782881117008895, 0.4620386382564998, 0.043900689220432554, 0.024431684781491936, 0.274516892253453, 0.048140728027108025, 0.6738261229850167, -0.08228360436920407]}, "L2_k1": {"bos": [0.16455867266414143, 0.723476957070707, 0.4173571654040404, 0.3003393308080808, 0.8546875, 0.2093957149621212, 0.6791745580808081, 0.10144067629419191], "ctx_val_all": [0.0005301328620525321, 0.005159131445065893, 0.011855320015338936, 0.006619875358812736, 0.0026895561603584675, 0.001271251476172245, 0.0024667686886257595, 0.011393352470012627], "ctx_val_last": [0.0005301328620525321, 0.005159131445065893, 0.011855320015338936, 0.006619875358812736, 0.0026895561603584675, 0.001271251476172245, 0.0024667686886257595, 0.011393352470012627], "tgt_val": [0.006213152529013277, 0.016364785396691523, 0.03740174842603279, 0.03048422842314749, 0.010657770946772411, 0.0020412659404253717, 0.005566650930077139, 0.1442004271227904], "suffix": [0.8223003156257398, 0.12698542662341186, 0.31965011442550506, 0.5529088415280737, 0.0875401506520281, 0.7811162081631747, 0.3045396954122216, 0.6724952158301768], "r_attn_diff_z": [0.0004326283674356848, -0.007796617961313819, 0.12394900179507229, -0.06307578714854674, 0.1403289381654078, 0.21527389991951054, 0.14083219428788613, 0.012854936745505675]},