{
  "model": "gemma2-2b",
  "results": {
    "k0": {
      "baseline": {
        "n": 20,
        "r_ld_zeff": NaN,
        "r_ld_x": 0.48811675240430785,
        "mean_ld": 1.39375,
        "std_ld": 0.22680199456098726
      },
      "l0_all": {
        "n": 20,
        "r_ld_zeff": NaN,
        "r_ld_x": -0.025209241403589017,
        "mean_ld": 0.48125,
        "std_ld": 0.15850348659621938
      }
    },
    "k2": {
      "baseline": {
        "n": 400,
        "r_ld_zeff": 0.8864443158639772,
        "r_ld_x": 0.4938888660492621,
        "mean_ld": 0.628125,
        "std_ld": 0.8679619832607676
      },
      "l0_all": {
        "n": 400,
        "r_ld_zeff": 0.6787467288603833,
        "r_ld_x": 0.27642631984499966,
        "mean_ld": 0.365625,
        "std_ld": 0.5782228927145205
      }
    },
    "k5": {
      "baseline": {
        "n": 400,
        "r_ld_zeff": 0.9494199310926669,
        "r_ld_x": 0.42489205781242756,
        "mean_ld": 0.6528125,
        "std_ld": 1.1527861649929911
      },
      "l0_all": {
        "n": 400,
        "r_ld_zeff": 0.8290254098508587,
        "r_ld_x": 0.4181254407902226,
        "mean_ld": 0.268125,
        "std_ld": 0.808292072558802
      }
    }
  }
}