{
  "model": "gemma2-9b",
  "results": {
    "k0": {
      "baseline": {
        "n": 20,
        "r_ld_zeff": NaN,
        "r_ld_x": 0.9826255250337597,
        "mean_ld": 0.9875,
        "std_ld": 1.2333763031869704
      },
      "l0_all": {
        "n": 20,
        "r_ld_zeff": NaN,
        "r_ld_x": 0.013047354432567862,
        "mean_ld": 1.40625,
        "std_ld": 0.19816178265564519
      }
    },
    "k2": {
      "baseline": {
        "n": 400,
        "r_ld_zeff": 0.8670586681986382,
        "r_ld_x": 0.4749083926965994,
        "mean_ld": -0.3796875,
        "std_ld": 2.4700781221791184
      },
      "l0_all": {
        "n": 400,
        "r_ld_zeff": 0.4845536914428619,
        "r_ld_x": 0.24880370370595,
        "mean_ld": 1.0828125,
        "std_ld": 1.0451402766319677
      }
    },
    "k5": {
      "baseline": {
        "n": 400,
        "r_ld_zeff": 0.9319271675557224,
        "r_ld_x": 0.4247287486472483,
        "mean_ld": 0.203125,
        "std_ld": 2.5468645491966955
      },
      "l0_all": {
        "n": 400,
        "r_ld_zeff": 0.629569312719328,
        "r_ld_x": 0.23619263069193047,
        "mean_ld": 1.3409375,
        "std_ld": 1.292166269395374
      }
    }
  }
}