{
  "model": "gemma2-9b",
  "pair": "height",
  "k": 15,
  "layer": 33,
  "results": {
    "baseline": {
      "r_ld_zeff": 0.960705080009269,
      "r_ld_x": 0.439237960275062,
      "mean_ld": 0.8540625,
      "std_ld": 2.379733917350261,
      "n": 400
    },
    "proj_out": {
      "r_ld_zeff": 0.3881643392438991,
      "r_ld_x": 0.13276477242348608,
      "mean_ld": -1.2409375,
      "std_ld": 0.26004999248264854,
      "n": 400
    },
    "mean_ablate": {
      "r_ld_zeff": 0.4643384372884613,
      "r_ld_x": 0.16129546905821912,
      "mean_ld": 0.7565625,
      "std_ld": 0.28539379836308687,
      "n": 400
    },
    "manifold_a075": {
      "r_ld_zeff": 0.6867235241318321,
      "r_ld_x": 0.5690032103045987,
      "mean_ld": 0.379375,
      "std_ld": 0.9809732440995004,
      "n": 400
    },
    "manifold_a100": {
      "r_ld_zeff": 0.21104304579135452,
      "r_ld_x": 0.51394682712446,
      "mean_ld": 0.2653125,
      "std_ld": 0.8203960714978301,
      "n": 400
    }
  }
}