{
  "model": "gemma2-9b",
  "pair": "weight",
  "k": 15,
  "layer": 33,
  "results": {
    "baseline": {
      "alpha": null,
      "r_ld_zeff": 0.9435773191463444,
      "r_ld_x": 0.08544756736338743,
      "mean_ld": 0.5259375,
      "std_ld": 3.179516807065151,
      "n": 400
    },
    "manifold_a0.00": {
      "alpha": 0.0,
      "r_ld_zeff": 0.9435773191463444,
      "r_ld_x": 0.08544756736338743,
      "mean_ld": 0.5259375,
      "std_ld": 3.179516807065151,
      "n": 400
    },
    "manifold_a0.25": {
      "alpha": 0.25,
      "r_ld_zeff": 0.9209135229950141,
      "r_ld_x": 0.11319758156819175,
      "mean_ld": 0.616875,
      "std_ld": 2.419573402068015,
      "n": 400
    },
    "manifold_a0.50": {
      "alpha": 0.5,
      "r_ld_zeff": 0.852923682022637,
      "r_ld_x": 0.14246247604148862,
      "mean_ld": 0.7475,
      "std_ld": 1.699801882897756,
      "n": 400
    },
    "manifold_a0.75": {
      "alpha": 0.75,
      "r_ld_zeff": 0.6445722310538066,
      "r_ld_x": 0.21047417742758917,
      "mean_ld": 0.8978125,
      "std_ld": 1.1482333176332489,
      "n": 400
    },
    "manifold_a1.00": {
      "alpha": 1.0,
      "r_ld_zeff": 0.007452568173256463,
      "r_ld_x": 0.2688369020726961,
      "mean_ld": 1.058125,
      "std_ld": 0.9721511863892339,
      "n": 400
    },
    "manifold_a1.25": {
      "alpha": 1.25,
      "r_ld_zeff": -0.5369372829889381,
      "r_ld_x": 0.22138181515392383,
      "mean_ld": 1.2296875,
      "std_ld": 1.3233556836722011,
      "n": 400
    },
    "manifold_a1.50": {
      "alpha": 1.5,
      "r_ld_zeff": -0.7319009542806949,
      "r_ld_x": 0.17094381198156672,
      "mean_ld": 1.3728125,
      "std_ld": 1.9236776279784282,
      "n": 400
    },
    "manifold_a2.00": {
      "alpha": 2.0,
      "r_ld_zeff": -0.8344488572907819,
      "r_ld_x": 0.13827281778034733,
      "mean_ld": 1.596875,
      "std_ld": 3.2054784396314937,
      "n": 400
    }
  }
}