{
  "model": "gemma2-9b",
  "pair": "height",
  "k": 15,
  "layer": 33,
  "results": {
    "baseline": {
      "alpha": null,
      "r_ld_zeff": 0.960705080009269,
      "r_ld_x": 0.439237960275062,
      "mean_ld": 0.8540625,
      "std_ld": 2.379733917350261,
      "n": 400
    },
    "manifold_a0.00": {
      "alpha": 0.0,
      "r_ld_zeff": 0.960705080009269,
      "r_ld_x": 0.439237960275062,
      "mean_ld": 0.8540625,
      "std_ld": 2.379733917350261,
      "n": 400
    },
    "manifold_a0.25": {
      "alpha": 0.25,
      "r_ld_zeff": 0.9338295521339322,
      "r_ld_x": 0.47120309041964403,
      "mean_ld": 0.6621875,
      "std_ld": 1.8267024955810827,
      "n": 400
    },
    "manifold_a0.50": {
      "alpha": 0.5,
      "r_ld_zeff": 0.8649211673099014,
      "r_ld_x": 0.5246364851461331,
      "mean_ld": 0.5065625,
      "std_ld": 1.3385592902548504,
      "n": 400
    },
    "manifold_a0.75": {
      "alpha": 0.75,
      "r_ld_zeff": 0.6867235241318321,
      "r_ld_x": 0.5690032103045987,
      "mean_ld": 0.379375,
      "std_ld": 0.9809732440995004,
      "n": 400
    },
    "manifold_a1.00": {
      "alpha": 1.0,
      "r_ld_zeff": 0.21104304579135452,
      "r_ld_x": 0.51394682712446,
      "mean_ld": 0.2653125,
      "std_ld": 0.8203960714978301,
      "n": 400
    },
    "manifold_a1.25": {
      "alpha": 1.25,
      "r_ld_zeff": -0.31076470280641544,
      "r_ld_x": 0.32963099955010955,
      "mean_ld": 0.1621875,
      "std_ld": 0.9876191098338583,
      "n": 400
    },
    "manifold_a1.50": {
      "alpha": 1.5,
      "r_ld_zeff": -0.6054012386182388,
      "r_ld_x": 0.156433758331391,
      "mean_ld": 0.04125,
      "std_ld": 1.3963292146514816,
      "n": 400
    },
    "manifold_a2.00": {
      "alpha": 2.0,
      "r_ld_zeff": -0.7962625811617274,
      "r_ld_x": 0.0014318820320436826,
      "mean_ld": -0.1540625,
      "std_ld": 2.5621914929822336,
      "n": 400
    }
  }
}