{
  "model": "gemma2-2b",
  "pair": "weight",
  "k": 15,
  "layer": 20,
  "results": {
    "baseline": {
      "alpha": null,
      "r_ld_zeff": 0.9353243963233528,
      "r_ld_x": 0.1050087962362295,
      "mean_ld": 1.4296875,
      "std_ld": 1.8521734749469319,
      "n": 400
    },
    "manifold_a0.00": {
      "alpha": 0.0,
      "r_ld_zeff": 0.9353243963233528,
      "r_ld_x": 0.1050087962362295,
      "mean_ld": 1.4296875,
      "std_ld": 1.8521734749469319,
      "n": 400
    },
    "manifold_a0.25": {
      "alpha": 0.25,
      "r_ld_zeff": 0.9031471429675856,
      "r_ld_x": 0.1319345142038669,
      "mean_ld": 1.4228125,
      "std_ld": 1.4499059782303196,
      "n": 400
    },
    "manifold_a0.50": {
      "alpha": 0.5,
      "r_ld_zeff": 0.7969356079679053,
      "r_ld_x": 0.1531388604639782,
      "mean_ld": 1.4059375,
      "std_ld": 1.0530362752946671,
      "n": 400
    },
    "manifold_a0.75": {
      "alpha": 0.75,
      "r_ld_zeff": 0.4406297041193328,
      "r_ld_x": 0.18145537571663228,
      "mean_ld": 1.4175,
      "std_ld": 0.7740444023711465,
      "n": 400
    },
    "manifold_a1.00": {
      "alpha": 1.0,
      "r_ld_zeff": -0.17013344489147914,
      "r_ld_x": 0.1504903666286378,
      "mean_ld": 1.41375,
      "std_ld": 0.7998658643813388,
      "n": 400
    },
    "manifold_a1.25": {
      "alpha": 1.25,
      "r_ld_zeff": -0.5746363282023341,
      "r_ld_x": 0.08983290877202386,
      "mean_ld": 1.40375,
      "std_ld": 1.1027783038619645,
      "n": 400
    },
    "manifold_a1.50": {
      "alpha": 1.5,
      "r_ld_zeff": -0.7383083859149615,
      "r_ld_x": 0.05111069705865278,
      "mean_ld": 1.3790625,
      "std_ld": 1.508390504271753,
      "n": 400
    },
    "manifold_a2.00": {
      "alpha": 2.0,
      "r_ld_zeff": -0.8500029911244257,
      "r_ld_x": 0.013944907401181206,
      "mean_ld": 1.325,
      "std_ld": 2.3294756420527976,
      "n": 400
    }
  }
}