{
  "model": "gemma2-2b",
  "pair": "height",
  "k": 15,
  "layer": 20,
  "results": {
    "baseline": {
      "r_ld_zeff": 0.9391618860608881,
      "r_ld_x": 0.39321352057474146,
      "mean_ld": 1.1628125,
      "std_ld": 1.2400670114255177,
      "n": 400
    },
    "proj_out": {
      "r_ld_zeff": 0.4144209428578943,
      "r_ld_x": 0.5132131259096244,
      "mean_ld": 1.0059375,
      "std_ld": 0.2625378523251624,
      "n": 400
    },
    "mean_ablate": {
      "r_ld_zeff": 0.4125005637526553,
      "r_ld_x": 0.5169030534901636,
      "mean_ld": 1.063125,
      "std_ld": 0.26208195617857016,
      "n": 400
    },
    "manifold_a075": {
      "r_ld_zeff": 0.6651488762937868,
      "r_ld_x": 0.4256880855016913,
      "mean_ld": 1.1878125,
      "std_ld": 0.656922766500459,
      "n": 400
    },
    "manifold_a100": {
      "r_ld_zeff": 0.3321129017113936,
      "r_ld_x": 0.35718993920934083,
      "mean_ld": 1.2303125,
      "std_ld": 0.5485897525795923,
      "n": 400
    }
  }
}