{
  "model": "gemma2-2b",
  "pair": "speed",
  "k": 15,
  "layer": 20,
  "results": {
    "baseline": {
      "alpha": null,
      "r_ld_zeff": 0.7806596936465768,
      "r_ld_x": 0.44288345702791165,
      "mean_ld": 0.5184375,
      "std_ld": 1.0590029339567821,
      "n": 400
    },
    "manifold_a0.00": {
      "alpha": 0.0,
      "r_ld_zeff": 0.7806596936465768,
      "r_ld_x": 0.44288345702791165,
      "mean_ld": 0.5184375,
      "std_ld": 1.0590029339567821,
      "n": 400
    },
    "manifold_a0.25": {
      "alpha": 0.25,
      "r_ld_zeff": 0.5960784179018925,
      "r_ld_x": 0.47996823937326155,
      "mean_ld": 0.538125,
      "std_ld": 0.8091927097290835,
      "n": 400
    },
    "manifold_a0.50": {
      "alpha": 0.5,
      "r_ld_zeff": 0.17952485509808372,
      "r_ld_x": 0.4521461060383761,
      "mean_ld": 0.5503125,
      "std_ld": 0.6869429133919343,
      "n": 400
    },
    "manifold_a0.75": {
      "alpha": 0.75,
      "r_ld_zeff": -0.3103451611194391,
      "r_ld_x": 0.298502249584085,
      "mean_ld": 0.5765625,
      "std_ld": 0.7635302496949601,
      "n": 400
    },
    "manifold_a1.00": {
      "alpha": 1.0,
      "r_ld_zeff": -0.5985679103847654,
      "r_ld_x": 0.1617090194524392,
      "mean_ld": 0.62,
      "std_ld": 1.004480875663611,
      "n": 400
    },
    "manifold_a1.25": {
      "alpha": 1.25,
      "r_ld_zeff": -0.7354742768750171,
      "r_ld_x": 0.0566894783970396,
      "mean_ld": 0.670625,
      "std_ld": 1.3387466960427628,
      "n": 400
    },
    "manifold_a1.50": {
      "alpha": 1.5,
      "r_ld_zeff": -0.805671302182665,
      "r_ld_x": -0.007719706328174402,
      "mean_ld": 0.715,
      "std_ld": 1.7221040127055163,
      "n": 400
    },
    "manifold_a2.00": {
      "alpha": 2.0,
      "r_ld_zeff": -0.8586762692227701,
      "r_ld_x": -0.08065049566533572,
      "mean_ld": 0.8425,
      "std_ld": 2.581814170506384,
      "n": 400
    }
  }
}