{
  "model": "gemma2-9b",
  "pair": "speed",
  "k": 15,
  "layer": 33,
  "results": {
    "baseline": {
      "alpha": null,
      "r_ld_zeff": 0.8714054043378308,
      "r_ld_x": 0.34032485025531967,
      "mean_ld": 0.280625,
      "std_ld": 2.416866430469799,
      "n": 400
    },
    "manifold_a0.00": {
      "alpha": 0.0,
      "r_ld_zeff": 0.8714054043378308,
      "r_ld_x": 0.34032485025531967,
      "mean_ld": 0.280625,
      "std_ld": 2.416866430469799,
      "n": 400
    },
    "manifold_a0.25": {
      "alpha": 0.25,
      "r_ld_zeff": 0.7304207418640609,
      "r_ld_x": 0.4481885979677842,
      "mean_ld": 0.3603125,
      "std_ld": 1.8123674169380493,
      "n": 400
    },
    "manifold_a0.50": {
      "alpha": 0.5,
      "r_ld_zeff": 0.3672849408829142,
      "r_ld_x": 0.5448057187771279,
      "mean_ld": 0.434375,
      "std_ld": 1.4761277866367812,
      "n": 400
    },
    "manifold_a0.75": {
      "alpha": 0.75,
      "r_ld_zeff": -0.1421708074995059,
      "r_ld_x": 0.5160671586702312,
      "mean_ld": 0.528125,
      "std_ld": 1.5944294033228472,
      "n": 400
    },
    "manifold_a1.00": {
      "alpha": 1.0,
      "r_ld_zeff": -0.4795060346211336,
      "r_ld_x": 0.41001371694857847,
      "mean_ld": 0.64859375,
      "std_ld": 2.114969687734561,
      "n": 400
    },
    "manifold_a1.25": {
      "alpha": 1.25,
      "r_ld_zeff": -0.642995671295307,
      "r_ld_x": 0.3270794803438961,
      "mean_ld": 0.75375,
      "std_ld": 2.840368679518378,
      "n": 400
    },
    "manifold_a1.50": {
      "alpha": 1.5,
      "r_ld_zeff": -0.7166182821418514,
      "r_ld_x": 0.27629806223413134,
      "mean_ld": 0.87,
      "std_ld": 3.6730932729416663,
      "n": 400
    },
    "manifold_a2.00": {
      "alpha": 2.0,
      "r_ld_zeff": -0.7806114229487342,
      "r_ld_x": 0.21853483432959425,
      "mean_ld": 1.12015625,
      "std_ld": 5.357307352124176,
      "n": 400
    }
  }
}