{
  "model": "gemma2-2b",
  "pair": "speed",
  "k": 15,
  "n_layers": 26,
  "n": 400,
  "results": {
    "baseline": {
      "r_ld_zeff": 0.7806596936465768,
      "r_ld_x": 0.44288345702791165,
      "mean_ld": 0.5184375,
      "std_ld": 1.0590029339567821,
      "n": 400
    },
    "iso_all": {
      "r_ld_zeff": 0.17583864256010168,
      "r_ld_x": 0.9145048715102406,
      "mean_ld": 1.1409375,
      "std_ld": 0.9608260901602231,
      "n": 400
    },
    "iso_keys_only": {
      "r_ld_zeff": 0.17583864256010168,
      "r_ld_x": 0.9145048715102406,
      "mean_ld": 1.1409375,
      "std_ld": 0.9608260901602231,
      "n": 400
    },
    "iso_all_plus_target": {
      "r_ld_zeff": 0.2978295538581621,
      "r_ld_x": -0.08550006159306142,
      "mean_ld": 0.1234375,
      "std_ld": 0.08556019788666933,
      "n": 400
    }
  }
}