{
  "model": "gemma2-2b",
  "pair": "height",
  "k": 15,
  "n_layers": 26,
  "n": 400,
  "results": {
    "baseline": {
      "r_ld_zeff": 0.9387596299815997,
      "r_ld_x": 0.3935135204777199,
      "mean_ld": 1.1653125,
      "std_ld": 1.2406510902195294,
      "n": 400
    },
    "iso_all": {
      "r_ld_zeff": 0.21184158443249454,
      "r_ld_x": 0.6795967184654784,
      "mean_ld": 1.88875,
      "std_ld": 0.1320327387819994,
      "n": 400
    },
    "iso_keys_only": {
      "r_ld_zeff": 0.21184158443249454,
      "r_ld_x": 0.6795967184654784,
      "mean_ld": 1.88875,
      "std_ld": 0.1320327387819994,
      "n": 400
    },
    "iso_all_plus_target": {
      "r_ld_zeff": 0.0663205390448909,
      "r_ld_x": 0.059485978037440275,
      "mean_ld": 0.8634375,
      "std_ld": 0.03626166522185177,
      "n": 400
    }
  }
}