{
  "model": "gemma2-9b",
  "pair": "weight",
  "k": 15,
  "n_layers": 42,
  "n": 400,
  "results": {
    "baseline": {
      "r_ld_zeff": 0.9432623522319447,
      "r_ld_x": 0.08625872676180815,
      "mean_ld": 0.5234375,
      "std_ld": 3.1752349382962506,
      "n": 400
    },
    "iso_all": {
      "r_ld_zeff": 0.06226603143200003,
      "r_ld_x": 0.9917809817154125,
      "mean_ld": 1.090625,
      "std_ld": 1.3538870927906295,
      "n": 400
    },
    "iso_keys_only": {
      "r_ld_zeff": 0.06226603143200003,
      "r_ld_x": 0.9917809817154125,
      "mean_ld": 1.090625,
      "std_ld": 1.3538870927906295,
      "n": 400
    },
    "iso_all_plus_target": {
      "r_ld_zeff": 0.3491637883546202,
      "r_ld_x": -0.44070043299744344,
      "mean_ld": 1.8503125,
      "std_ld": 0.05645846916629518,
      "n": 400
    }
  }
}