{
  "model": "gemma2-9b",
  "pair": "speed",
  "k": 15,
  "n_layers": 42,
  "n": 400,
  "results": {
    "baseline": {
      "r_ld_zeff": 0.870962301111079,
      "r_ld_x": 0.34082081898211725,
      "mean_ld": 0.2815625,
      "std_ld": 2.4180449695530277,
      "n": 400
    },
    "iso_all": {
      "r_ld_zeff": 0.147474368427571,
      "r_ld_x": 0.9800383386501987,
      "mean_ld": 1.0771875,
      "std_ld": 1.4839692345417461,
      "n": 400
    },
    "iso_keys_only": {
      "r_ld_zeff": 0.147474368427571,
      "r_ld_x": 0.9800383386501987,
      "mean_ld": 1.0771875,
      "std_ld": 1.4839692345417461,
      "n": 400
    },
    "iso_all_plus_target": {
      "r_ld_zeff": 0.20774174735318063,
      "r_ld_x": -0.005653187082127741,
      "mean_ld": -0.5759375,
      "std_ld": 0.09310870889950269,
      "n": 400
    }
  }
}