{
  "model": "gemma2-9b",
  "pair": "height",
  "k": 15,
  "n_layers": 42,
  "n": 400,
  "results": {
    "baseline": {
      "r_ld_zeff": 0.9609176051742561,
      "r_ld_x": 0.4407920180803652,
      "mean_ld": 0.861875,
      "std_ld": 2.383415623524599,
      "n": 400
    },
    "iso_all": {
      "r_ld_zeff": 0.335533831097015,
      "r_ld_x": 0.957140142710245,
      "mean_ld": 2.3046875,
      "std_ld": 1.3807614185953538,
      "n": 400
    },
    "iso_keys_only": {
      "r_ld_zeff": 0.335533831097015,
      "r_ld_x": 0.957140142710245,
      "mean_ld": 2.3046875,
      "std_ld": 1.3807614185953538,
      "n": 400
    },
    "iso_all_plus_target": {
      "r_ld_zeff": NaN,
      "r_ld_x": NaN,
      "mean_ld": 1.5,
      "std_ld": 0.0,
      "n": 400
    }
  }
}