{
  "model": "gemma2-2b",
  "pair": "weight",
  "k": 15,
  "n_layers": 26,
  "n": 400,
  "results": {
    "baseline": {
      "r_ld_zeff": 0.9357877755750041,
      "r_ld_x": 0.1055540193236769,
      "mean_ld": 1.4215625,
      "std_ld": 1.8557121719859717,
      "n": 400
    },
    "iso_all": {
      "r_ld_zeff": 0.13930708113421883,
      "r_ld_x": 0.7536081283880444,
      "mean_ld": 1.329375,
      "std_ld": 0.41531940708296955,
      "n": 400
    },
    "iso_keys_only": {
      "r_ld_zeff": 0.13930708113421883,
      "r_ld_x": 0.7536081283880444,
      "mean_ld": 1.329375,
      "std_ld": 0.41531940708296955,
      "n": 400
    },
    "iso_all_plus_target": {
      "r_ld_zeff": 0.2858189896512111,
      "r_ld_x": -0.01756019800902385,
      "mean_ld": 1.34,
      "std_ld": 0.07042210720333064,
      "n": 400
    }
  }
}