{
  "model": "gemma2-9b",
  "pair": "height",
  "k": 15,
  "n_layers": 42,
  "n": 400,
  "results": {
    "baseline": {
      "layer": null,
      "r_ld_zeff": 0.9609176051742561,
      "r_ld_x": 0.4407920180803652,
      "mean_ld": 0.861875,
      "std_ld": 2.383415623524599,
      "n": 400
    },
    "L0": {
      "layer": 0,
      "r_ld_zeff": 0.9555472404147811,
      "r_ld_x": 0.44629785412519635,
      "mean_ld": 0.80875,
      "std_ld": 2.677557744697671,
      "n": 400
    },
    "L1": {
      "layer": 1,
      "r_ld_zeff": 0.9599266241760889,
      "r_ld_x": 0.4377029578490234,
      "mean_ld": 0.874375,
      "std_ld": 2.4029403686761626,
      "n": 400
    },
    "L2": {
      "layer": 2,
      "r_ld_zeff": 0.9600958040663206,
      "r_ld_x": 0.44388195909417405,
      "mean_ld": 0.8303125,
      "std_ld": 2.339673271503356,
      "n": 400
    },
    "L3": {
      "layer": 3,
      "r_ld_zeff": 0.9628160961176011,
      "r_ld_x": 0.4216757582468996,
      "mean_ld": 0.9878125,
      "std_ld": 2.5063921843554824,
      "n": 400
    },
    "L4": {
      "layer": 4,
      "r_ld_zeff": 0.9576240084243953,
      "r_ld_x": 0.45910914366731265,
      "mean_ld": 0.7946875,
      "std_ld": 2.354605728180772,
      "n": 400
    },
    "L5": {
      "layer": 5,
      "r_ld_zeff": 0.960339944254353,
      "r_ld_x": 0.44375108358963933,
      "mean_ld": 0.7403125,
      "std_ld": 2.4187987324525446,
      "n": 400
    },
    "L6": {
      "layer": 6,
      "r_ld_zeff": 0.957169426126274,
      "r_ld_x": 0.46379837205272745,
      "mean_ld": 0.8059375,
      "std_ld": 2.442965464193437,
      "n": 400
    },
    "L7": {
      "layer": 7,
      "r_ld_zeff": 0.9584814149104554,
      "r_ld_x": 0.4460666836042243,
      "mean_ld": 0.8459375,
      "std_ld": 2.424222622181902,
      "n": 400
    },
    "L8": {
      "layer": 8,
      "r_ld_zeff": 0.9585439746159707,
      "r_ld_x": 0.4467506329377465,
      "mean_ld": 0.896875,
      "std_ld": 2.4784452205269503,
      "n": 400
    },
    "L9": {
      "layer": 9,
      "r_ld_zeff": 0.9572677038483809,
      "r_ld_x": 0.4441636120966368,
      "mean_ld": 0.9153125,
      "std_ld": 2.4230271079288705,
      "n": 400
    },
    "L10": {
      "layer": 10,
      "r_ld_zeff": 0.9554015155456125,
      "r_ld_x": 0.46038694502532596,
      "mean_ld": 0.9615625,
      "std_ld": 2.4082406812944077,
      "n": 400
    },
    "L11": {
      "layer": 11,
      "r_ld_zeff": 0.9575335240482052,
      "r_ld_x": 0.4463214057754271,
      "mean_ld": 0.88375,
      "std_ld": 2.3544740245606506,
      "n": 400
    },
    "L12": {
      "layer": 12,
      "r_ld_zeff": 0.962925928668269,
      "r_ld_x": 0.4230526456494502,
      "mean_ld": 0.8921875,
      "std_ld": 2.348457052761539,
      "n": 400
    },
    "L13": {
      "layer": 13,
      "r_ld_zeff": 0.9543325927944548,
      "r_ld_x": 0.44483525974196386,
      "mean_ld": 0.8175,
      "std_ld": 2.4302081503721733,
      "n": 400
    },
    "L14": {
      "layer": 14,
      "r_ld_zeff": 0.9615976926706619,
      "r_ld_x": 0.4405431144119209,
      "mean_ld": 0.8340625,
      "std_ld": 2.3887864723788734,
      "n": 400
    },
    "L15": {
      "layer": 15,
      "r_ld_zeff": 0.9569029274384497,
      "r_ld_x": 0.43135943171881896,
      "mean_ld": 1.0028125,
      "std_ld": 2.437347751655475,
      "n": 400
    },
    "L16": {
      "layer": 16,
      "r_ld_zeff": 0.9611731598191018,
      "r_ld_x": 0.45117029443895196,
      "mean_ld": 0.880625,
      "std_ld": 2.3522038638088523,
      "n": 400
    },
    "L17": {
      "layer": 17,
      "r_ld_zeff": 0.9612551239956229,
      "r_ld_x": 0.4562043820903178,
      "mean_ld": 0.875,
      "std_ld": 2.271255076837507,
      "n": 400
    },
    "L18": {
      "layer": 18,
      "r_ld_zeff": 0.9604667284053666,
      "r_ld_x": 0.4369139843527691,
      "mean_ld": 0.8896875,
      "std_ld": 2.4006209179758695,
      "n": 400
    },
    "L19": {
      "layer": 19,
      "r_ld_zeff": 0.9607562428840124,
      "r_ld_x": 0.44949938055867167,
      "mean_ld": 0.9203125,
      "std_ld": 2.294912011973553,
      "n": 400
    },
    "L20": {
      "layer": 20,
      "r_ld_zeff": 0.9585018035936108,
      "r_ld_x": 0.44911709960836865,
      "mean_ld": 0.878125,
      "std_ld": 2.382874674350111,
      "n": 400
    },
    "L21": {
      "layer": 21,
      "r_ld_zeff": 0.9598214928567318,
      "r_ld_x": 0.4451708203530451,
      "mean_ld": 0.868125,
      "std_ld": 2.3472507481224505,
      "n": 400
    },
    "L22": {
      "layer": 22,
      "r_ld_zeff": 0.9616395616400695,
      "r_ld_x": 0.4316279236221712,
      "mean_ld": 0.9603125,
      "std_ld": 2.416029301106106,
      "n": 400
    },
    "L23": {
      "layer": 23,
      "r_ld_zeff": 0.9607767710173909,
      "r_ld_x": 0.4357039355155844,
      "mean_ld": 0.8909375,
      "std_ld": 2.365959391705985,
      "n": 400
    },
    "L24": {
      "layer": 24,
      "r_ld_zeff": 0.9606832190765187,
      "r_ld_x": 0.4403091290639037,
      "mean_ld": 0.8765625,
      "std_ld": 2.362169682753347,
      "n": 400
    },
    "L25": {
      "layer": 25,
      "r_ld_zeff": 0.9605755639816146,
      "r_ld_x": 0.438164212370855,
      "mean_ld": 0.84125,
      "std_ld": 2.3455989156680133,
      "n": 400
    },
    "L26": {
      "layer": 26,
      "r_ld_zeff": 0.9602884096795563,
      "r_ld_x": 0.43562822524326067,
      "mean_ld": 0.9203125,
      "std_ld": 2.4116957791503637,
      "n": 400
    },
    "L27": {
      "layer": 27,
      "r_ld_zeff": 0.961540141759984,
      "r_ld_x": 0.44071286739070104,
      "mean_ld": 0.865625,
      "std_ld": 2.3824309123256886,
      "n": 400
    },
    "L28": {
      "layer": 28,
      "r_ld_zeff": 0.9614902172551214,
      "r_ld_x": 0.43867480679091325,
      "mean_ld": 0.861875,
      "std_ld": 2.37538407064683,
      "n": 400
    },
    "L29": {
      "layer": 29,
      "r_ld_zeff": 0.9607981906671376,
      "r_ld_x": 0.43893950739782117,
      "mean_ld": 0.870625,
      "std_ld": 2.3927455857173627,
      "n": 400
    },
    "L30": {
      "layer": 30,
      "r_ld_zeff": 0.9609098883222641,
      "r_ld_x": 0.4403278995926494,
      "mean_ld": 0.8646875,
      "std_ld": 2.3826653563487703,
      "n": 400
    },
    "L31": {
      "layer": 31,
      "r_ld_zeff": 0.9611254046180921,
      "r_ld_x": 0.4398352685018686,
      "mean_ld": 0.8478125,
      "std_ld": 2.399467339040387,
      "n": 400
    },
    "L32": {
      "layer": 32,
      "r_ld_zeff": 0.9608492750132269,
      "r_ld_x": 0.44003018760739554,
      "mean_ld": 0.8509375,
      "std_ld": 2.3796055587285005,
      "n": 400
    },
    "L33": {
      "layer": 33,
      "r_ld_zeff": 0.9609965124730742,
      "r_ld_x": 0.4385856576647864,
      "mean_ld": 0.8753125,
      "std_ld": 2.3863499859581485,
      "n": 400
    },
    "L34": {
      "layer": 34,
      "r_ld_zeff": 0.9607480592232633,
      "r_ld_x": 0.442255076086445,
      "mean_ld": 0.855625,
      "std_ld": 2.368952447522228,
      "n": 400
    },
    "L35": {
      "layer": 35,
      "r_ld_zeff": 0.9610870638992123,
      "r_ld_x": 0.4395709864895614,
      "mean_ld": 0.8621875,
      "std_ld": 2.3832283715626796,
      "n": 400
    },
    "L36": {
      "layer": 36,
      "r_ld_zeff": 0.9608970005178408,
      "r_ld_x": 0.43977238308383804,
      "mean_ld": 0.8459375,
      "std_ld": 2.3863859239525462,
      "n": 400
    },
    "L37": {
      "layer": 37,
      "r_ld_zeff": 0.9605360220891059,
      "r_ld_x": 0.4408799426970299,
      "mean_ld": 0.8675,
      "std_ld": 2.377913066404751,
      "n": 400
    },
    "L38": {
      "layer": 38,
      "r_ld_zeff": 0.9606815849351658,
      "r_ld_x": 0.4403795908490805,
      "mean_ld": 0.8590625,
      "std_ld": 2.3774349203701113,
      "n": 400
    },
    "L39": {
      "layer": 39,
      "r_ld_zeff": 0.960851166281834,
      "r_ld_x": 0.44052485672729635,
      "mean_ld": 0.8609375,
      "std_ld": 2.3890966159187106,
      "n": 400
    },
    "L40": {
      "layer": 40,