{
  "model": "gemma2-2b",
  "pair": "weight",
  "k": 15,
  "n_layers": 26,
  "n": 400,
  "results": {
    "baseline": {
      "layer": null,
      "r_ld_zeff": 0.9357877755750041,
      "r_ld_x": 0.1055540193236769,
      "mean_ld": 1.4215625,
      "std_ld": 1.8557121719859717,
      "n": 400
    },
    "L0": {
      "layer": 0,
      "r_ld_zeff": 0.7548322774325216,
      "r_ld_x": 0.1744418971181942,
      "mean_ld": -0.296875,
      "std_ld": 1.4045406974530874,
      "n": 400
    },
    "L1": {
      "layer": 1,
      "r_ld_zeff": 0.9303976814653984,
      "r_ld_x": 0.07115685680137183,
      "mean_ld": 1.4615625,
      "std_ld": 1.904407826337702,
      "n": 400
    },
    "L2": {
      "layer": 2,
      "r_ld_zeff": 0.934739687845345,
      "r_ld_x": 0.08397902597849673,
      "mean_ld": 1.32,
      "std_ld": 1.8876718829936021,
      "n": 400
    },
    "L3": {
      "layer": 3,
      "r_ld_zeff": 0.9195992228237748,
      "r_ld_x": 0.09311431423328442,
      "mean_ld": 1.2753125,
      "std_ld": 1.8283631667471165,
      "n": 400
    },
    "L4": {
      "layer": 4,
      "r_ld_zeff": 0.9256443473199556,
      "r_ld_x": 0.10294430979203986,
      "mean_ld": 1.5571875,
      "std_ld": 2.0082193018329413,
      "n": 400
    },
    "L5": {
      "layer": 5,
      "r_ld_zeff": 0.932513024110533,
      "r_ld_x": 0.17345930497921896,
      "mean_ld": 1.4971875,
      "std_ld": 1.5316317743093262,
      "n": 400
    },
    "L6": {
      "layer": 6,
      "r_ld_zeff": 0.9310999837550398,
      "r_ld_x": 0.14427931031622376,
      "mean_ld": 1.5084375,
      "std_ld": 1.7999405785496154,
      "n": 400
    },
    "L7": {
      "layer": 7,
      "r_ld_zeff": 0.9315163012376625,
      "r_ld_x": 0.1221997754239891,
      "mean_ld": 1.356875,
      "std_ld": 1.779618558824413,
      "n": 400
    },
    "L8": {
      "layer": 8,
      "r_ld_zeff": 0.9382036585297912,
      "r_ld_x": 0.1337922205155085,
      "mean_ld": 1.4390625,
      "std_ld": 1.775215948201972,
      "n": 400
    },
    "L9": {
      "layer": 9,
      "r_ld_zeff": 0.9389228287487215,
      "r_ld_x": 0.11476247288087404,
      "mean_ld": 1.3628125,
      "std_ld": 1.8248965438712772,
      "n": 400
    },
    "L10": {
      "layer": 10,
      "r_ld_zeff": 0.9389966868232723,
      "r_ld_x": 0.10308487338547684,
      "mean_ld": 1.41125,
      "std_ld": 1.8019973775985858,
      "n": 400
    },
    "L11": {
      "layer": 11,
      "r_ld_zeff": 0.9361882968792506,
      "r_ld_x": 0.11016750376706996,
      "mean_ld": 1.40375,
      "std_ld": 1.8466936009092298,
      "n": 400
    },
    "L12": {
      "layer": 12,
      "r_ld_zeff": 0.9372486094744603,
      "r_ld_x": 0.10974008363384266,
      "mean_ld": 1.4575,
      "std_ld": 1.855440587686949,
      "n": 400
    },
    "L13": {
      "layer": 13,
      "r_ld_zeff": 0.931337962397855,
      "r_ld_x": 0.09821010747776515,
      "mean_ld": 1.435,
      "std_ld": 1.8882244580584229,
      "n": 400
    },
    "L14": {
      "layer": 14,
      "r_ld_zeff": 0.9356798986571254,
      "r_ld_x": 0.10554133642150079,
      "mean_ld": 1.4459375,
      "std_ld": 1.8129798809461564,
      "n": 400
    },
    "L15": {
      "layer": 15,
      "r_ld_zeff": 0.9354220401369487,
      "r_ld_x": 0.09852518054254804,
      "mean_ld": 1.3703125,
      "std_ld": 1.8807913640890181,
      "n": 400
    },
    "L16": {
      "layer": 16,
      "r_ld_zeff": 0.9346895735209588,
      "r_ld_x": 0.10135319128665947,
      "mean_ld": 1.3271875,
      "std_ld": 1.8663488547060023,
      "n": 400
    },
    "L17": {
      "layer": 17,
      "r_ld_zeff": 0.9356548744577872,
      "r_ld_x": 0.10621672303375443,
      "mean_ld": 1.4028125,
      "std_ld": 1.854674687873414,
      "n": 400
    },
    "L18": {
      "layer": 18,
      "r_ld_zeff": 0.9344094753984776,
      "r_ld_x": 0.10579942424984645,
      "mean_ld": 1.416875,
      "std_ld": 1.8580490035583184,
      "n": 400
    },
    "L19": {
      "layer": 19,
      "r_ld_zeff": 0.9358270348591509,
      "r_ld_x": 0.10240939048245246,
      "mean_ld": 1.434375,
      "std_ld": 1.860330564415164,
      "n": 400
    },
    "L20": {
      "layer": 20,
      "r_ld_zeff": 0.9341281821847065,
      "r_ld_x": 0.10844040078656303,
      "mean_ld": 1.41125,
      "std_ld": 1.8483418193621566,
      "n": 400
    },
    "L21": {
      "layer": 21,
      "r_ld_zeff": 0.9357920979077714,
      "r_ld_x": 0.10330858177270474,
      "mean_ld": 1.380625,
      "std_ld": 1.8657267552318506,
      "n": 400
    },
    "L22": {
      "layer": 22,
      "r_ld_zeff": 0.9354552071219346,
      "r_ld_x": 0.10272540996001578,
      "mean_ld": 1.39875,
      "std_ld": 1.863903673681101,
      "n": 400
    },
    "L23": {
      "layer": 23,
      "r_ld_zeff": 0.9358780161042467,
      "r_ld_x": 0.1058750166095073,
      "mean_ld": 1.405625,
      "std_ld": 1.869237070957991,
      "n": 400
    },
    "L24": {
      "layer": 24,
      "r_ld_zeff": 0.9350364945042117,
      "r_ld_x": 0.10514890590127583,
      "mean_ld": 1.413125,
      "std_ld": 1.8596888424820242,
      "n": 400
    },
    "L25": {
      "layer": 25,
      "r_ld_zeff": 0.9355129406062477,
      "r_ld_x": 0.10528013997226056,
      "mean_ld": 1.4246875,
      "std_ld": 1.8595520426549252,
      "n": 400
    }
  }
}