{
  "model": "gemma2-2b",
  "pair": "height",
  "k": 15,
  "n_layers": 26,
  "n": 400,
  "results": {
    "baseline": {
      "layer": null,
      "r_ld_zeff": 0.9387596299815997,
      "r_ld_x": 0.3935135204777199,
      "mean_ld": 1.1653125,
      "std_ld": 1.2406510902195294,
      "n": 400
    },
    "L0": {
      "layer": 0,
      "r_ld_zeff": 0.916824785081106,
      "r_ld_x": 0.36091761619667717,
      "mean_ld": 1.2590625,
      "std_ld": 1.4828660299402054,
      "n": 400
    },
    "L1": {
      "layer": 1,
      "r_ld_zeff": 0.9398372817192829,
      "r_ld_x": 0.4040863013853608,
      "mean_ld": 1.2396875,
      "std_ld": 1.1966084444240386,
      "n": 400
    },
    "L2": {
      "layer": 2,
      "r_ld_zeff": 0.9380406543865999,
      "r_ld_x": 0.394318467436095,
      "mean_ld": 1.1759375,
      "std_ld": 1.2611435847861925,
      "n": 400
    },
    "L3": {
      "layer": 3,
      "r_ld_zeff": 0.92356180937777,
      "r_ld_x": 0.41996928285742474,
      "mean_ld": 1.399375,
      "std_ld": 1.2303402281757958,
      "n": 400
    },
    "L4": {
      "layer": 4,
      "r_ld_zeff": 0.9281693517129406,
      "r_ld_x": 0.42014806635973245,
      "mean_ld": 1.3265625,
      "std_ld": 1.1139800266806217,
      "n": 400
    },
    "L5": {
      "layer": 5,
      "r_ld_zeff": 0.9250042713907725,
      "r_ld_x": 0.47009751625184015,
      "mean_ld": 1.338125,
      "std_ld": 0.9205855085604099,
      "n": 400
    },
    "L6": {
      "layer": 6,
      "r_ld_zeff": 0.8976853848169841,
      "r_ld_x": 0.5209027184819781,
      "mean_ld": 1.453125,
      "std_ld": 0.9140230877211024,
      "n": 400
    },
    "L7": {
      "layer": 7,
      "r_ld_zeff": 0.9360270799352144,
      "r_ld_x": 0.4146358602994799,
      "mean_ld": 1.1559375,
      "std_ld": 1.1980184385231112,
      "n": 400
    },
    "L8": {
      "layer": 8,
      "r_ld_zeff": 0.9223097127193729,
      "r_ld_x": 0.4240898659550834,
      "mean_ld": 1.42,
      "std_ld": 1.0219275119102125,
      "n": 400
    },
    "L9": {
      "layer": 9,
      "r_ld_zeff": 0.9407386075606763,
      "r_ld_x": 0.4077508532324747,
      "mean_ld": 1.1784375,
      "std_ld": 1.2055683758567637,
      "n": 400
    },
    "L10": {
      "layer": 10,
      "r_ld_zeff": 0.9381910462204297,
      "r_ld_x": 0.40227790523494933,
      "mean_ld": 1.160625,
      "std_ld": 1.1867703206011049,
      "n": 400
    },
    "L11": {
      "layer": 11,
      "r_ld_zeff": 0.9370302459078635,
      "r_ld_x": 0.399963715645714,
      "mean_ld": 1.17375,
      "std_ld": 1.252115377990183,
      "n": 400
    },
    "L12": {
      "layer": 12,
      "r_ld_zeff": 0.940706908004466,
      "r_ld_x": 0.3945548910584513,
      "mean_ld": 1.165,
      "std_ld": 1.2609333874232995,
      "n": 400
    },
    "L13": {
      "layer": 13,
      "r_ld_zeff": 0.9392267863290545,
      "r_ld_x": 0.3917255936344014,
      "mean_ld": 1.1815625,
      "std_ld": 1.2497978768289155,
      "n": 400
    },
    "L14": {
      "layer": 14,
      "r_ld_zeff": 0.9380794249051716,
      "r_ld_x": 0.3960655023309713,
      "mean_ld": 1.1859375,
      "std_ld": 1.2135980529727288,
      "n": 400
    },
    "L15": {
      "layer": 15,
      "r_ld_zeff": 0.9374553815092592,
      "r_ld_x": 0.39708107693728645,
      "mean_ld": 1.16625,
      "std_ld": 1.2555085390905645,
      "n": 400
    },
    "L16": {
      "layer": 16,
      "r_ld_zeff": 0.9395394972605295,
      "r_ld_x": 0.3936742232323541,
      "mean_ld": 1.1675,
      "std_ld": 1.2535313526714542,
      "n": 400
    },
    "L17": {
      "layer": 17,
      "r_ld_zeff": 0.9384739247374846,
      "r_ld_x": 0.3932947169562093,
      "mean_ld": 1.174375,
      "std_ld": 1.2424204726872383,
      "n": 400
    },
    "L18": {
      "layer": 18,
      "r_ld_zeff": 0.9389132981058466,
      "r_ld_x": 0.39673418235374425,
      "mean_ld": 1.1846875,
      "std_ld": 1.2422661360294598,
      "n": 400
    },
    "L19": {
      "layer": 19,
      "r_ld_zeff": 0.9389481602252074,
      "r_ld_x": 0.3918650018589359,
      "mean_ld": 1.1634375,
      "std_ld": 1.2409947788756976,
      "n": 400
    },
    "L20": {
      "layer": 20,
      "r_ld_zeff": 0.9391375398232208,
      "r_ld_x": 0.39320764053966506,
      "mean_ld": 1.1678125,
      "std_ld": 1.2388929702856935,
      "n": 400
    },
    "L21": {
      "layer": 21,
      "r_ld_zeff": 0.939180768060569,
      "r_ld_x": 0.3911556043361324,
      "mean_ld": 1.1484375,
      "std_ld": 1.2451179332750604,
      "n": 400
    },
    "L22": {
      "layer": 22,
      "r_ld_zeff": 0.9386664767366186,
      "r_ld_x": 0.3920272691414063,
      "mean_ld": 1.1725,
      "std_ld": 1.2425252704146696,
      "n": 400
    },
    "L23": {
      "layer": 23,
      "r_ld_zeff": 0.9383862802703886,
      "r_ld_x": 0.3920808398080256,
      "mean_ld": 1.1571875,
      "std_ld": 1.2423398984988994,
      "n": 400
    },
    "L24": {
      "layer": 24,
      "r_ld_zeff": 0.9392455089792042,
      "r_ld_x": 0.3943288334501226,
      "mean_ld": 1.1771875,
      "std_ld": 1.239006758137552,
      "n": 400
    },
    "L25": {
      "layer": 25,
      "r_ld_zeff": 0.9376203491187395,
      "r_ld_x": 0.39668451761869633,
      "mean_ld": 1.1728125,
      "std_ld": 1.2397840289501432,
      "n": 400
    }
  }
}