{
  "model": "gemma2-2b",
  "pair": "speed",
  "k": 15,
  "n_layers": 26,
  "n": 400,
  "results": {
    "baseline": {
      "layer": null,
      "r_ld_zeff": 0.7806596936465768,
      "r_ld_x": 0.44288345702791165,
      "mean_ld": 0.5184375,
      "std_ld": 1.0590029339567821,
      "n": 400
    },
    "L0": {
      "layer": 0,
      "r_ld_zeff": 0.42162802586091375,
      "r_ld_x": 0.7730441958321708,
      "mean_ld": -0.0153125,
      "std_ld": 1.066312405070281,
      "n": 400
    },
    "L1": {
      "layer": 1,
      "r_ld_zeff": 0.7870865401047344,
      "r_ld_x": 0.47478153266737755,
      "mean_ld": 0.60125,
      "std_ld": 1.114412727321903,
      "n": 400
    },
    "L2": {
      "layer": 2,
      "r_ld_zeff": 0.7923352422763137,
      "r_ld_x": 0.4740399108246659,
      "mean_ld": 0.5634375,
      "std_ld": 1.1101247400359338,
      "n": 400
    },
    "L3": {
      "layer": 3,
      "r_ld_zeff": 0.8088340550459405,
      "r_ld_x": 0.45591025714599165,
      "mean_ld": 0.47875,
      "std_ld": 1.040427332920334,
      "n": 400
    },
    "L4": {
      "layer": 4,
      "r_ld_zeff": 0.7168944386006433,
      "r_ld_x": 0.5531977721655954,
      "mean_ld": 0.8953125,
      "std_ld": 0.9413077954410797,
      "n": 400
    },
    "L5": {
      "layer": 5,
      "r_ld_zeff": 0.7280679204997167,
      "r_ld_x": 0.5715595152273549,
      "mean_ld": 0.7665625,
      "std_ld": 1.0436130468582125,
      "n": 400
    },
    "L6": {
      "layer": 6,
      "r_ld_zeff": 0.745442730677319,
      "r_ld_x": 0.49726641420028217,
      "mean_ld": 0.703125,
      "std_ld": 1.0538030468397888,
      "n": 400
    },
    "L7": {
      "layer": 7,
      "r_ld_zeff": 0.7842429074193495,
      "r_ld_x": 0.42463375015502225,
      "mean_ld": 0.62875,
      "std_ld": 1.0476888576079684,
      "n": 400
    },
    "L8": {
      "layer": 8,
      "r_ld_zeff": 0.7497362172706916,
      "r_ld_x": 0.4712740711756347,
      "mean_ld": 0.60625,
      "std_ld": 1.059237767983566,
      "n": 400
    },
    "L9": {
      "layer": 9,
      "r_ld_zeff": 0.7544376116061727,
      "r_ld_x": 0.4639653303081528,
      "mean_ld": 0.5515625,
      "std_ld": 1.0273693788971368,
      "n": 400
    },
    "L10": {
      "layer": 10,
      "r_ld_zeff": 0.7715694697379052,
      "r_ld_x": 0.467223193786061,
      "mean_ld": 0.5740625,
      "std_ld": 1.0314330171008024,
      "n": 400
    },
    "L11": {
      "layer": 11,
      "r_ld_zeff": 0.7983442963131504,
      "r_ld_x": 0.440322903746749,
      "mean_ld": 0.560625,
      "std_ld": 1.086952516814568,
      "n": 400
    },
    "L12": {
      "layer": 12,
      "r_ld_zeff": 0.7806045176998027,
      "r_ld_x": 0.460438172653328,
      "mean_ld": 0.536875,
      "std_ld": 1.078584940121845,
      "n": 400
    },
    "L13": {
      "layer": 13,
      "r_ld_zeff": 0.7712030464547979,
      "r_ld_x": 0.4723107138663909,
      "mean_ld": 0.5725,
      "std_ld": 1.0763360875830486,
      "n": 400
    },
    "L14": {
      "layer": 14,
      "r_ld_zeff": 0.789105064142724,
      "r_ld_x": 0.44543315108110637,
      "mean_ld": 0.52375,
      "std_ld": 1.049517283717641,
      "n": 400
    },
    "L15": {
      "layer": 15,
      "r_ld_zeff": 0.7850504563321453,
      "r_ld_x": 0.4363232107861881,
      "mean_ld": 0.49875,
      "std_ld": 1.0875297074846526,
      "n": 400
    },
    "L16": {
      "layer": 16,
      "r_ld_zeff": 0.7827847437093332,
      "r_ld_x": 0.43729271388151597,
      "mean_ld": 0.48625,
      "std_ld": 1.0707133159779658,
      "n": 400
    },
    "L17": {
      "layer": 17,
      "r_ld_zeff": 0.781092824621126,
      "r_ld_x": 0.4475122298578473,
      "mean_ld": 0.53875,
      "std_ld": 1.0629755312093851,
      "n": 400
    },
    "L18": {
      "layer": 18,
      "r_ld_zeff": 0.7848971935037539,
      "r_ld_x": 0.4395118887886438,
      "mean_ld": 0.5384375,
      "std_ld": 1.0665727540552414,
      "n": 400
    },
    "L19": {
      "layer": 19,
      "r_ld_zeff": 0.7835498440559593,
      "r_ld_x": 0.44163635724534045,
      "mean_ld": 0.515625,
      "std_ld": 1.0600646570222352,
      "n": 400
    },
    "L20": {
      "layer": 20,
      "r_ld_zeff": 0.781983859809837,
      "r_ld_x": 0.4429975067261054,
      "mean_ld": 0.518125,
      "std_ld": 1.0578428821347752,
      "n": 400
    },
    "L21": {
      "layer": 21,
      "r_ld_zeff": 0.7812214495857566,
      "r_ld_x": 0.4444800885947335,
      "mean_ld": 0.5265625,
      "std_ld": 1.0623375871003367,
      "n": 400
    },
    "L22": {
      "layer": 22,
      "r_ld_zeff": 0.7800932451237701,
      "r_ld_x": 0.4461866485587271,
      "mean_ld": 0.514375,
      "std_ld": 1.0650577352065513,
      "n": 400
    },
    "L23": {
      "layer": 23,
      "r_ld_zeff": 0.784783543864424,
      "r_ld_x": 0.4423794908162192,
      "mean_ld": 0.5190625,
      "std_ld": 1.0633095747349677,
      "n": 400
    },
    "L24": {
      "layer": 24,
      "r_ld_zeff": 0.7850892279622468,
      "r_ld_x": 0.4401827432773405,
      "mean_ld": 0.5278125,
      "std_ld": 1.0620474397381625,
      "n": 400
    },
    "L25": {
      "layer": 25,
      "r_ld_zeff": 0.7823553211384874,
      "r_ld_x": 0.44238483144053553,
      "mean_ld": 0.5209375,
      "std_ld": 1.0643785453555907,
      "n": 400
    }
  }
}