{
  "model": "gemma2-9b",
  "pair": "speed",
  "k": 15,
  "n_layers": 42,
  "n": 400,
  "results": {
    "baseline": {
      "layer": null,
      "r_ld_zeff": 0.870962301111079,
      "r_ld_x": 0.34082081898211725,
      "mean_ld": 0.2815625,
      "std_ld": 2.4180449695530277,
      "n": 400
    },
    "L0": {
      "layer": 0,
      "r_ld_zeff": 0.9095605951616891,
      "r_ld_x": 0.31233287932425374,
      "mean_ld": -0.010625,
      "std_ld": 2.6108350212423157,
      "n": 400
    },
    "L1": {
      "layer": 1,
      "r_ld_zeff": 0.8707159373852419,
      "r_ld_x": 0.3659894748731558,
      "mean_ld": 0.1171875,
      "std_ld": 2.4735239445180253,
      "n": 400
    },
    "L2": {
      "layer": 2,
      "r_ld_zeff": 0.8686040953958449,
      "r_ld_x": 0.36573670008479064,
      "mean_ld": 0.1946875,
      "std_ld": 2.4323931746809224,
      "n": 400
    },
    "L3": {
      "layer": 3,
      "r_ld_zeff": 0.8701814441034922,
      "r_ld_x": 0.3495643789339721,
      "mean_ld": 0.2065625,
      "std_ld": 2.474420338406867,
      "n": 400
    },
    "L4": {
      "layer": 4,
      "r_ld_zeff": 0.8791902583222484,
      "r_ld_x": 0.3322503340778757,
      "mean_ld": 0.2284375,
      "std_ld": 2.4389884240038557,
      "n": 400
    },
    "L5": {
      "layer": 5,
      "r_ld_zeff": 0.9022698041104147,
      "r_ld_x": 0.3165017702353996,
      "mean_ld": 0.0571875,
      "std_ld": 2.576912731430242,
      "n": 400
    },
    "L6": {
      "layer": 6,
      "r_ld_zeff": 0.8927993535026892,
      "r_ld_x": 0.32926225094305805,
      "mean_ld": 0.17875,
      "std_ld": 2.4388996527718656,
      "n": 400
    },
    "L7": {
      "layer": 7,
      "r_ld_zeff": 0.8780871402768992,
      "r_ld_x": 0.3360843906398175,
      "mean_ld": 0.311875,
      "std_ld": 2.4183566437802946,
      "n": 400
    },
    "L8": {
      "layer": 8,
      "r_ld_zeff": 0.8966661168354524,
      "r_ld_x": 0.2807555374542351,
      "mean_ld": 0.3015625,
      "std_ld": 2.421083198845732,
      "n": 400
    },
    "L9": {
      "layer": 9,
      "r_ld_zeff": 0.8733073570694193,
      "r_ld_x": 0.34354882300522444,
      "mean_ld": 0.28125,
      "std_ld": 2.412966552079335,
      "n": 400
    },
    "L10": {
      "layer": 10,
      "r_ld_zeff": 0.8720583685751029,
      "r_ld_x": 0.3349979351309397,
      "mean_ld": 0.31375,
      "std_ld": 2.4217221988744506,
      "n": 400
    },
    "L11": {
      "layer": 11,
      "r_ld_zeff": 0.8677552622423876,
      "r_ld_x": 0.352309315311753,
      "mean_ld": 0.38,
      "std_ld": 2.3804873292693722,
      "n": 400
    },
    "L12": {
      "layer": 12,
      "r_ld_zeff": 0.8703275602595387,
      "r_ld_x": 0.3487875891162999,
      "mean_ld": 0.2621875,
      "std_ld": 2.3799924237666636,
      "n": 400
    },
    "L13": {
      "layer": 13,
      "r_ld_zeff": 0.8815179863814702,
      "r_ld_x": 0.32807442515825536,
      "mean_ld": 0.2090625,
      "std_ld": 2.437743766327672,
      "n": 400
    },
    "L14": {
      "layer": 14,
      "r_ld_zeff": 0.8722714289547611,
      "r_ld_x": 0.3398825018198766,
      "mean_ld": 0.3615625,
      "std_ld": 2.324244776383312,
      "n": 400
    },
    "L15": {
      "layer": 15,
      "r_ld_zeff": 0.8703224810227321,
      "r_ld_x": 0.3406108450948966,
      "mean_ld": 0.410625,
      "std_ld": 2.5028454201904724,
      "n": 400
    },
    "L16": {
      "layer": 16,
      "r_ld_zeff": 0.8693024702490841,
      "r_ld_x": 0.3392693495215449,
      "mean_ld": 0.3034375,
      "std_ld": 2.4296323083912714,
      "n": 400
    },
    "L17": {
      "layer": 17,
      "r_ld_zeff": 0.8739325378011258,
      "r_ld_x": 0.31875023889537246,
      "mean_ld": 0.250625,
      "std_ld": 2.4032011044117,
      "n": 400
    },
    "L18": {
      "layer": 18,
      "r_ld_zeff": 0.8711911645369718,
      "r_ld_x": 0.33891465275341515,
      "mean_ld": 0.30375,
      "std_ld": 2.448962429264662,
      "n": 400
    },
    "L19": {
      "layer": 19,
      "r_ld_zeff": 0.8621037860399179,
      "r_ld_x": 0.33970384063680537,
      "mean_ld": 0.3028125,
      "std_ld": 2.374609167650853,
      "n": 400
    },
    "L20": {
      "layer": 20,
      "r_ld_zeff": 0.8723672510484741,
      "r_ld_x": 0.3394032519439923,
      "mean_ld": 0.3165625,
      "std_ld": 2.4372576151898167,
      "n": 400
    },
    "L21": {
      "layer": 21,
      "r_ld_zeff": 0.8709292297123826,
      "r_ld_x": 0.34085491494410564,
      "mean_ld": 0.318125,
      "std_ld": 2.3974681683853603,
      "n": 400
    },
    "L22": {
      "layer": 22,
      "r_ld_zeff": 0.874032643007717,
      "r_ld_x": 0.3362300130487429,
      "mean_ld": 0.2796875,
      "std_ld": 2.4197200929372307,
      "n": 400
    },
    "L23": {
      "layer": 23,
      "r_ld_zeff": 0.8758388446520773,
      "r_ld_x": 0.32836213855740437,
      "mean_ld": 0.1953125,
      "std_ld": 2.4164973595195924,
      "n": 400
    },
    "L24": {
      "layer": 24,
      "r_ld_zeff": 0.8715814234429332,
      "r_ld_x": 0.33473020229599554,
      "mean_ld": 0.259375,
      "std_ld": 2.3981423438002634,
      "n": 400
    },
    "L25": {
      "layer": 25,
      "r_ld_zeff": 0.8739506163072901,
      "r_ld_x": 0.33709225761057343,
      "mean_ld": 0.2490625,
      "std_ld": 2.400306879627001,
      "n": 400
    },
    "L26": {
      "layer": 26,
      "r_ld_zeff": 0.8736074740134161,
      "r_ld_x": 0.33581047269992603,
      "mean_ld": 0.2496875,
      "std_ld": 2.4310752316204134,
      "n": 400
    },
    "L27": {
      "layer": 27,
      "r_ld_zeff": 0.8712874548982946,
      "r_ld_x": 0.3395283682142265,
      "mean_ld": 0.2715625,
      "std_ld": 2.4139571182013646,
      "n": 400
    },
    "L28": {
      "layer": 28,
      "r_ld_zeff": 0.8680384809759905,
      "r_ld_x": 0.34680153746550435,
      "mean_ld": 0.265625,
      "std_ld": 2.4145625670814326,
      "n": 400
    },
    "L29": {
      "layer": 29,
      "r_ld_zeff": 0.8718275392523263,
      "r_ld_x": 0.33943158734462475,
      "mean_ld": 0.27125,
      "std_ld": 2.416983494053345,
      "n": 400
    },
    "L30": {
      "layer": 30,
      "r_ld_zeff": 0.8721640864543257,
      "r_ld_x": 0.3375859293189487,
      "mean_ld": 0.2734375,
      "std_ld": 2.4132743791717233,
      "n": 400
    },
    "L31": {
      "layer": 31,
      "r_ld_zeff": 0.8719735368748496,
      "r_ld_x": 0.33896740722415697,
      "mean_ld": 0.2721875,
      "std_ld": 2.4246992738823643,
      "n": 400
    },
    "L32": {
      "layer": 32,
      "r_ld_zeff": 0.870171258159451,
      "r_ld_x": 0.34162750039791945,
      "mean_ld": 0.2746875,
      "std_ld": 2.4143650794122795,
      "n": 400
    },
    "L33": {
      "layer": 33,
      "r_ld_zeff": 0.8714948187108026,
      "r_ld_x": 0.34005160247425675,
      "mean_ld": 0.28,
      "std_ld": 2.4098807154414597,
      "n": 400
    },
    "L34": {
      "layer": 34,
      "r_ld_zeff": 0.8708286930830441,
      "r_ld_x": 0.3393492475281539,
      "mean_ld": 0.26625,
      "std_ld": 2.4112313564101098,
      "n": 400
    },
    "L35": {
      "layer": 35,
      "r_ld_zeff": 0.8715013102841948,
      "r_ld_x": 0.3423898143098853,
      "mean_ld": 0.26375,
      "std_ld": 2.4073948184770346,
      "n": 400
    },
    "L36": {
      "layer": 36,
      "r_ld_zeff": 0.8708516978914327,
      "r_ld_x": 0.34072089809819817,
      "mean_ld": 0.25625,
      "std_ld": 2.406824114532622,
      "n": 400
    },
    "L37": {
      "layer": 37,
      "r_ld_zeff": 0.8710228834114766,
      "r_ld_x": 0.34157486344834065,
      "mean_ld": 0.27375,
      "std_ld": 2.4175595749113636,
      "n": 400
    },
    "L38": {
      "layer": 38,
      "r_ld_zeff": 0.8713346447052717,
      "r_ld_x": 0.33966974109637466,
      "mean_ld": 0.2740625,
      "std_ld": 2.4173053896769336,
      "n": 400
    },
    "L39": {
      "layer": 39,
      "r_ld_zeff": 0.8709839299162901,
      "r_ld_x": 0.3410069844697341,
      "mean_ld": 0.28,
      "std_ld": 2.4189797503454744,
      "n": 400
    },
    "L40": {
      "layer": 40,