{
  "model": "gemma2-9b",
  "pair": "weight",
  "k": 15,
  "n_layers": 42,
  "n": 400,
  "results": {
    "baseline": {
      "layer": null,
      "r_ld_zeff": 0.9432623522319447,
      "r_ld_x": 0.08625872676180815,
      "mean_ld": 0.5234375,
      "std_ld": 3.1752349382962506,
      "n": 400
    },
    "L0": {
      "layer": 0,
      "r_ld_zeff": 0.93527481287276,
      "r_ld_x": 0.07668376470975621,
      "mean_ld": 0.2290625,
      "std_ld": 3.103691622538116,
      "n": 400
    },
    "L1": {
      "layer": 1,
      "r_ld_zeff": 0.940023234696313,
      "r_ld_x": 0.06954345211467228,
      "mean_ld": 0.3709375,
      "std_ld": 3.1494630060790363,
      "n": 400
    },
    "L2": {
      "layer": 2,
      "r_ld_zeff": 0.9429129591331847,
      "r_ld_x": 0.07728533125195625,
      "mean_ld": 0.4346875,
      "std_ld": 3.121205700913075,
      "n": 400
    },
    "L3": {
      "layer": 3,
      "r_ld_zeff": 0.9388151210439689,
      "r_ld_x": 0.0806413763666055,
      "mean_ld": 0.384375,
      "std_ld": 3.273075433190226,
      "n": 400
    },
    "L4": {
      "layer": 4,
      "r_ld_zeff": 0.9430948107148287,
      "r_ld_x": 0.08414635006714301,
      "mean_ld": 0.5178125,
      "std_ld": 3.1608834386331477,
      "n": 400
    },
    "L5": {
      "layer": 5,
      "r_ld_zeff": 0.9395095208238442,
      "r_ld_x": 0.08536932237540834,
      "mean_ld": 0.4309375,
      "std_ld": 3.2338553205391234,
      "n": 400
    },
    "L6": {
      "layer": 6,
      "r_ld_zeff": 0.9440599640160654,
      "r_ld_x": 0.09022876692678908,
      "mean_ld": 0.566875,
      "std_ld": 3.157428918886306,
      "n": 400
    },
    "L7": {
      "layer": 7,
      "r_ld_zeff": 0.9413734088379488,
      "r_ld_x": 0.09078967794307857,
      "mean_ld": 0.5103125,
      "std_ld": 3.1837047255189947,
      "n": 400
    },
    "L8": {
      "layer": 8,
      "r_ld_zeff": 0.943788840496807,
      "r_ld_x": 0.09965849274648665,
      "mean_ld": 0.5,
      "std_ld": 3.1989557154129113,
      "n": 400
    },
    "L9": {
      "layer": 9,
      "r_ld_zeff": 0.9424024170796853,
      "r_ld_x": 0.08450509341364798,
      "mean_ld": 0.5171875,
      "std_ld": 3.190629376296464,
      "n": 400
    },
    "L10": {
      "layer": 10,
      "r_ld_zeff": 0.9414661629443142,
      "r_ld_x": 0.08852563097711792,
      "mean_ld": 0.4753125,
      "std_ld": 3.1984011066376747,
      "n": 400
    },
    "L11": {
      "layer": 11,
      "r_ld_zeff": 0.9477671196341323,
      "r_ld_x": 0.0891148315595569,
      "mean_ld": 0.455,
      "std_ld": 3.1057499830787223,
      "n": 400
    },
    "L12": {
      "layer": 12,
      "r_ld_zeff": 0.9483502802071985,
      "r_ld_x": 0.09340959221942968,
      "mean_ld": 0.4821875,
      "std_ld": 3.0968650616986326,
      "n": 400
    },
    "L13": {
      "layer": 13,
      "r_ld_zeff": 0.9412074744619994,
      "r_ld_x": 0.08534695547729981,
      "mean_ld": 0.495625,
      "std_ld": 3.1836139021668717,
      "n": 400
    },
    "L14": {
      "layer": 14,
      "r_ld_zeff": 0.944005068910459,
      "r_ld_x": 0.0911100206233495,
      "mean_ld": 0.515,
      "std_ld": 3.144533188317636,
      "n": 400
    },
    "L15": {
      "layer": 15,
      "r_ld_zeff": 0.9453427435552485,
      "r_ld_x": 0.10472310886770135,
      "mean_ld": 0.541875,
      "std_ld": 3.1479365655818605,
      "n": 400
    },
    "L16": {
      "layer": 16,
      "r_ld_zeff": 0.946718901901886,
      "r_ld_x": 0.09545848380113103,
      "mean_ld": 0.5728125,
      "std_ld": 3.175150702297372,
      "n": 400
    },
    "L17": {
      "layer": 17,
      "r_ld_zeff": 0.9499587554583476,
      "r_ld_x": 0.1125145496837665,
      "mean_ld": 0.5828125,
      "std_ld": 3.0560337052071525,
      "n": 400
    },
    "L18": {
      "layer": 18,
      "r_ld_zeff": 0.9437820154636529,
      "r_ld_x": 0.08749745532887004,
      "mean_ld": 0.5478125,
      "std_ld": 3.167576360934275,
      "n": 400
    },
    "L19": {
      "layer": 19,
      "r_ld_zeff": 0.9482393617354982,
      "r_ld_x": 0.0969338232922037,
      "mean_ld": 0.5146875,
      "std_ld": 3.115137805734369,
      "n": 400
    },
    "L20": {
      "layer": 20,
      "r_ld_zeff": 0.9452426601437132,
      "r_ld_x": 0.09975961285809401,
      "mean_ld": 0.535,
      "std_ld": 3.147908762009286,
      "n": 400
    },
    "L21": {
      "layer": 21,
      "r_ld_zeff": 0.9429884008002973,
      "r_ld_x": 0.08687242609307919,
      "mean_ld": 0.5575,
      "std_ld": 3.1161551521596014,
      "n": 400
    },
    "L22": {
      "layer": 22,
      "r_ld_zeff": 0.9434200435476405,
      "r_ld_x": 0.09333660329979353,
      "mean_ld": 0.495625,
      "std_ld": 3.189082977120916,
      "n": 400
    },
    "L23": {
      "layer": 23,
      "r_ld_zeff": 0.9455819744022973,
      "r_ld_x": 0.08578872235884358,
      "mean_ld": 0.48,
      "std_ld": 3.183910640614549,
      "n": 400
    },
    "L24": {
      "layer": 24,
      "r_ld_zeff": 0.9453506746289726,
      "r_ld_x": 0.08899933231034618,
      "mean_ld": 0.47875,
      "std_ld": 3.1313434364170245,
      "n": 400
    },
    "L25": {
      "layer": 25,
      "r_ld_zeff": 0.9437944658059184,
      "r_ld_x": 0.08835589952477915,
      "mean_ld": 0.569375,
      "std_ld": 3.159135554705989,
      "n": 400
    },
    "L26": {
      "layer": 26,
      "r_ld_zeff": 0.9432429997735281,
      "r_ld_x": 0.08355057894305849,
      "mean_ld": 0.511875,
      "std_ld": 3.1873810730185044,
      "n": 400
    },
    "L27": {
      "layer": 27,
      "r_ld_zeff": 0.9442010078611243,
      "r_ld_x": 0.0839777609491303,
      "mean_ld": 0.5446875,
      "std_ld": 3.1826934834141927,
      "n": 400
    },
    "L28": {
      "layer": 28,
      "r_ld_zeff": 0.9433402070689781,
      "r_ld_x": 0.08469246368475984,
      "mean_ld": 0.5115625,
      "std_ld": 3.167348257383869,
      "n": 400
    },
    "L29": {
      "layer": 29,
      "r_ld_zeff": 0.9430603626421457,
      "r_ld_x": 0.08944345796922519,
      "mean_ld": 0.5209375,
      "std_ld": 3.1803665294660806,
      "n": 400
    },
    "L30": {
      "layer": 30,
      "r_ld_zeff": 0.9428689944983075,
      "r_ld_x": 0.08772716744026152,
      "mean_ld": 0.5290625,
      "std_ld": 3.178836865606522,
      "n": 400
    },
    "L31": {
      "layer": 31,
      "r_ld_zeff": 0.9437032448935548,
      "r_ld_x": 0.08813217766223094,
      "mean_ld": 0.52875,
      "std_ld": 3.1906257095664423,
      "n": 400
    },
    "L32": {
      "layer": 32,
      "r_ld_zeff": 0.943594306682134,
      "r_ld_x": 0.08929759363426396,
      "mean_ld": 0.50125,
      "std_ld": 3.178520141232481,
      "n": 400
    },
    "L33": {
      "layer": 33,
      "r_ld_zeff": 0.9439812786519788,
      "r_ld_x": 0.08453234972180332,
      "mean_ld": 0.5271875,
      "std_ld": 3.1813163488755416,
      "n": 400
    },
    "L34": {
      "layer": 34,
      "r_ld_zeff": 0.9436019256155393,
      "r_ld_x": 0.08661383214109779,
      "mean_ld": 0.525,
      "std_ld": 3.169822658954765,
      "n": 400
    },
    "L35": {
      "layer": 35,
      "r_ld_zeff": 0.9436562127840252,
      "r_ld_x": 0.08783960457532348,
      "mean_ld": 0.5225,
      "std_ld": 3.1707431550645144,
      "n": 400
    },
    "L36": {
      "layer": 36,
      "r_ld_zeff": 0.9437180970120072,
      "r_ld_x": 0.08841239646575019,
      "mean_ld": 0.524375,
      "std_ld": 3.1751970292899983,
      "n": 400
    },
    "L37": {
      "layer": 37,
      "r_ld_zeff": 0.9432615393484609,
      "r_ld_x": 0.08630182407884321,
      "mean_ld": 0.5209375,
      "std_ld": 3.1728959730399424,
      "n": 400
    },
    "L38": {
      "layer": 38,
      "r_ld_zeff": 0.9432499092876047,
      "r_ld_x": 0.0866129444543446,
      "mean_ld": 0.5234375,
      "std_ld": 3.174852590044936,
      "n": 400
    },
    "L39": {
      "layer": 39,
      "r_ld_zeff": 0.9433341666550323,
      "r_ld_x": 0.08763952317131354,
      "mean_ld": 0.515625,
      "std_ld": 3.1848452013821515,
      "n": 400
    },
    "L40": {
      "layer": 40,