{"model": "gemma2-2b", "pair": "speed", "k": 15, "n_layers": 26, "n_heads": 8, "n_prompts": 1200, "head_tuning": [[0.06900388663517992, 0.1283885062768001, 0.1272443541749787, 0.03407218551167915, 0.11757263727157126, 0.08264984755604612, 0.14614443672228444, 0.14670903876972918], [0.09670296029703881, 0.08614544792817432, 0.031121363152506232, -0.026732978623573492, 0.09515366624988976, 0.06712840421403592, 0.0928757591931436, 0.03834531918709666], [0.12944619091733373, 0.13223184524443526, 0.20682675283984786, 0.14814325158587238, 0.1480423275946536, 0.06596750603705935, 0.02807664979201666, 0.02103111951297134], [0.2801830822377574, 0.20288227829039077, 0.17651234994252085, 0.10745113893501686, 0.12790665628866468, 0.1534259456174326, 0.11711485743000838, 0.08815789693039074], [0.09244440014992518, 0.10931968137819287, -0.007579079912843761, 0.07062166599114819, 0.10461369754415738, 0.07961010908235294, -0.0027824812952848697, 0.0999810715122821], [0.05923475343447508, 0.12226229735713495, -0.023418704455603234, 0.0376121241705219, -0.020768106274811234, 0.025150560475121188, 0.030227134312655737, 0.17434946359771739], [-0.12443244141393613, -0.0331265436437699, -0.14665574062257158, -0.20217124423507912, -0.0638847691082287, -0.04310899355701541, -0.13298661579669088, -0.0771237985651377], [0.1111430019918401, 0.015061140594113469, 0.13181322553854624, 0.15790183509640904, 0.09526596054230038, 0.07600643233042016, 0.013635651738621956, 0.093306115983179], [-0.013510467105926969, -0.04913662009442905, 0.08994079623466662, 0.04112950233173142, 0.1607341093617155, 0.0222321908545866, -0.20368376022033588, 0.03368065171307213], [0.032435062742855895, 0.07246773377022565, 0.06161421889013822, 0.07340606286520455, 0.10249897641882444, -0.00742523065071859, 0.1684528278821104, 0.17434174800247368], [0.02649274142600787, -0.1346185628103453, -0.04426979173908782, 0.1463007996173354, -0.061414295900757046, -0.0957989648207911, 0.13448411125572016, 0.032416856859829174], [0.18999187265695638, 0.07775309943920786, 0.23754555811029435, -0.06459464958275306, 0.13147728049976903, 0.19139044546407352, 0.1989310964640428, 0.19814746671186945], [0.12166467324244595, -0.07196346003952497, -0.009324542113405653, -0.11360457060104305, 0.32129747205651327, -0.018563110888712528, 0.24737490124446798, 0.22166665011024805], [0.16868449461368856, 0.15646230207498749, 0.16126603633807707, 0.1455147768641392, 0.12365637797954204, 0.1408184215759751, 0.20683388194103886, 0.0859553303206345], [0.10426290683121739, 0.08709890849285672, 0.09762547361977553, 0.10370598986452392, -0.10730235688558892, 0.0015418184644453204, 0.09714789219575727, 0.1836872148016765], [0.13016388475179208, 0.0611721907727157, 0.2837427796452941, 0.22076875093106044, 0.22838513590552437, 0.30667154715758554, 0.16082499626191404, 0.2330102754771114], [0.09462277629884591, 0.2011156964959605, 0.1836267984154098, 0.12504675917853633, 0.16519941603686855, 0.1326527217571828, 0.08380088339821015, 0.10378579100095825], [0.11467710220103633, 0.1667335557823501, 0.21569120217841842, 0.08877707229722272, 0.16791892448890103, 0.16102583703076379, 0.13371480599685745, 0.227692870360491], [0.10247671943945326, 0.22863329962789208, 0.06600665122907647, -0.07048516113552261, 0.16375428821597027, 0.01775720909385937, -0.07987621117184263, 0.01577971881601456], [0.2348263080586409, -0.003997034385981959, 0.10337012434850627, 0.19376182322593677, 0.033078116494038655, 0.22822883489812937, 0.21370667256908168, 0.12309810461125154], [0.14029929304700023, 0.08106613028554194, 0.03354131214049352, 0.023738019653999354, 0.025516424267614433, 0.1830057014745285, 0.04573900003942256, -0.01960184234278055], [0.10518791912749378, 0.04119378463756628, 0.11389118366042097, 0.14734757533520085, 0.15440734543626491, 0.031027519049445042, 0.1256749782659374, 0.07486354214785106], [0.1304729705356298, 0.08599971788137233, -0.014973947852286278, -0.036003057504768156, 0.029802569527734538, 0.07176666474456504, 0.09596348530749581, 0.10427922504499339], [0.07474588463944574, 0.1754953800909389, 0.09781915917953883, 0.09343437641744548, 0.15332262017353254, 0.16384843774708302, -0.018107245483968935, 0.021236031154043357], [0.13836096344416088, 0.07477433450082117, 0.144096657237565, 0.07926354229673119, 0.0074539211995747374, 0.13311484631000647, 0.08413568111272508, 0.1093270361987016], [0.08006224464274227, 0.13623525244837034, 0.13698255460984085, 0.10749765127539554, 0.15352774644067593, 0.15819448528093857, 0.09923594955958945, 0.11390685697102136]],