{"model": "gemma2-2b", "pair": "weight", "k": 15, "n_layers": 26, "n_heads": 8, "n_prompts": 1182, "head_tuning": [[0.09815264237733164, 0.11286042968701446, 0.10167333273986642, 0.014072353991003341, 0.19684933561664347, 0.16274512241177824, 0.08926523224296357, 0.10034557235152519], [0.053999837086088916, -0.00828717438189863, -0.030618262077995666, 0.06830879237569923, 0.11464021266686156, 0.10622613408473627, 0.06127176786373636, 0.015558044983131729], [-0.055229898154281774, 0.022400833452488004, 0.033957640413480095, 0.11316708336353004, -0.02764923042687599, 0.002728923176456409, -0.18070683991170794, 0.11101695604773522], [0.09745433508147353, 0.1414296678475649, 0.01028439890751535, 0.18865619979853446, 0.1262544290259696, 0.06686382803796749, 0.034129825992000686, -0.1675519177134461], [-0.10886764512263417, -0.03339505700442915, 0.023476618420563977, 0.18484132545899118, 0.05714793630907569, -0.028422464782851365, -0.03347040356713012, 0.13963979403681437], [0.16187729825330174, 0.11584137876735034, 0.2112476449289241, 0.2019004796163729, 0.18658691332212302, 0.02966298236962618, 0.0902967176467393, 0.23589078555485327], [0.23277406420323807, 0.2815290911935497, 0.2976076358907546, 0.33089352902168284, 0.17619683903233724, 0.2626841806782224, 0.17342869135257055, 0.2182933402677879], [0.05755207512930096, 0.13967524600600476, 0.12327865053320414, 0.11601012039268205, 0.05477352643862207, 0.09018264110243111, 0.0743773515558151, 0.1764459795037527], [0.02191034989085077, 0.14036235730901175, 0.02549961086693326, 0.08988175293634147, 0.14089424832287997, 0.20583377579959955, -0.021755458909287116, 0.19012630666056982], [0.054855955796301516, -0.014520836852334842, 0.12136062934785953, 0.015803684204755326, 0.09801522331895171, 0.0489583209192008, 0.2621980820059787, 0.11475427933372215], [0.2372523202567711, 0.40213580835925405, 0.03236803199185937, 0.1461539952245157, 0.3250344321569614, 0.05635465091655846, 0.07976738126852849, 0.23492250398994194], [0.02816705095189052, -0.018466154065595507, 0.08381863314526539, -0.0395275782905429, 0.18738407231047888, -0.14941224075590148, -0.003460144378887969, -0.06067403919503507], [0.03893416728437347, 0.10785093422215936, 0.1072348750593291, 0.18979895480384343, 0.4759138109227376, 0.10600139072796443, -0.05483625596169205, 0.15623066884449566], [0.18008106657567552, 0.3959550377654577, -0.1043212810790872, 0.02172693514266688, 0.05802240986523485, 0.017881342662946966, -0.038422357067619844, -0.11801499067915594], [-0.010281741671130754, -0.06438233098971069, 0.18723017910795609, 0.04682803004843364, 0.18413459551001088, 0.12122558649026496, 0.17287791703491745, 0.4626888434845574], [-0.11391168263255252, 0.12772639158058113, 0.3036218615378547, 0.2580870352863517, 0.24126841586691095, -0.010209173492440882, 0.06740773436278266, 0.055625176322353885], [0.03394379382542618, 0.019345818077448555, 0.05950550888682086, 0.06457300666311284, 0.23008548467927328, 0.007690414890536846, 0.2156179004212415, 0.05156133282768402], [-0.04590637414076372, 0.201052113797114, 0.16964726683227843, 0.07604623044497395, 0.15030961591634368, 0.11834163331313037, 0.059180048986701164, 0.11103209120944757], [0.17885927193392742, 0.06287297569291304, 0.14945306778479653, 0.01776008570678904, 0.049143853530030375, 0.18133691986886208, 0.08249739902627638, -0.00032053589589674876], [0.15059413081957657, 0.07953954653127872, 0.02912989953964246, -0.022337311583981875, -0.01622264627931019, -0.08363105642880336, 0.23695219872677417, 0.12602961626876422], [-0.0853380819572832, -0.04302868437583011, -0.13801651924612535, 0.11520022715398145, -0.0667692877437433, 0.11970666691341722, -0.03714794485188063, 0.11764449637919094], [0.1273048147407651, 0.11169144903807454, 0.03258744578319255, 0.08148067256410743, 0.06311734712026115, -0.09164162806445428, 0.02990598717193319, -0.03761381422395072], [-0.08295416615533874, 0.15209371696382956, -0.17008916920352288, -0.05918640141588589, -0.031569673507349086, -0.006922904252728179, -0.042717807426700685, -0.03321826758142314], [0.09779516273288442, 0.023398644552905308, -0.025088954705866456, 0.1308269143541297, 0.009376791133168489, 0.0007275295125595824, -0.026946580066922327, -0.012403823976604611], [0.10467565736778689, -0.1510225347273032, -0.014888451513775445, 0.09241101298703522, 0.2273020942401287, 0.08643884614148406, 0.054550501698253234, 0.010975514443804455], [-0.015502135580851785, 0.11181494894825517, 0.008906595939439904, -0.010776841950217133, 0.04181421421588807, 0.10994588198598859, -0.016262469609033225, 0.12841654467827607]],