{"model": "gemma2-2b", "pair": "height", "k": 15, "n_layers": 26, "n_heads": 8, "n_prompts": 990, "head_tuning": [[-0.47248921907566677, -0.4527705842085746, -0.29937715922277724, 0.08788235707172265, -0.7743376175205126, -0.5103639562693213, -0.3091118338044346, -0.38128687475720113], [0.23711299654226173, 0.1546601149034133, 0.061762632162995365, -0.5518456830376733, 0.09342954616030208, -0.007627349122164814, 0.2754069221971031, 0.005084407681524949], [-0.1389951176639057, -0.20068557351105706, -0.12149499114334976, -0.21780647089892494, -0.047418315857867335, 0.12596358928879967, -0.5776579130512312, -0.30318592555726304], [-0.3592508537533709, -0.6467203350837561, 0.11209407443730145, 0.24945919451245238, 0.4666557123580448, 0.2842638919644673, 0.19531504484206347, 0.1543853350428605], [-0.022292356428372004, -0.05543173134905801, -0.08680005506350706, -0.31871174091256527, 0.15014384512104537, -0.2315830851971358, 0.06255547433009653, -0.009223569350604841], [-0.4172860749018441, -0.2138147561593917, 0.21115623291278215, 0.1613907067148469, 0.30878545053971895, 0.13958656034162173, 0.029026349912431554, -0.5522431948755929], [0.34605105283266613, -0.06664003137058909, 0.5140731436214703, 0.6113982817530556, 0.5078569243439494, -0.01289774091004307, 0.24913797926430828, 0.09315305174696818], [0.09689730752547156, -0.2949765616781043, -0.06940187695880065, -0.04257365633031954, 0.2141427702612493, 0.14445790655506663, 0.1708026476588265, -0.49165413686986825], [0.13580765530419087, 0.16222685327975409, -0.14327871283322488, -0.09225407733397036, -0.11502853577507063, 0.011210236273830955, 0.1961964694994819, -0.053258403807801426], [-0.4029016827497428, 0.2383414964247968, 0.09330307263812157, -0.051868512859142714, -0.16359668122193863, -0.0025070148825955874, -0.03418267319841582, -0.31418494293673566], [-0.6305397389847418, -0.40715236370859004, -0.04409276527294815, -0.5965273485840239, -0.5345605378132324, 0.36610302019632174, -0.0017912083786002725, -0.03030904847593528], [-0.28984874506740527, -0.26426871141245467, -0.6797099177237743, 0.08030065274223536, -0.20989852583329788, -0.5072408231972809, 0.21732399443157477, 0.0971302676007531], [0.0036564283554583374, -0.2294807944203206, 0.2167978497689488, 0.1713063024955913, -0.3687399458893096, -0.1630482040525475, -0.28995215746598313, -0.5411895464765101], [-0.1501132943530018, -0.5712796777803925, -0.17501004799864434, -0.21979194977376101, 0.020407507965101684, 0.02763950317017659, 0.04091616508710102, 0.0463020484933817], [0.08714373715381182, -0.16641389037061993, -0.15180399828772706, -0.05997776780033679, 0.39781598777588567, 0.12849759997014928, 0.16784247886900602, 0.039001812158872884], [0.44566935196287893, -0.01963657514837749, -0.5363360311310396, -0.47725231790926165, -0.23150316073380742, 0.26381757630083774, -0.31863154825743795, -0.19058749420308535], [0.2104665983532047, 0.0731564095729791, 0.06081360232726751, -0.10891009867455766, 0.3187578844641971, 0.2655782463150954, 0.24600168742495465, 0.1132514289054945], [0.442302958360224, -0.15100368567266714, 0.004432692824364445, 0.47917266316569856, 0.513022637583792, -0.14783441976648282, -0.011208056766657561, 0.055134823759306666], [0.18444679818707668, 0.03679468122923882, 0.041189792995602374, -0.10588963367823766, -0.05142814243424517, 0.17996990880313005, 0.2263321823977169, 0.08056196045415151], [0.14769300325968066, 0.3295154978180097, 0.29075712012041893, -0.3023375781802757, 0.06756815660059737, -0.005438961052293184, -0.05355189143202403, -0.2841067766537077], [-0.09420148786708317, -0.1766206396276235, 0.1919850720681503, -0.03748070318380972, 0.15829557809984074, 0.04158705645843245, 0.3195343277447456, 0.20683809159508176], [0.06831339385778291, 0.1223099184121721, 0.03471827577520604, -0.015151745475755433, 0.05315279832490823, 0.35922250552585255, -0.45325332544129815, -0.4887292339955296], [-0.004210551712095832, 0.18111464499908586, 0.2479533578068368, 0.22931283055759918, 0.1611354936377119, 0.17694623528106687, 0.1236456367941127, 0.2520902858500167], [0.17254466239703178, 0.12320742300735135, 0.2223812235070146, 0.09999469244725945, -0.060725205526948746, -0.045822995619497084, 0.22393055282306903, 0.2341169758561203], [-0.06895511783910788, 0.15290431660929954, -0.026589478256796653, 0.11373734492567719, 0.17026878769419412, 0.10426478414418355, -0.27062244570672594, 0.22889156803181188], [0.02772723514366287, 0.13255509750290834, -0.20451932341298315, -0.10402373507799438, -0.15132656640233888, 0.10149947405225344, -0.19705543303713516, -0.34216695177068096]],