{
  "model": "google/gemma-2-2b",
  "short": "gemma2-2b",
  "layer": 1,
  "primary_head": 6,
  "feature": "height",
  "k": 4,
  "n_prompts": 990,
  "sae": {
    "width": "16k",
    "l0": 79,
    "n_features": 16384,
    "n_active": 65,
    "avg_l0_per_prompt": 38.932323232323235
  },
  "primary_head_attribution_in_top": [
    2161,
    2995,
    5322
  ],
  "top_features": [
    {
      "rank": 0,
      "feat_idx": 2161,
      "r_z": -0.7049854397773743,
      "r_ld": -0.5951075553894043,
      "primary_head_share": 0.28477737307548523,
      "primary_head_zcorr": -0.7026398181915283,
      "argmax_attr_head": 6,
      "argmax_zcorr_head": 6,
      "head_attribution": [
        0.17643065750598907,
        0.07906226813793182,
        0.11880405992269516,
        0.08282145112752914,
        0.1871003806591034,
        0.04035479575395584,
        0.28477737307548523,
        0.0306489747017622
      ],
      "head_zcorr": [
        0.587238609790802,
        -0.6198546290397644,
        0.14502589404582977,
        0.03737292438745499,
        0.3913716971874237,
        0.11261183768510818,
        -0.7026398181915283,
        0.15686240792274475
      ]
    },
    {
      "rank": 1,
      "feat_idx": 7428,
      "r_z": 0.6927279829978943,
      "r_ld": 0.6075665950775146,
      "primary_head_share": 0.04068205505609512,
      "primary_head_zcorr": 0.6931903958320618,
      "argmax_attr_head": 1,
      "argmax_zcorr_head": 6,
      "head_attribution": [
        0.32439443469047546,
        0.4646742045879364,
        0.010870146565139294,
        0.01889348216354847,
        0.03492744266986847,
        0.01300461869686842,
        0.04068205505609512,
        0.09255367517471313
      ],
      "head_zcorr": [
        0.6500225067138672,
        0.47977185249328613,
        -0.03424309566617012,
        0.009448549710214138,
        0.44497740268707275,
        0.015735914930701256,
        0.6931903958320618,
        0.14780041575431824
      ]
    },
    {
      "rank": 2,
      "feat_idx": 15873,
      "r_z": 0.6689332127571106,
      "r_ld": 0.5423136353492737,
      "primary_head_share": 0.10429826378822327,
      "primary_head_zcorr": 0.6478810906410217,
      "argmax_attr_head": 1,
      "argmax_zcorr_head": 6,
      "head_attribution": [
        0.2490909844636917,
        0.31873419880867004,
        0.03957362100481987,
        0.007884122431278229,
        0.07639297097921371,
        0.04077999293804169,
        0.10429826378822327,
        0.16324575245380402
      ],
      "head_zcorr": [
        0.6461888551712036,
        0.5847850441932678,
        -0.04305877536535263,
        -0.06768917292356491,
        0.3963128328323364,
        -0.00784287042915821,
        0.6478810906410217,
        -0.021032283082604408
      ]
    },
    {
      "rank": 3,
      "feat_idx": 12108,
      "r_z": 0.6552509069442749,
      "r_ld": 0.529971182346344,
      "primary_head_share": 0.05856458470225334,
      "primary_head_zcorr": -0.259795218706131,
      "argmax_attr_head": 1,
      "argmax_zcorr_head": 1,
      "head_attribution": [
        0.13404683768749237,
        0.6380395889282227,
        0.045521147549152374,
        0.0831763967871666,
        0.007822697050869465,
        0.02819097600877285,
        0.05856458470225334,
        0.004637757316231728
      ],
      "head_zcorr": [
        -0.3367961049079895,
        0.639438807964325,
        -0.1342136710882187,
        0.006931430660188198,
        0.27103179693222046,
        0.06439915299415588,
        -0.259795218706131,
        -0.18957234919071198
      ]
    },
    {
      "rank": 4,
      "feat_idx": 2995,
      "r_z": -0.5769969820976257,
      "r_ld": -0.4876709282398224,
      "primary_head_share": 0.5366793274879456,
      "primary_head_zcorr": -0.660641074180603,
      "argmax_attr_head": 6,
      "argmax_zcorr_head": 6,
      "head_attribution": [
        0.027216356247663498,
        0.22403939068317413,
        0.0014748696703463793,
        0.00623729731887579,
        0.03708578273653984,
        0.021727247163653374,
        0.5366793274879456,
        0.1455397605895996
      ],
      "head_zcorr": [
        -0.018239090219140053,
        0.5848718285560608,
        -0.09533039480447769,
        0.21664506196975708,
        0.5943102836608887,
        0.33971908688545227,
        -0.660641074180603,
        0.4166213274002075
      ]
    },
    {
      "rank": 5,
      "feat_idx": 4880,
      "r_z": 0.5743510127067566,
      "r_ld": 0.4502915143966675,
      "primary_head_share": 0.01069943979382515,
      "primary_head_zcorr": -0.6642598509788513,
      "argmax_attr_head": 1,
      "argmax_zcorr_head": 6,
      "head_attribution": [
        0.2525229752063751,
        0.6185051798820496,
        0.030326755717396736,
        0.030959121882915497,
        0.014028514735400677,
        0.04139168933033943,
        0.01069943979382515,
        0.00156637083273381
      ],
      "head_zcorr": [
        0.590800940990448,
        0.5867179036140442,
        -0.16529902815818787,
        -0.057325731962919235,
        0.08777379989624023,
        0.02230011485517025,
        -0.6642598509788513,
        -0.20379410684108734
      ]
    },
    {
      "rank": 6,
      "feat_idx": 9897,
      "r_z": 0.5592160820960999,
      "r_ld": 0.4660659432411194,
      "primary_head_share": 0.0036656016018241644,
      "primary_head_zcorr": 0.5112319588661194,
      "argmax_attr_head": 0,
      "argmax_zcorr_head": 0,
      "head_attribution": [
        0.4852279722690582,
        0.034702688455581665,
        0.1973756104707718,
        0.08103735744953156,
        0.11631669104099274,
        0.03456491604447365,
        0.0036656016018241644,
        0.04710914567112923
      ],
      "head_zcorr": [
        0.6653632521629333,
        0.1993916779756546,
        0.08692064881324768,
        0.007884216494858265,
        -0.45139628648757935,
        0.21696646511554718,
        0.5112319588661194,
        0.20812281966209412
      ]
    },
    {
      "rank": 7,
      "feat_idx": 9147,
      "r_z": 0.5559524893760681,
      "r_ld": 0.4574580192565918,
      "primary_head_share": 0.05752342939376831,
      "primary_head_zcorr": 0.5408700704574585,
      "argmax_attr_head": 1,
      "argmax_zcorr_head": 1,
      "head_attribution": [
        0.036000970751047134,
        0.816292941570282,
        0.011581632308661938,
        0.03811930492520332,
        0.008774912916123867,
        0.015078946016728878,
        0.05752342939376831,
        0.016627928242087364
      ],
      "head_zcorr": [
        -0.4341188073158264,
        0.5409240126609802,
        -0.19551970064640045,
        0.1348043829202652,
        -0.1889917254447937,
        0.18072591722011566,
        0.5408700704574585,
        0.034702692180871964
      ]
    },
    {
      "rank": 8,
      "feat_idx": 4897,
      "r_z": 0.544962465763092,
      "r_ld": 0.45969435572624207,
      "primary_head_share": 0.018752019852399826,
      "primary_head_zcorr": -0.1922568380832672,
      "argmax_attr_head": 1,
      "argmax_zcorr_head": 0,
      "head_attribution": [
        0.1110292300581932,
        0.7750872373580933,
        0.022534772753715515,
        0.055431902408599854,
        0.0034788590855896473,
        0.009086440317332745,
        0.018752019852399826,
        0.004599510692059994
      ],
      "head_zcorr": [
        0.5910016894340515,
        0.4430121183395386,
        -0.01598327048122883,
        0.21794505417346954,
        -0.13050565123558044,
        0.09046231210231781,
        -0.1922568380832672,
        -0.07544053345918655
      ]
    },
    {
      "rank": 9,
      "feat_idx": 11344,
      "r_z": 0.5419477820396423,
      "r_ld": 0.47035500407218933,
      "primary_head_share": 0.02209065482020378,
      "primary_head_zcorr": 0.3584401309490204,
      "argmax_attr_head": 1,
      "argmax_zcorr_head": 0,