{
  "model": "google/gemma-2-2b",
  "short": "gemma2-2b",
  "layer": 1,
  "primary_head": 6,
  "feature": "weight",
  "k": 15,
  "n_prompts": 1182,
  "sae": {
    "width": "16k",
    "l0": 79,
    "n_features": 16384,
    "n_active": 51,
    "avg_l0_per_prompt": 39.22842639593909
  },
  "primary_head_attribution_in_top": [
    11082
  ],
  "top_features": [
    {
      "rank": 0,
      "feat_idx": 8989,
      "r_z": 0.46532300114631653,
      "r_ld": 0.38926059007644653,
      "primary_head_share": 0.06296044588088989,
      "primary_head_zcorr": 0.5163013935089111,
      "argmax_attr_head": 1,
      "argmax_zcorr_head": 6,
      "head_attribution": [
        0.26973074674606323,
        0.556402325630188,
        0.036836713552474976,
        0.03098764270544052,
        0.01136756595224142,
        0.014351696707308292,
        0.06296044588088989,
        0.017362866550683975
      ],
      "head_zcorr": [
        0.41184335947036743,
        0.4140368402004242,
        -0.033460065722465515,
        -0.0388668067753315,
        0.0025730575434863567,
        0.35444092750549316,
        0.5163013935089111,
        -0.422945111989975
      ]
    },
    {
      "rank": 1,
      "feat_idx": 3832,
      "r_z": -0.44596579670906067,
      "r_ld": -0.39252370595932007,
      "primary_head_share": 0.020287228748202324,
      "primary_head_zcorr": -0.19007544219493866,
      "argmax_attr_head": 1,
      "argmax_zcorr_head": 1,
      "head_attribution": [
        0.07340262085199356,
        0.7867034077644348,
        0.023068442940711975,
        0.011008655652403831,
        0.029425175860524178,
        0.004210781771689653,
        0.020287228748202324,
        0.05189371854066849
      ],
      "head_zcorr": [
        -0.2508584260940552,
        -0.4488825798034668,
        -0.0669759139418602,
        0.020003793761134148,
        0.3479418158531189,
        0.19109201431274414,
        -0.19007544219493866,
        -0.16628949344158173
      ]
    },
    {
      "rank": 2,
      "feat_idx": 7330,
      "r_z": -0.4118734300136566,
      "r_ld": -0.3357984125614166,
      "primary_head_share": 0.04623576998710632,
      "primary_head_zcorr": 0.20459261536598206,
      "argmax_attr_head": 1,
      "argmax_zcorr_head": 1,
      "head_attribution": [
        0.09901753067970276,
        0.7569381594657898,
        0.023115921765565872,
        0.015386726707220078,
        0.0145731745287776,
        0.02516762912273407,
        0.04623576998710632,
        0.01956513151526451
      ],
      "head_zcorr": [
        -0.35716962814331055,
        -0.40418022871017456,
        0.021092981100082397,
        -0.04152590408921242,
        -0.0850723385810852,
        -0.37932100892066956,
        0.20459261536598206,
        -0.2692030370235443
      ]
    },
    {
      "rank": 3,
      "feat_idx": 11344,
      "r_z": -0.3899923861026764,
      "r_ld": -0.35108351707458496,
      "primary_head_share": 0.01329585537314415,
      "primary_head_zcorr": -0.3454514741897583,
      "argmax_attr_head": 1,
      "argmax_zcorr_head": 1,
      "head_attribution": [
        0.13967281579971313,
        0.7735300660133362,
        0.008030565455555916,
        0.01484137773513794,
        0.0022229307796806097,
        0.025231344625353813,
        0.01329585537314415,
        0.023175053298473358
      ],
      "head_zcorr": [
        -0.3380567729473114,
        -0.3913172781467438,
        -0.0995064452290535,
        0.010033275000751019,
        0.22353801131248474,
        0.32977548241615295,
        -0.3454514741897583,
        -0.0760757327079773
      ]
    },
    {
      "rank": 4,
      "feat_idx": 6724,
      "r_z": -0.3830849528312683,
      "r_ld": -0.3332696557044983,
      "primary_head_share": 0.03951529413461685,
      "primary_head_zcorr": 0.12854745984077454,
      "argmax_attr_head": 1,
      "argmax_zcorr_head": 1,
      "head_attribution": [
        0.08520126342773438,
        0.7094944715499878,
        0.021360881626605988,
        0.04225355014204979,
        0.06929252296686172,
        0.022358102723956108,
        0.03951529413461685,
        0.010523820295929909
      ],
      "head_zcorr": [
        -0.13272474706172943,
        -0.42318296432495117,
        0.04460989683866501,
        0.15508770942687988,
        0.014572406187653542,
        0.21170994639396667,
        0.12854745984077454,
        -0.22271668910980225
      ]
    },
    {
      "rank": 5,
      "feat_idx": 10497,
      "r_z": -0.3685620427131653,
      "r_ld": -0.34259718656539917,
      "primary_head_share": 0.004013999830931425,
      "primary_head_zcorr": 0.4487200379371643,
      "argmax_attr_head": 0,
      "argmax_zcorr_head": 0,
      "head_attribution": [
        0.5153193473815918,
        0.21024395525455475,
        0.025856751948595047,
        0.09257068485021591,
        0.13373729586601257,
        0.010566179640591145,
        0.004013999830931425,
        0.007691778242588043
      ],
      "head_zcorr": [
        -0.5386425852775574,
        -0.23855674266815186,
        -0.0434420183300972,
        0.057951901108026505,
        0.21538932621479034,
        -0.3901762366294861,
        0.4487200379371643,
        -0.4548352360725403
      ]
    },
    {
      "rank": 6,
      "feat_idx": 10332,
      "r_z": 0.36418598890304565,
      "r_ld": 0.31122350692749023,
      "primary_head_share": 0.05271678790450096,
      "primary_head_zcorr": 0.5611829161643982,
      "argmax_attr_head": 1,
      "argmax_zcorr_head": 6,
      "head_attribution": [
        0.016239291056990623,
        0.6314162015914917,
        0.04275708273053169,
        0.0642823874950409,
        0.044276900589466095,
        0.05335831642150879,
        0.05271678790450096,
        0.09495307505130768
      ],
      "head_zcorr": [
        -0.3130284249782562,
        0.29754891991615295,
        0.11835438758134842,
        -0.0012586493976414204,
        -0.32580000162124634,
        -0.12194694578647614,
        0.5611829161643982,
        -0.4059905409812927
      ]
    },
    {
      "rank": 7,
      "feat_idx": 8491,
      "r_z": 0.355724036693573,
      "r_ld": 0.3051174581050873,
      "primary_head_share": 0.024496333673596382,
      "primary_head_zcorr": 0.4340336322784424,
      "argmax_attr_head": 1,
      "argmax_zcorr_head": 0,
      "head_attribution": [
        0.3788296580314636,
        0.4786956012248993,
        0.00569985993206501,
        0.03990092873573303,
        0.03303399309515953,
        0.02062314935028553,
        0.024496333673596382,
        0.018720468506217003
      ],
      "head_zcorr": [
        0.5073197484016418,
        0.13920649886131287,
        -0.30602121353149414,
        -0.332175076007843,
        0.06207786127924919,
        0.27732279896736145,
        0.4340336322784424,
        -0.21255917847156525
      ]
    },
    {
      "rank": 8,
      "feat_idx": 11003,
      "r_z": 0.35461604595184326,
      "r_ld": 0.3161858022212982,
      "primary_head_share": 0.02873821184039116,
      "primary_head_zcorr": 0.3473037779331207,
      "argmax_attr_head": 0,
      "argmax_zcorr_head": 7,
      "head_attribution": [
        0.3187223970890045,
        0.21018223464488983,
        0.0252450630068779,
        0.01603611186146736,
        0.29809609055519104,
        0.011101756244897842,
        0.02873821184039116,
        0.09187806397676468
      ],
      "head_zcorr": [
        0.31633374094963074,
        0.4043624997138977,
        0.16186347603797913,
        0.2519449293613434,
        -0.08563545346260071,
        0.003915245644748211,
        0.3473037779331207,
        -0.42837631702423096
      ]
    },
    {
      "rank": 9,
      "feat_idx": 1475,
      "r_z": 0.33773958683013916,
      "r_ld": 0.2850964069366455,
      "primary_head_share": 0.08204385638237,
      "primary_head_zcorr": 0.04603567346930504,
      "argmax_attr_head": 1,
      "argmax_zcorr_head": 0,