{
  "model": "google/gemma-2-2b",
  "short": "gemma2-2b",
  "layer": 1,
  "primary_head": 6,
  "feature": "speed",
  "k": 15,
  "n_prompts": 1200,
  "sae": {
    "width": "16k",
    "l0": 79,
    "n_features": 16384,
    "n_active": 57,
    "avg_l0_per_prompt": 41.43666666666667
  },
  "primary_head_attribution_in_top": [
    12437,
    8042,
    2995,
    2759
  ],
  "top_features": [
    {
      "rank": 0,
      "feat_idx": 9819,
      "r_z": 0.3652925193309784,
      "r_ld": 0.08486419916152954,
      "primary_head_share": 0.012550713494420052,
      "primary_head_zcorr": 0.3417888879776001,
      "argmax_attr_head": 1,
      "argmax_zcorr_head": 4,
      "head_attribution": [
        0.08172118663787842,
        0.7415070533752441,
        0.0019547303672879934,
        0.030281145125627518,
        0.0027916980907320976,
        0.06373455375432968,
        0.012550713494420052,
        0.06545889377593994
      ],
      "head_zcorr": [
        -0.05171680077910423,
        0.36769312620162964,
        0.08042079210281372,
        0.14135180413722992,
        -0.40262776613235474,
        0.1489962637424469,
        0.3417888879776001,
        -0.20767992734909058
      ]
    },
    {
      "rank": 1,
      "feat_idx": 3945,
      "r_z": 0.3436746895313263,
      "r_ld": -0.022045137360692024,
      "primary_head_share": 0.08544991910457611,
      "primary_head_zcorr": 0.2090429663658142,
      "argmax_attr_head": 0,
      "argmax_zcorr_head": 0,
      "head_attribution": [
        0.550316572189331,
        0.17577533423900604,
        0.10666699707508087,
        0.007320187985897064,
        0.03035389818251133,
        0.015230377204716206,
        0.08544991910457611,
        0.0288868211209774
      ],
      "head_zcorr": [
        0.3640906512737274,
        0.2885279059410095,
        0.0449020192027092,
        -0.12817241251468658,
        0.27770137786865234,
        -0.16230151057243347,
        0.2090429663658142,
        0.2713172137737274
      ]
    },
    {
      "rank": 2,
      "feat_idx": 1475,
      "r_z": 0.3391786515712738,
      "r_ld": 0.09463583678007126,
      "primary_head_share": 0.08225660771131516,
      "primary_head_zcorr": -0.29068031907081604,
      "argmax_attr_head": 1,
      "argmax_zcorr_head": 4,
      "head_attribution": [
        0.07034178823232651,
        0.7485058307647705,
        0.010663344524800777,
        0.019413596019148827,
        0.012813993729650974,
        0.029031753540039062,
        0.08225660771131516,
        0.026973096653819084
      ],
      "head_zcorr": [
        -0.3213607966899872,
        0.3507980406284332,
        -0.17561441659927368,
        -0.0470096729695797,
        -0.35573697090148926,
        -0.2506412863731384,
        -0.29068031907081604,
        0.2437080591917038
      ]
    },
    {
      "rank": 3,
      "feat_idx": 12437,
      "r_z": -0.33736053109169006,
      "r_ld": 0.016173237934708595,
      "primary_head_share": 0.7965611815452576,
      "primary_head_zcorr": -0.35163456201553345,
      "argmax_attr_head": 6,
      "argmax_zcorr_head": 6,
      "head_attribution": [
        0.019979659467935562,
        0.11376430839300156,
        0.020289408043026924,
        0.010999449528753757,
        0.0025856285355985165,
        0.023831747472286224,
        0.7965611815452576,
        0.011988659389317036
      ],
      "head_zcorr": [
        0.02994641847908497,
        0.2619493901729584,
        -0.01707964763045311,
        0.11085173487663269,
        0.14922846853733063,
        -0.11268583685159683,
        -0.35163456201553345,
        0.24670660495758057
      ]
    },
    {
      "rank": 4,
      "feat_idx": 10542,
      "r_z": 0.33157920837402344,
      "r_ld": 0.12550294399261475,
      "primary_head_share": 0.027336113154888153,
      "primary_head_zcorr": -0.2743697166442871,
      "argmax_attr_head": 1,
      "argmax_zcorr_head": 1,
      "head_attribution": [
        0.1670423001050949,
        0.667564332485199,
        0.0011432782048359513,
        0.06690143048763275,
        0.008258023299276829,
        0.014032524079084396,
        0.027336113154888153,
        0.04772195219993591
      ],
      "head_zcorr": [
        -0.1227627843618393,
        0.29440152645111084,
        -0.025081444531679153,
        0.13882483541965485,
        0.21402421593666077,
        0.10027111321687698,
        -0.2743697166442871,
        -0.22145505249500275
      ]
    },
    {
      "rank": 5,
      "feat_idx": 11344,
      "r_z": 0.3001265525817871,
      "r_ld": 0.02531524747610092,
      "primary_head_share": 0.010838490910828114,
      "primary_head_zcorr": -0.204420804977417,
      "argmax_attr_head": 1,
      "argmax_zcorr_head": 0,
      "head_attribution": [
        0.12766198813915253,
        0.7995796799659729,
        0.0073946211487054825,
        0.0009218140039592981,
        0.008998475037515163,
        0.02577601745724678,
        0.010838490910828114,
        0.018828926607966423
      ],
      "head_zcorr": [
        0.39896881580352783,
        0.29743850231170654,
        -0.045657481998205185,
        -0.053351566195487976,
        0.11002407968044281,
        0.06894201040267944,
        -0.204420804977417,
        -0.05316707119345665
      ]
    },
    {
      "rank": 6,
      "feat_idx": 7253,
      "r_z": 0.2987082004547119,
      "r_ld": -0.01735973358154297,
      "primary_head_share": 0.034235887229442596,
      "primary_head_zcorr": 0.31656190752983093,
      "argmax_attr_head": 1,
      "argmax_zcorr_head": 6,
      "head_attribution": [
        0.40935850143432617,
        0.44737422466278076,
        0.018640723079442978,
        0.03130540996789932,
        0.026613421738147736,
        0.014284034259617329,
        0.034235887229442596,
        0.018187744542956352
      ],
      "head_zcorr": [
        0.2734021842479706,
        0.2870754897594452,
        0.12324348092079163,
        0.11307442933320999,
        0.21702374517917633,
        0.20211270451545715,
        0.31656190752983093,
        0.16818314790725708
      ]
    },
    {
      "rank": 7,
      "feat_idx": 11100,
      "r_z": 0.2985840439796448,
      "r_ld": 0.05917907506227493,
      "primary_head_share": 0.021227823570370674,
      "primary_head_zcorr": -0.19707557559013367,
      "argmax_attr_head": 0,
      "argmax_zcorr_head": 0,
      "head_attribution": [
        0.7062305808067322,
        0.16799883544445038,
        0.022700395435094833,
        0.007021510507911444,
        0.01375379879027605,
        0.018935510888695717,
        0.021227823570370674,
        0.042131561785936356
      ],
      "head_zcorr": [
        0.34751299023628235,
        -0.3273038864135742,
        -0.06228598579764366,
        0.10699356347322464,
        0.24413719773292542,
        0.2186451405286789,
        -0.19707557559013367,
        0.07639224082231522
      ]
    },
    {
      "rank": 8,
      "feat_idx": 2513,
      "r_z": 0.2939799427986145,
      "r_ld": 0.04497230052947998,
      "primary_head_share": 0.08427438139915466,
      "primary_head_zcorr": 0.39284786581993103,
      "argmax_attr_head": 0,
      "argmax_zcorr_head": 6,
      "head_attribution": [
        0.5026240348815918,
        0.18512900173664093,
        0.021256431937217712,
        0.004695855546742678,
        0.09529051184654236,
        0.08853713423013687,
        0.08427438139915466,
        0.0181925930082798
      ],
      "head_zcorr": [
        0.3094136118888855,
        -0.12791676819324493,
        -0.0561194084584713,
        -0.13270436227321625,
        -0.24628892540931702,
        -0.1090136393904686,
        0.39284786581993103,
        0.21266193687915802
      ]
    },
    {
      "rank": 9,
      "feat_idx": 8042,
      "r_z": 0.2926958203315735,
      "r_ld": -0.008909733965992928,
      "primary_head_share": 0.20302727818489075,
      "primary_head_zcorr": 0.39536353945732117,
      "argmax_attr_head": 0,
      "argmax_zcorr_head": 6,