{
  "model": "google/gemma-2-2b",
  "short": "gemma2-2b",
  "layer": 1,
  "primary_head": 6,
  "feature": "height",
  "k": 1,
  "n_prompts": 990,
  "sae": {
    "width": "16k",
    "l0": 79,
    "n_features": 16384,
    "n_active": 78,
    "avg_l0_per_prompt": 43.07676767676767
  },
  "primary_head_attribution_in_top": [
    2161,
    2995,
    812,
    14867,
    1391
  ],
  "top_features": [
    {
      "rank": 0,
      "feat_idx": 2161,
      "r_z": -0.5320913195610046,
      "r_ld": -0.419031023979187,
      "primary_head_share": 0.27433761954307556,
      "primary_head_zcorr": -0.47625625133514404,
      "argmax_attr_head": 6,
      "argmax_zcorr_head": 6,
      "head_attribution": [
        0.11485844850540161,
        0.1799377202987671,
        0.08441396802663803,
        0.11430561542510986,
        0.17669640481472015,
        0.030539480969309807,
        0.27433761954307556,
        0.024910666048526764
      ],
      "head_zcorr": [
        0.25946348905563354,
        -0.42497944831848145,
        0.11393428593873978,
        -0.026540886610746384,
        0.039460789412260056,
        0.11214572191238403,
        -0.47625625133514404,
        0.16021499037742615
      ]
    },
    {
      "rank": 1,
      "feat_idx": 15873,
      "r_z": 0.5200109481811523,
      "r_ld": 0.4297664761543274,
      "primary_head_share": 0.07288195192813873,
      "primary_head_zcorr": 0.376675546169281,
      "argmax_attr_head": 1,
      "argmax_zcorr_head": 1,
      "head_attribution": [
        0.2517094612121582,
        0.36783406138420105,
        0.045030806213617325,
        0.014134581200778484,
        0.05496940389275551,
        0.03376374393701553,
        0.07288195192813873,
        0.1596759706735611
      ],
      "head_zcorr": [
        0.4013923406600952,
        0.41281265020370483,
        -0.049453143030405045,
        -0.07155007869005203,
        0.16361260414123535,
        0.001155769219622016,
        0.376675546169281,
        -0.01647775247693062
      ]
    },
    {
      "rank": 2,
      "feat_idx": 12108,
      "r_z": 0.46538764238357544,
      "r_ld": 0.33539316058158875,
      "primary_head_share": 0.0670740082859993,
      "primary_head_zcorr": -0.014538117684423923,
      "argmax_attr_head": 1,
      "argmax_zcorr_head": 1,
      "head_attribution": [
        0.157883882522583,
        0.602418065071106,
        0.047103893011808395,
        0.07970158755779266,
        0.0111093670129776,
        0.029468664899468422,
        0.0670740082859993,
        0.005240610800683498
      ],
      "head_zcorr": [
        -0.061668071895837784,
        0.5046791434288025,
        -0.08079121261835098,
        -0.0034135840833187103,
        0.0808744803071022,
        0.07467728853225708,
        -0.014538117684423923,
        -0.06432091444730759
      ]
    },
    {
      "rank": 3,
      "feat_idx": 4880,
      "r_z": 0.4581359624862671,
      "r_ld": 0.28462299704551697,
      "primary_head_share": 0.00722828833386302,
      "primary_head_zcorr": -0.509728193283081,
      "argmax_attr_head": 1,
      "argmax_zcorr_head": 6,
      "head_attribution": [
        0.23334510624408722,
        0.6358626484870911,
        0.029840445145964622,
        0.029423246160149574,
        0.023573126643896103,
        0.03874894231557846,
        0.00722828833386302,
        0.001978087704628706
      ],
      "head_zcorr": [
        0.4733368456363678,
        0.48007476329803467,
        -0.09916077554225922,
        -0.015308688394725323,
        0.0671558752655983,
        -0.006243021227419376,
        -0.509728193283081,
        -0.25349172949790955
      ]
    },
    {
      "rank": 4,
      "feat_idx": 2995,
      "r_z": -0.4530356228351593,
      "r_ld": -0.3932654559612274,
      "primary_head_share": 0.5594849586486816,
      "primary_head_zcorr": -0.4548848569393158,
      "argmax_attr_head": 6,
      "argmax_zcorr_head": 6,
      "head_attribution": [
        0.027119740843772888,
        0.20083022117614746,
        0.0017489288002252579,
        0.0014132271753624082,
        0.03840377926826477,
        0.020774375647306442,
        0.5594849586486816,
        0.1502247452735901
      ],
      "head_zcorr": [
        -0.10388363897800446,
        0.27981477975845337,
        -0.00582611421123147,
        0.20193327963352203,
        0.42445141077041626,
        0.11353041231632233,
        -0.4548848569393158,
        0.2596992552280426
      ]
    },
    {
      "rank": 5,
      "feat_idx": 7428,
      "r_z": 0.44296902418136597,
      "r_ld": 0.3981132507324219,
      "primary_head_share": 0.018784014508128166,
      "primary_head_zcorr": 0.45470312237739563,
      "argmax_attr_head": 1,
      "argmax_zcorr_head": 6,
      "head_attribution": [
        0.33333417773246765,
        0.4648111164569855,
        0.01848374307155609,
        0.0011047160951420665,
        0.05157747492194176,
        0.02010950818657875,
        0.018784014508128166,
        0.0917951688170433
      ],
      "head_zcorr": [
        0.3558276891708374,
        0.1251946985721588,
        -0.01642158441245556,
        0.03632959723472595,
        0.26842832565307617,
        -0.04285397380590439,
        0.45470312237739563,
        0.2799972593784332
      ]
    },
    {
      "rank": 6,
      "feat_idx": 11003,
      "r_z": -0.3958415687084198,
      "r_ld": -0.31929290294647217,
      "primary_head_share": 0.052737995982170105,
      "primary_head_zcorr": -0.2938755750656128,
      "argmax_attr_head": 1,
      "argmax_zcorr_head": 7,
      "head_attribution": [
        0.3289799094200134,
        0.40357986092567444,
        0.006842480041086674,
        0.022800510749220848,
        0.10412734001874924,
        0.005271988920867443,
        0.052737995982170105,
        0.0756598711013794
      ],
      "head_zcorr": [
        -0.1273997575044632,
        -0.29309287667274475,
        0.053169578313827515,
        -0.014475165866315365,
        -0.04606052488088608,
        -0.14393727481365204,
        -0.2938755750656128,
        0.2946416139602661
      ]
    },
    {
      "rank": 7,
      "feat_idx": 9147,
      "r_z": 0.38660407066345215,
      "r_ld": 0.28904733061790466,
      "primary_head_share": 0.07000148296356201,
      "primary_head_zcorr": 0.40528297424316406,
      "argmax_attr_head": 1,
      "argmax_zcorr_head": 6,
      "head_attribution": [
        0.0276617631316185,
        0.8096017837524414,
        0.011778062209486961,
        0.043099675327539444,
        0.006925344932824373,
        0.015229781158268452,
        0.07000148296356201,
        0.015702126547694206
      ],
      "head_zcorr": [
        -0.2430795282125473,
        0.34274420142173767,
        -0.04828309267759323,
        0.07828320562839508,
        -0.04043184593319893,
        0.10575511306524277,
        0.40528297424316406,
        -0.18419082462787628
      ]
    },
    {
      "rank": 8,
      "feat_idx": 8989,
      "r_z": 0.38023316860198975,
      "r_ld": 0.32486486434936523,
      "primary_head_share": 0.054344724863767624,
      "primary_head_zcorr": 0.3590621054172516,
      "argmax_attr_head": 1,
      "argmax_zcorr_head": 6,
      "head_attribution": [
        0.2728596031665802,
        0.579191267490387,
        0.030832843855023384,
        0.03214681148529053,
        0.002979226177558303,
        0.010558420792222023,
        0.054344724863767624,
        0.01708713360130787
      ],
      "head_zcorr": [
        0.26199981570243835,
        0.321353018283844,
        0.0473690889775753,
        0.09610368311405182,
        0.08005750179290771,
        0.07213490456342697,
        0.3590621054172516,
        -0.1410854011774063
      ]
    },
    {
      "rank": 9,
      "feat_idx": 11344,
      "r_z": 0.3781808912754059,
      "r_ld": 0.2953903079032898,
      "primary_head_share": 0.014716205187141895,
      "primary_head_zcorr": 0.34436434507369995,
      "argmax_attr_head": 1,
      "argmax_zcorr_head": 0,