{
  "model": "google/gemma-2-2b",
  "short": "gemma2-2b",
  "layer": 1,
  "primary_head": 6,
  "feature": "height",
  "k": 15,
  "n_prompts": 990,
  "sae": {
    "width": "16k",
    "l0": 79,
    "n_features": 16384,
    "n_active": 48,
    "avg_l0_per_prompt": 36.028282828282826
  },
  "primary_head_attribution_in_top": [
    15873,
    2759,
    2995,
    5322
  ],
  "top_features": [
    {
      "rank": 0,
      "feat_idx": 7428,
      "r_z": 0.7165268063545227,
      "r_ld": 0.6246613264083862,
      "primary_head_share": 0.10704320669174194,
      "primary_head_zcorr": 0.7083873748779297,
      "argmax_attr_head": 1,
      "argmax_zcorr_head": 6,
      "head_attribution": [
        0.3215475380420685,
        0.42326220870018005,
        0.0005713775753974915,
        0.0361555777490139,
        0.010067564435303211,
        0.009668446145951748,
        0.10704320669174194,
        0.09168408066034317
      ],
      "head_zcorr": [
        0.6758187413215637,
        0.3817903697490692,
        0.12703706324100494,
        0.11498809605836868,
        0.36647844314575195,
        -0.07046560198068619,
        0.7083873748779297,
        -0.08182822912931442
      ]
    },
    {
      "rank": 1,
      "feat_idx": 3832,
      "r_z": 0.6686057448387146,
      "r_ld": 0.5814036726951599,
      "primary_head_share": 0.04261600598692894,
      "primary_head_zcorr": 0.5756649374961853,
      "argmax_attr_head": 1,
      "argmax_zcorr_head": 1,
      "head_attribution": [
        0.04064880311489105,
        0.8120085000991821,
        0.025609249249100685,
        0.001002516015432775,
        0.028958888724446297,
        0.0017917060758918524,
        0.04261600598692894,
        0.04736427962779999
      ],
      "head_zcorr": [
        0.3802637755870819,
        0.6546638607978821,
        -0.016618017107248306,
        0.22194938361644745,
        0.37160784006118774,
        -0.016939563676714897,
        0.5756649374961853,
        0.26473498344421387
      ]
    },
    {
      "rank": 2,
      "feat_idx": 12108,
      "r_z": 0.609950602054596,
      "r_ld": 0.49175095558166504,
      "primary_head_share": 0.053952451795339584,
      "primary_head_zcorr": -0.2834683060646057,
      "argmax_attr_head": 1,
      "argmax_zcorr_head": 1,
      "head_attribution": [
        0.11568667739629745,
        0.6694843769073486,
        0.041944123804569244,
        0.08298277109861374,
        0.004777535330504179,
        0.02703144960105419,
        0.053952451795339584,
        0.004140655044466257
      ],
      "head_zcorr": [
        -0.5559443235397339,
        0.609207272529602,
        -0.09739597886800766,
        0.19923382997512817,
        -0.0395515002310276,
        0.1229982078075409,
        -0.2834683060646057,
        -0.24205981194972992
      ]
    },
    {
      "rank": 3,
      "feat_idx": 15549,
      "r_z": 0.6038581728935242,
      "r_ld": 0.5360389351844788,
      "primary_head_share": 0.0010705407476052642,
      "primary_head_zcorr": -0.6097530722618103,
      "argmax_attr_head": 4,
      "argmax_zcorr_head": 1,
      "head_attribution": [
        0.059601493179798126,
        0.004433071240782738,
        0.027684185653924942,
        0.01756855845451355,
        0.8641675710678101,
        0.0177362821996212,
        0.0010705407476052642,
        0.0077383071184158325
      ],
      "head_zcorr": [
        -0.46335339546203613,
        0.6426133513450623,
        -0.0016018551541492343,
        0.05651875212788582,
        0.5990495085716248,
        0.20154502987861633,
        -0.6097530722618103,
        0.02569800615310669
      ]
    },
    {
      "rank": 4,
      "feat_idx": 15873,
      "r_z": 0.5987304449081421,
      "r_ld": 0.4765521287918091,
      "primary_head_share": 0.1562822312116623,
      "primary_head_zcorr": 0.6707521677017212,
      "argmax_attr_head": 0,
      "argmax_zcorr_head": 6,
      "head_attribution": [
        0.29729047417640686,
        0.16224674880504608,
        0.03525225818157196,
        0.0039703119546175,
        0.11449874192476273,
        0.05366142839193344,
        0.1562822312116623,
        0.1767977774143219
      ],
      "head_zcorr": [
        0.6212615370750427,
        0.5199558138847351,
        0.05839087441563606,
        -0.06643033772706985,
        0.16641369462013245,
        -0.1264776736497879,
        0.6707521677017212,
        -0.1870717853307724
      ]
    },
    {
      "rank": 5,
      "feat_idx": 8774,
      "r_z": 0.5799090266227722,
      "r_ld": 0.48207542300224304,
      "primary_head_share": 0.03225206956267357,
      "primary_head_zcorr": 0.6080017685890198,
      "argmax_attr_head": 4,
      "argmax_zcorr_head": 6,
      "head_attribution": [
        0.022075867280364037,
        0.011761844158172607,
        0.02925693988800049,
        0.011976199224591255,
        0.844697117805481,
        0.013909269124269485,
        0.03225206956267357,
        0.034070663154125214
      ],
      "head_zcorr": [
        0.3191835880279541,
        0.29536256194114685,
        0.03632272779941559,
        0.28428274393081665,
        0.5198248028755188,
        0.02461257018148899,
        0.6080017685890198,
        0.25681668519973755
      ]
    },
    {
      "rank": 6,
      "feat_idx": 4880,
      "r_z": 0.5637190937995911,
      "r_ld": 0.47593626379966736,
      "primary_head_share": 0.014339379034936428,
      "primary_head_zcorr": -0.6602135300636292,
      "argmax_attr_head": 1,
      "argmax_zcorr_head": 6,
      "head_attribution": [
        0.2616923749446869,
        0.6072291135787964,
        0.032199230045080185,
        0.032670095562934875,
        0.0031765541061758995,
        0.04736066237092018,
        0.014339379034936428,
        0.001332561019808054
      ],
      "head_zcorr": [
        0.6031815409660339,
        0.5600767731666565,
        -0.06489969044923782,
        0.008990156464278698,
        -0.32094401121139526,
        -0.10989325493574142,
        -0.6602135300636292,
        0.11523718386888504
      ]
    },
    {
      "rank": 7,
      "feat_idx": 8989,
      "r_z": 0.54730623960495,
      "r_ld": 0.4763233959674835,
      "primary_head_share": 0.054883383214473724,
      "primary_head_zcorr": 0.5485786199569702,
      "argmax_attr_head": 1,
      "argmax_zcorr_head": 0,
      "head_attribution": [
        0.2891438603401184,
        0.5318627953529358,
        0.04700060933828354,
        0.022231565788388252,
        0.01496828906238079,
        0.017143942415714264,
        0.054883383214473724,
        0.022765515372157097
      ],
      "head_zcorr": [
        0.5539700984954834,
        0.4268854260444641,
        0.10700874775648117,
        0.12177646160125732,
        0.10612285137176514,
        0.3719393014907837,
        0.5485786199569702,
        -0.3356914818286896
      ]
    },
    {
      "rank": 8,
      "feat_idx": 2759,
      "r_z": 0.5454163551330566,
      "r_ld": 0.47656017541885376,
      "primary_head_share": 0.20448113977909088,
      "primary_head_zcorr": 0.6541177034378052,
      "argmax_attr_head": 7,
      "argmax_zcorr_head": 6,
      "head_attribution": [
        0.16169317066669464,
        0.0889490619301796,
        0.0027503909077495337,
        0.09861118346452713,
        0.019089629873633385,
        0.039550650864839554,
        0.20448113977909088,
        0.38487476110458374
      ],
      "head_zcorr": [
        0.6145650744438171,
        -0.27714982628822327,
        0.09407663345336914,
        -0.1120920330286026,
        -0.023138370364904404,
        -0.354178786277771,
        0.6541177034378052,
        -0.10012577474117279
      ]
    },
    {
      "rank": 9,
      "feat_idx": 6724,
      "r_z": 0.5287349820137024,
      "r_ld": 0.47102633118629456,
      "primary_head_share": 0.031040532514452934,
      "primary_head_zcorr": -0.5584365129470825,
      "argmax_attr_head": 1,
      "argmax_zcorr_head": 1,