{
  "model": "google/gemma-2-2b",
  "short": "gemma2-2b",
  "feature": "height",
  "k": 15,
  "steer_layer": 20,
  "alpha": 1.0,
  "sae": {
    "width": "16k",
    "l0": 71,
    "n_features": 16384
  },
  "n_prompts": 990,
  "baseline_r_LD_z": 0.9303684402409761,
  "delta_manifold_norm": 17.85470962524414,
  "layer_idxs": [
    0,
    1,
    2,
    3,
    4,
    5,
    6,
    7,
    8,
    9,
    10,
    11,
    12,
    13,
    14,
    15,
    16,
    17,
    18,
    19,
    20
  ],
  "head_idxs": [
    0,
    1,
    2,
    3,
    4,
    5,
    6,
    7
  ],
  "cos_grid": [
    [
      -0.022799061611294746,
      -0.11116944253444672,
      -0.2936932444572449,
      0.1335158348083496,
      0.121562160551548,
      0.19253145158290863,
      -0.11270549893379211,
      -0.04964553937315941
    ],
    [
      0.01252160593867302,
      -0.1833520233631134,
      -0.03385692089796066,
      -0.02710726298391819,
      0.1192830428481102,
      -0.05574855953454971,
      -0.1324605941772461,
      -0.0704357773065567
    ],
    [
      -0.015119006857275963,
      -0.11627891659736633,
      0.11301232874393463,
      -0.04116901382803917,
      -0.010020122863352299,
      0.03292645141482353,
      -0.13993549346923828,
      -0.1353241354227066
    ],
    [
      -0.20023714005947113,
      -0.22300976514816284,
      0.0438154973089695,
      -0.021878818050026894,
      0.07708253711462021,
      0.0060852947644889355,
      -0.04611659795045853,
      -0.002878320636227727
    ],
    [
      0.07517974078655243,
      -0.015465493313968182,
      -0.12422493100166321,
      -0.10386138409376144,
      -0.16283151507377625,
      0.15713919699192047,
      -0.023661451414227486,
      -0.30097630620002747
    ],
    [
      0.0829443708062172,
      -0.08989914506673813,
      0.048266321420669556,
      -0.03543674945831299,
      0.03024584800004959,
      0.016101639717817307,
      -0.2896318733692169,
      0.03181297332048416
    ],
    [
      0.07845763117074966,
      -0.09642937779426575,
      0.07600478082895279,
      -0.016942711547017097,
      0.0925365760922432,
      -0.09176389873027802,
      -0.14320093393325806,
      0.041416265070438385
    ],
    [
      -0.08479005843400955,
      -0.13204796612262726,
      -0.1535148173570633,
      -0.03376765921711922,
      -0.03785198554396629,
      0.03817251697182655,
      0.2536250948905945,
      0.06600683927536011
    ],
    [
      -0.021284786984324455,
      -0.13691455125808716,
      -0.1692436784505844,
      -0.03493138775229454,
      0.036562010645866394,
      -0.1216135248541832,
      -0.08603381365537643,
      0.05726632848381996
    ],
    [
      -0.001813524984754622,
      0.0043580299243330956,
      -0.1836535483598709,
      0.12358392030000687,
      -0.20819680392742157,
      -0.10654249787330627,
      -0.08104006201028824,
      0.007187678012996912
    ],
    [
      -0.03248022496700287,
      0.008693364448845387,
      0.005982872098684311,
      0.14525438845157623,
      -0.2743377089500427,
      -0.26205575466156006,
      0.2058486044406891,
      0.19030790030956268
    ],
    [
      -0.17884768545627594,
      -0.1417439728975296,
      0.20739085972309113,
      -0.02233094722032547,
      0.10876499861478806,
      -0.18039411306381226,
      -0.22373662889003754,
      0.14656862616539001
    ],
    [
      -0.00946480967104435,
      -0.00028664738056249917,
      -0.03626444563269615,
      -0.3037194609642029,
      0.12934330105781555,
      0.073708176612854,
      0.1928640753030777,
      -0.13828814029693604
    ],
    [
      -0.20023810863494873,
      -0.05557940527796745,
      0.12498081475496292,
      0.06679700314998627,
      0.17862007021903992,
      0.12043136358261108,
      0.1492702215909958,
      -0.04037528112530708
    ],
    [
      0.05426858365535736,
      -0.017917484045028687,
      0.16892701387405396,
      -0.011741402558982372,
      0.027844559401273727,
      -0.04889503866434097,
      -0.07862778007984161,
      0.3330526351928711
    ],
    [
      -0.18565872311592102,
      -0.3071180284023285,
      0.06448706984519958,
      0.12061663717031479,
      -0.015966540202498436,
      0.11766547709703445,
      -0.22217492759227753,
      0.3407614231109619
    ],
    [
      -0.07698339968919754,
      0.09369277954101562,
      -0.1809888780117035,
      0.1443534642457962,
      0.41340816020965576,
      0.2980406582355499,
      -0.18015968799591064,
      -0.21911726891994476
    ],
    [
      0.10468735545873642,
      0.15086522698402405,
      -0.05772007256746292,
      -0.004140837118029594,
      -0.02666468359529972,
      0.025098340585827827,
      -0.3411548137664795,
      0.3322063386440277
    ],
    [
      -0.053480878472328186,
      -0.20161424577236176,
      0.11557620018720627,
      0.20191070437431335,
      -0.21146561205387115,
      0.06751010566949844,
      -0.20177163183689117,
      -0.16085591912269592
    ],
    [
      0.18695250153541565,
      0.1431354284286499,
      -0.13943633437156677,
      -0.10369109362363815,
      -0.13913999497890472,
      0.10262349247932434,
      -0.04609500616788864,
      0.16142167150974274
    ],
    [
      0.17833207547664642,
      0.21437115967273712,
      -0.19350197911262512,
      0.217363178730011,
      -0.13103219866752625,
      -0.07388420403003693,
      0.03079790435731411,
      0.012510384432971478
    ]
  ],