{
  "model": "google/gemma-2-9b",
  "short": "gemma2-9b",
  "feature": "height",
  "k": 15,
  "steer_layer": 21,
  "alpha": 1.0,
  "sae": {
    "width": "16k",
    "l0": 66,
    "n_features": 16384
  },
  "n_prompts": 990,
  "baseline_r_LD_z": 0.951818697670573,
  "delta_manifold_norm": 18.804927825927734,
  "layer_idxs": [
    0,
    2,
    4,
    6,
    8,
    10,
    12,
    14,
    16,
    18,
    20
  ],
  "head_idxs": [
    0,
    1,
    2,
    3,
    4,
    5,
    6,
    7,
    8,
    9,
    10,
    11,
    12,
    13,
    14,
    15
  ],
  "cos_grid": [
    [
      -0.02846090868115425,
      -0.0982309877872467,
      -0.2838342785835266,
      -0.17682655155658722,
      -0.05137103050947189,
      0.11040943115949631,
      0.2735050916671753,
      0.05474568158388138,
      0.13026031851768494,
      0.13553625345230103,
      -0.02254442311823368,
      -0.07953932136297226,
      0.007245115470141172,
      0.14466635882854462,
      0.010260608978569508,
      0.02956153079867363
    ],
    [
      -0.04625960439443588,
      -0.02141043357551098,
      -0.1774890124797821,
      0.22980093955993652,
      0.03133329004049301,
      0.15320391952991486,
      -0.10571637004613876,
      0.1262926310300827,
      -0.2352796047925949,
      -0.16405288875102997,
      -0.07230864465236664,
      -0.1924387514591217,
      -0.08660722523927689,
      0.035223588347435,
      0.13965259492397308,
      -0.15750545263290405
    ],
    [
      0.09678324311971664,
      -0.20298747718334198,
      0.21225957572460175,
      -0.14599381387233734,
      0.01559969037771225,
      -0.08419952541589737,
      0.22078485786914825,
      0.27479639649391174,
      -0.08015573024749756,
      -0.06294680386781693,
      0.2153816968202591,
      0.0579107403755188,
      -0.10009114444255829,
      -0.10210160166025162,
      0.05131791532039642,
      -0.197938472032547
    ],
    [
      0.10187520831823349,
      -0.24427248537540436,
      0.053751833736896515,
      -0.22780980169773102,
      -0.17925556004047394,
      -0.12964870035648346,
      0.06759005039930344,
      0.01770428754389286,
      -0.04096988961100578,
      0.12276629358530045,
      -0.09687697142362595,
      -0.015600483864545822,
      -0.006179610267281532,
      -0.11456934362649918,
      0.07266773283481598,
      -0.025639422237873077
    ],
    [
      0.1463301032781601,
      -0.07932040095329285,
      -0.2623782455921173,
      -0.24299508333206177,
      0.15021613240242004,
      0.14279218018054962,
      0.21721185743808746,
      -0.10159474611282349,
      -0.11641104519367218,
      0.22845183312892914,
      -0.25565943121910095,
      -0.32317641377449036,
      -0.27931469678878784,
      0.10526232421398163,
      0.21360278129577637,
      -0.19957809150218964
    ],
    [
      -0.20692837238311768,
      0.24466383457183838,
      -0.15042658150196075,
      -0.26304325461387634,
      -0.1693975329399109,
      0.17892992496490479,
      0.16262100636959076,
      0.02179957740008831,
      -0.06831936538219452,
      -0.02869771234691143,
      0.04389787092804909,
      -0.03193608671426773,
      0.1639895886182785,
      -0.07657033950090408,
      0.20073217153549194,
      -0.08005969226360321
    ],
    [
      -0.3288145363330841,
      0.23501618206501007,
      -0.08788558840751648,
      -0.10046602040529251,
      0.11338315159082413,
      -0.21064357459545135,
      0.1213243305683136,
      0.021190650761127472,
      -0.006671446841210127,
      -0.10214437544345856,
      0.10564425587654114,
      -0.12898485362529755,
      0.0841638520359993,
      0.008075665682554245,
      0.13081888854503632,
      0.37331339716911316
    ],
    [
      -0.0786762610077858,
      -0.10323847085237503,
      0.06763452291488647,
      0.1714698076248169,
      -0.37574800848960876,
      0.10019629448652267,
      0.12215463072061539,
      -0.0397978276014328,
      -0.26030081510543823,
      0.1245274767279625,
      0.1238175630569458,
      0.04969005286693573,
      -0.11720917373895645,
      -0.035308852791786194,
      0.11545058339834213,
      -0.12207017838954926
    ],
    [
      0.029184984043240547,
      -0.05907828360795975,
      -0.11776557564735413,
      -0.015246711671352386,
      0.034302301704883575,
      -0.20090970396995544,
      0.2129630297422409,
      -0.13586512207984924,
      -0.09556318819522858,
      -0.1352754682302475,
      -0.23015901446342468,
      0.06695576012134552,
      0.16522172093391418,
      -0.05377289652824402,
      0.15216630697250366,
      0.13546247780323029
    ],
    [
      0.04874146357178688,
      0.19182822108268738,
      0.15238146483898163,
      0.08193309605121613,
      -0.09750498086214066,
      0.20851415395736694,
      -0.2204301804304123,
      -0.08110303431749344,
      -0.008660009130835533,
      -0.07046355307102203,
      -0.18827219307422638,
      -0.006308925803750753,
      0.05357670038938522,
      -0.01163585763424635,
      0.0038353540003299713,
      0.060369689017534256
    ],
    [
      -0.13129127025604248,
      0.05019444599747658,
      0.051298145204782486,
      -0.002469695871695876,
      -0.08855769038200378,
      -0.02404085360467434,
      -0.07982572168111801,
      -0.07979225367307663,
      0.11621742695569992,
      0.17877259850502014,
      -0.0948844850063324,
      -0.06968862563371658,
      -0.15740296244621277,
      0.1321432888507843,
      -0.04654223099350929,
      0.11399637162685394
    ]
  ],