{
  "model": "google/gemma-2-9b",
  "short": "gemma2-9b",
  "feature": "height",
  "k": 15,
  "n_prompts": 990,
  "baseline_r_LD_z": 0.951818697670573,
  "baseline_LD_mean": 0.6459596157073975,
  "n_total_cells": 176,
  "thresholds": [
    {
      "threshold": 0.1,
      "n_positive_cells": 50,
      "r_positive": 0.9509702633624321,
      "n_negative_cells": 49,
      "r_negative": 0.9466235735135802,
      "n_both_cells": 99,
      "r_both": 0.9414113905128464,
      "ld_mean_positive": 0.7758838534355164,
      "ld_mean_negative": 0.558207094669342,
      "ld_mean_both": 0.8726010322570801,
      "rand_r_mean": 0.9441073083234878,
      "rand_r_std": 0.00838960276054945,
      "rand_r_trials": [
        0.9513596820351197,
        0.9486131850667746,
        0.9323490578685691
      ],
      "rand_ld_means": [
        0.5054292678833008,
        0.49734848737716675,
        0.6159090995788574
      ]
    },
    {
      "threshold": 0.15,
      "n_positive_cells": 26,
      "r_positive": 0.9518784747932677,
      "n_negative_cells": 31,
      "r_negative": 0.9489332429592672,
      "n_both_cells": 57,
      "r_both": 0.9459768373492714,
      "ld_mean_positive": 0.7132575511932373,
      "ld_mean_negative": 0.6047979593276978,
      "ld_mean_both": 0.7664141654968262,
      "rand_r_mean": 0.9523650945564613,
      "rand_r_std": 0.002449145828467414,
      "rand_r_trials": [
        0.9527329300452614,
        0.949198561227791,
        0.9551637923963321
      ],
      "rand_ld_means": [
        0.6657828092575073,
        0.6167929172515869,
        0.5857323408126831
      ]
    },
    {
      "threshold": 0.2,
      "n_positive_cells": 15,
      "r_positive": 0.9513851876662864,
      "n_negative_cells": 19,
      "r_negative": 0.9502472280092713,
      "n_both_cells": 34,
      "r_both": 0.9520499418100529,
      "ld_mean_positive": 0.6833333373069763,
      "ld_mean_negative": 0.6608585715293884,
      "ld_mean_both": 0.7159090638160706,
      "rand_r_mean": 0.9512042659647936,
      "rand_r_std": 0.001958744224767574,
      "rand_r_trials": [
        0.9491608630902126,
        0.9506062770223489,
        0.9538456577818191
      ],
      "rand_ld_means": [
        0.7636363506317139,
        0.6166666746139526,
        0.6366161704063416
      ]
    },
    {
      "threshold": 0.25,
      "n_positive_cells": 3,
      "r_positive": 0.9518423781765278,
      "n_negative_cells": 9,
      "r_negative": 0.9517220454998147,
      "n_both_cells": 12,
      "r_both": 0.9515736373422234,
      "ld_mean_positive": 0.6527777910232544,
      "ld_mean_negative": 0.6496211886405945,
      "ld_mean_both": 0.6513888835906982,
      "rand_r_mean": 0.9523711777656153,
      "rand_r_std": 0.0011607508785984495,
      "rand_r_trials": [
        0.9537058680022524,
        0.9508762062929437,
        0.9525314590016498
      ],
      "rand_ld_means": [
        0.659343421459198,
        0.6191919445991516,
        0.6421717405319214
      ]
    },
    {
      "threshold": 0.3,
      "n_positive_cells": 1,
      "r_positive": 0.9518292679283178,
      "n_negative_cells": 3,
      "r_negative": 0.9523406641297052,
      "n_both_cells": 4,
      "r_both": 0.9524111926536075,
      "ld_mean_positive": 0.6505050659179688,
      "ld_mean_negative": 0.6635100841522217,
      "ld_mean_both": 0.6713383793830872,
      "rand_r_mean": 0.952385783434497,
      "rand_r_std": 0.0003013571128676079,
      "rand_r_trials": [
        0.9528117965343565,
        0.9521832072860399,
        0.9521623464830945
      ],
      "rand_ld_means": [
        0.6316919326782227,
        0.6540403962135315,
        0.6430555582046509
      ]
    }
  ]
}