{
  "model": "google/gemma-2-2b",
  "short": "gemma2-2b",
  "feature": "height",
  "k": 15,
  "n_prompts": 990,
  "baseline_r_LD_z": 0.9303684402409761,
  "baseline_LD_mean": 1.1203283071517944,
  "n_total_cells": 168,
  "thresholds": [
    {
      "threshold": 0.1,
      "n_positive_cells": 40,
      "r_positive": 0.8825293411160611,
      "n_negative_cells": 49,
      "r_negative": 0.8722503166204424,
      "n_both_cells": 89,
      "r_both": 0.8475225121517374,
      "ld_mean_positive": 0.5911616086959839,
      "ld_mean_negative": 1.8916666507720947,
      "ld_mean_both": 0.4983585774898529,
      "rand_r_mean": 0.9041117653092868,
      "rand_r_std": 0.027907022730386727,
      "rand_r_trials": [
        0.8662820460144108,
        0.9132856224382648,
        0.9327676274751849
      ],
      "rand_ld_means": [
        0.5109848380088806,
        0.32866162061691284,
        1.0367424488067627
      ]
    },
    {
      "threshold": 0.15,
      "n_positive_cells": 21,
      "r_positive": 0.8724501724959084,
      "n_negative_cells": 30,
      "r_negative": 0.8961647333839151,
      "n_both_cells": 51,
      "r_both": 0.9118907908661205,
      "ld_mean_positive": 0.9431818127632141,
      "ld_mean_negative": 1.8464646339416504,
      "ld_mean_both": 0.38093435764312744,
      "rand_r_mean": 0.9162990585012274,
      "rand_r_std": 0.01404251002462865,
      "rand_r_trials": [
        0.8983421271446466,
        0.9179324854540262,
        0.9326225629050098
      ],
      "rand_ld_means": [
        0.987500011920929,
        0.6630050539970398,
        0.8077020049095154
      ]
    },
    {
      "threshold": 0.2,
      "n_positive_cells": 11,
      "r_positive": 0.9065282470231802,
      "n_negative_cells": 18,
      "r_negative": 0.9168675417854402,
      "n_both_cells": 29,
      "r_both": 0.9222995434497103,
      "ld_mean_positive": 1.0453282594680786,
      "ld_mean_negative": 1.2890151739120483,
      "ld_mean_both": 0.6933080554008484,
      "rand_r_mean": 0.8925185673123553,
      "rand_r_std": 0.02127887152100124,
      "rand_r_trials": [
        0.8628980442967146,
        0.9119281789939326,
        0.9027294786464188
      ],
      "rand_ld_means": [
        0.9376262426376343,
        0.14002525806427002,
        0.8727272748947144
      ]
    },
    {
      "threshold": 0.25,
      "n_positive_cells": 6,
      "r_positive": 0.9054892453011495,
      "n_negative_cells": 8,
      "r_negative": 0.9370263920461048,
      "n_both_cells": 14,
      "r_both": 0.9209118978884133,
      "ld_mean_positive": 0.596969723701477,
      "ld_mean_negative": 1.104924201965332,
      "ld_mean_both": 0.4345959722995758,
      "rand_r_mean": 0.9277766297345824,
      "rand_r_std": 0.007049433213553803,
      "rand_r_trials": [
        0.9363479450535392,
        0.9279001872236076,
        0.9190817569266002
      ],
      "rand_ld_means": [
        0.8666666746139526,
        1.3829545974731445,
        1.2309343814849854
      ]
    },
    {
      "threshold": 0.3,
      "n_positive_cells": 4,
      "r_positive": 0.9031567328047955,
      "n_negative_cells": 4,
      "r_negative": 0.9345178187149328,
      "n_both_cells": 8,
      "r_both": 0.9098364829025073,
      "ld_mean_positive": 0.596969723701477,
      "ld_mean_negative": 1.1196969747543335,
      "ld_mean_both": 0.4766414165496826,
      "rand_r_mean": 0.9291993204438977,
      "rand_r_std": 0.002599457516426995,
      "rand_r_trials": [
        0.9315781009783844,
        0.9255826227288589,
        0.9304372376244501
      ],
      "rand_ld_means": [
        1.1334595680236816,
        1.3482322692871094,
        1.0439393520355225
      ]
    }
  ]
}