{
  "model_id": "google/gemma-4-E4B-it",
  "model_short": "gemma4-e4b-it",
  "layer": 33,
  "alphas": [
    0.5,
    0.75,
    1.0
  ],
  "n_train_seeds": 3,
  "n_train": 231,
  "n_test": 154,
  "primal_z_norm": 9.283852153616598,
  "manifold_norm_mean": 10.921619411171838,
  "settings": {
    "baseline": {
      "corr_LD_z": -0.1888437724958663,
      "corr_LD_x": -0.190174833902308,
      "partial_LD_z_given_x": -0.1248177048554761,
      "ld_mean": 0.19650070369243622,
      "n_x_pos_slope": 2,
      "n_x_neg_slope": 8,
      "per_x": {
        "16.0": {
          "slope": 1.334247933800456,
          "r": 0.8231973628460404,
          "mean_ld": 0.9583333333333334,
          "n_z": 3
        },
        "25.0": {
          "slope": -0.12252209011843046,
          "r": -0.21875516946303297,
          "mean_ld": 0.1337890625,
          "n_z": 5
        },
        "34.0": {
          "slope": -0.36726549765688676,
          "r": -0.47112635544913745,
          "mean_ld": 0.2713623046875,
          "n_z": 6
        },
        "43.0": {
          "slope": -0.1455925830785639,
          "r": -0.46242082621894587,
          "mean_ld": 0.06529017857142858,
          "n_z": 7
        },
        "52.0": {
          "slope": -0.3041627864119126,
          "r": -0.5173903567747585,
          "mean_ld": 0.4558444552951389,
          "n_z": 9
        },
        "60.0": {
          "slope": -0.24280647416461004,
          "r": -0.42638726523430326,
          "mean_ld": 0.24490966796875,
          "n_z": 10
        },
        "69.0": {
          "slope": -0.019506284782309424,
          "r": -0.06382982535639818,
          "mean_ld": 0.55035400390625,
          "n_z": 10
        },
        "78.0": {
          "slope": -0.13387617190572643,
          "r": -0.4002320926336221,
          "mean_ld": 0.39747314453125,
          "n_z": 10
        },
        "87.0": {
          "slope": -0.07428352871237236,
          "r": -0.13989391610748247,
          "mean_ld": -0.08894856770833333,
          "n_z": 9
        },
        "96.0": {
          "slope": 0.3530241911641193,
          "r": 0.7011900464914472,
          "mean_ld": -0.71600341796875,
          "n_z": 8
        }
      }
    },
    "manifold_a0.50": {
      "corr_LD_z": 0.036996769220764725,
      "corr_LD_x": -0.05035640212954632,
      "partial_LD_z_given_x": 0.06271266533542456,
      "ld_mean": 0.08406740427017212,
      "n_x_pos_slope": 7,
      "n_x_neg_slope": 3,
      "per_x": {
        "16.0": {
          "slope": 0.845459433502869,
          "r": 0.7057940024990726,
          "mean_ld": 1.251953125,
          "n_z": 3
        },
        "25.0": {
          "slope": 0.40021283069234,
          "r": 0.5422279876993094,
          "mean_ld": -0.538720703125,
          "n_z": 5
        },
        "34.0": {
          "slope": -0.343095630047418,
          "r": -0.37206347242143417,
          "mean_ld": 0.1796875,
          "n_z": 6
        },
        "43.0": {
          "slope": 0.10318040214345946,
          "r": 0.19882426051733496,
          "mean_ld": -0.37758091517857145,
          "n_z": 7
        },
        "52.0": {
          "slope": 0.10499538132800566,
          "r": 0.1876681175993748,
          "mean_ld": 0.3304104275173611,
          "n_z": 9
        },
        "60.0": {
          "slope": -0.08682935719672714,
          "r": -0.14328359163369347,
          "mean_ld": -0.00214996337890625,
          "n_z": 10
        },
        "69.0": {
          "slope": 0.06819633292446708,
          "r": 0.22340428048984515,
          "mean_ld": 0.2351806640625,
          "n_z": 10
        },
        "78.0": {
          "slope": -0.024582817769581305,
          "r": -0.0561971435212559,
          "mean_ld": 0.45306396484375,
          "n_z": 10
        },
        "87.0": {
          "slope": 0.13706235575896983,
          "r": 0.2232891822734697,
          "mean_ld": 0.1350368923611111,
          "n_z": 9
        },
        "96.0": {
          "slope": 0.33704343730873304,
          "r": 0.7070295406947775,
          "mean_ld": -0.5092620849609375,
          "n_z": 8
        }
      }
    },
    "proj_out_a0.50": {
      "corr_LD_z": -0.1808935385902195,
      "corr_LD_x": -0.026324415230476822,
      "partial_LD_z_given_x": -0.18615196322353728,
      "ld_mean": -0.3607265055179596,
      "n_x_pos_slope": 2,
      "n_x_neg_slope": 8,
      "per_x": {
        "16.0": {
          "slope": 1.546479344767884,
          "r": 0.8272396838084548,
          "mean_ld": 0.41796875,
          "n_z": 3
        },
        "25.0": {
          "slope": -0.0304587677753726,
          "r": -0.05123424837943579,
          "mean_ld": -0.8297607421875,
          "n_z": 5
        },
        "34.0": {
          "slope": -0.3432828461301584,
          "r": -0.46434151575182486,
          "mean_ld": -0.426513671875,
          "n_z": 6
        },
        "43.0": {
          "slope": -0.07814241285092138,
          "r": -0.2555677122520869,
          "mean_ld": -0.6787458147321429,
          "n_z": 7
        },
        "52.0": {
          "slope": -0.34440422771351614,
          "r": -0.5329573974115146,
          "mean_ld": -0.12407769097222222,
          "n_z": 9
        },
        "60.0": {
          "slope": -0.19358874773853532,
          "r": -0.3796883507873834,
          "mean_ld": -0.480419921875,
          "n_z": 10
        },
        "69.0": {
          "slope": -0.057347457526867186,
          "r": -0.1788578074525772,
          "mean_ld": -0.04122314453125,
          "n_z": 10
        },
        "78.0": {
          "slope": -0.17990091900423044,
          "r": -0.4221142864252797,
          "mean_ld": -0.077471923828125,
          "n_z": 10
        },
        "87.0": {
          "slope": -0.1730705073263733,
          "r": -0.4064151497492661,
          "mean_ld": -0.5531684027777778,
          "n_z": 9
        },
        "96.0": {
          "slope": 0.049744486685407985,
          "r": 0.12656437032306062,
          "mean_ld": -0.685546875,
          "n_z": 8
        }
      }
    },
    "manifold_a0.75": {
      "corr_LD_z": 0.12417971520857451,
      "corr_LD_x": -0.022734981752375885,
      "partial_LD_z_given_x": 0.14577298789471507,
      "ld_mean": 0.002744996687397361,
      "n_x_pos_slope": 9,
      "n_x_neg_slope": 1,
      "per_x": {
        "16.0": {
          "slope": 0.33121330889514233,
          "r": 0.3338044510012131,
          "mean_ld": 1.5084635416666667,
          "n_z": 3
        },
        "25.0": {
          "slope": 0.522463537202787,
          "r": 0.5951006950459136,
          "mean_ld": -0.76787109375,
          "n_z": 5
        },
        "34.0": {
          "slope": -0.28369748398949773,
          "r": -0.29197688264618005,
          "mean_ld": 0.09849039713541667,
          "n_z": 6
        },
        "43.0": {
          "slope": 0.2044922185568265,
          "r": 0.3020391521141012,
          "mean_ld": -0.5924595424107143,
          "n_z": 7
        },
        "52.0": {
          "slope": 0.2838084934717195,
          "r": 0.4084578507850496,
          "mean_ld": 0.2697618272569444,
          "n_z": 9
        },
        "60.0": {
          "slope": 0.00338876424630547,
          "r": 0.005025494334308945,
          "mean_ld": -0.132501220703125,
          "n_z": 10
        },
        "69.0": {
          "slope": 0.12286074970011011,
          "r": 0.34129086393089053,
          "mean_ld": 0.00380859375,
          "n_z": 10
        },
        "78.0": {
          "slope": 0.08384189082103458,
          "r": 0.14646674586551914,
          "mean_ld": 0.45689697265625,
          "n_z": 10
        },
        "87.0": {
          "slope": 0.25430599809250504,
          "r": 0.37184188265782403,
          "mean_ld": 0.09996202256944445,
          "n_z": 9
        },
        "96.0": {
          "slope": 0.2891971957401656,
          "r": 0.6691169756653166,
          "mean_ld": -0.4409942626953125,
          "n_z": 8
        }
      }
    },