{
  "model_id": "google/gemma-4-31B-it",
  "model_short": "gemma4-31b-it",
  "layer": 56,
  "alphas": [
    0.5,
    0.75,
    1.0
  ],
  "n_train_seeds": 3,
  "n_train": 231,
  "n_test": 154,
  "primal_z_norm": 6.970921381972115,
  "manifold_norm_mean": 10.981428523966162,
  "settings": {
    "baseline": {
      "corr_LD_z": -0.05642382869443281,
      "corr_LD_x": 0.007538452953594949,
      "partial_LD_z_given_x": -0.06498917609775207,
      "ld_mean": -2.499594211578369,
      "n_x_pos_slope": 4,
      "n_x_neg_slope": 6,
      "per_x": {
        "16.0": {
          "slope": -0.4492546802294125,
          "r": -0.8902122215603804,
          "mean_ld": -2.2395833333333335,
          "n_z": 3
        },
        "25.0": {
          "slope": -0.18103062059293332,
          "r": -0.26988286714992943,
          "mean_ld": -2.425,
          "n_z": 5
        },
        "34.0": {
          "slope": -0.031893661554419514,
          "r": -0.17610194665967416,
          "mean_ld": -2.5208333333333335,
          "n_z": 6
        },
        "43.0": {
          "slope": 0.1288288926212296,
          "r": 0.6215431930100125,
          "mean_ld": -2.7098214285714284,
          "n_z": 7
        },
        "52.0": {
          "slope": 0.049381064604951556,
          "r": 0.198175739725748,
          "mean_ld": -2.7569444444444446,
          "n_z": 9
        },
        "60.0": {
          "slope": 0.08222390466451669,
          "r": 0.35592124671964026,
          "mean_ld": -2.2140625,
          "n_z": 10
        },
        "69.0": {
          "slope": 0.040478988043734704,
          "r": 0.19525346598609475,
          "mean_ld": -2.5890625,
          "n_z": 10
        },
        "78.0": {
          "slope": -0.11975315621804465,
          "r": -0.6420011977848104,
          "mean_ld": -2.45625,
          "n_z": 10
        },
        "87.0": {
          "slope": -0.09954838607861266,
          "r": -0.3074385394360925,
          "mean_ld": -2.435763888888889,
          "n_z": 9
        },
        "96.0": {
          "slope": -0.22646125523238775,
          "r": -0.7339023352381719,
          "mean_ld": -2.525390625,
          "n_z": 8
        }
      }
    },
    "manifold_a0.50": {
      "corr_LD_z": -0.06114210492528125,
      "corr_LD_x": 0.033225339311029986,
      "partial_LD_z_given_x": -0.0815132889980449,
      "ld_mean": -2.441152572631836,
      "n_x_pos_slope": 5,
      "n_x_neg_slope": 5,
      "per_x": {
        "16.0": {
          "slope": -0.5327818958987133,
          "r": -0.7931311095863435,
          "mean_ld": -2.1354166666666665,
          "n_z": 3
        },
        "25.0": {
          "slope": 0.044293862895580204,
          "r": 0.0725042570420384,
          "mean_ld": -2.6125,
          "n_z": 5
        },
        "34.0": {
          "slope": -0.04300724235015154,
          "r": -0.14695359079758596,
          "mean_ld": -2.390625,
          "n_z": 6
        },
        "43.0": {
          "slope": 0.09055653004975742,
          "r": 0.4395516692095928,
          "mean_ld": -2.6517857142857144,
          "n_z": 7
        },
        "52.0": {
          "slope": 0.023093594815251597,
          "r": 0.0675735035304169,
          "mean_ld": -2.4496527777777777,
          "n_z": 9
        },
        "60.0": {
          "slope": 0.05600812160780303,
          "r": 0.18972316751381313,
          "mean_ld": -2.1515625,
          "n_z": 10
        },
        "69.0": {
          "slope": 0.06672549752222139,
          "r": 0.3203418450946233,
          "mean_ld": -2.9296875,
          "n_z": 10
        },
        "78.0": {
          "slope": -0.15188070282388116,
          "r": -0.543944106972673,
          "mean_ld": -2.3,
          "n_z": 10
        },
        "87.0": {
          "slope": -0.13426486767588075,
          "r": -0.38081292794014393,
          "mean_ld": -2.2430555555555554,
          "n_z": 9
        },
        "96.0": {
          "slope": -0.2191001934631842,
          "r": -0.706419253710998,
          "mean_ld": -2.443359375,
          "n_z": 8
        }
      }
    },
    "proj_out_a0.50": {
      "corr_LD_z": 0.009551320271580175,
      "corr_LD_x": -0.05351581773744726,
      "partial_LD_z_given_x": 0.0340805299000827,
      "ld_mean": -2.5217127799987793,
      "n_x_pos_slope": 4,
      "n_x_neg_slope": 6,
      "per_x": {
        "16.0": {
          "slope": -0.41966507953684773,
          "r": -0.6383379173968011,
          "mean_ld": -2.2604166666666665,
          "n_z": 3
        },
        "25.0": {
          "slope": -0.11360574363369585,
          "r": -0.1541672188948952,
          "mean_ld": -2.44375,
          "n_z": 5
        },
        "34.0": {
          "slope": -0.029549390605320008,
          "r": -0.11842310300718031,
          "mean_ld": -2.4661458333333335,
          "n_z": 6
        },
        "43.0": {
          "slope": 0.170030949162874,
          "r": 0.7344404159084735,
          "mean_ld": -2.6607142857142856,
          "n_z": 7
        },
        "52.0": {
          "slope": 0.07333418753832678,
          "r": 0.2869503301520251,
          "mean_ld": -2.8055555555555554,
          "n_z": 9
        },
        "60.0": {
          "slope": 0.12726883898371744,
          "r": 0.47165388189040003,
          "mean_ld": -2.1859375,
          "n_z": 10
        },
        "69.0": {
          "slope": 0.04250078659639733,
          "r": 0.19941712000919434,
          "mean_ld": -2.6171875,
          "n_z": 10
        },
        "78.0": {
          "slope": -0.08014679855266266,
          "r": -0.43298057136257295,
          "mean_ld": -2.4625,
          "n_z": 10
        },
        "87.0": {
          "slope": -0.021656351076749097,
          "r": -0.06828742833929771,
          "mean_ld": -2.5121527777777777,
          "n_z": 9
        },
        "96.0": {
          "slope": -0.14007135161644105,
          "r": -0.5624841757699075,
          "mean_ld": -2.654296875,
          "n_z": 8
        }
      }
    },
    "manifold_a0.75": {
      "corr_LD_z": -0.07889653474322467,
      "corr_LD_x": 0.030889278869022846,
      "partial_LD_z_given_x": -0.09988933193675802,
      "ld_mean": -2.3983359336853027,
      "n_x_pos_slope": 5,
      "n_x_neg_slope": 5,
      "per_x": {
        "16.0": {
          "slope": -0.6169854452981284,
          "r": -0.8027466070778877,
          "mean_ld": -2.0729166666666665,
          "n_z": 3
        },
        "25.0": {
          "slope": 0.10630121287675066,
          "r": 0.1730070827524176,
          "mean_ld": -2.65,
          "n_z": 5
        },
        "34.0": {
          "slope": -0.01724920352670976,
          "r": -0.052063448419341435,
          "mean_ld": -2.3489583333333335,
          "n_z": 6
        },
        "43.0": {
          "slope": 0.06440150596622417,
          "r": 0.2665844632183647,
          "mean_ld": -2.6026785714285716,
          "n_z": 7
        },
        "52.0": {
          "slope": 0.01087984116296145,
          "r": 0.02495908144238697,
          "mean_ld": -2.2725694444444446,
          "n_z": 9
        },
        "60.0": {
          "slope": 0.03296330527806192,
          "r": 0.1056010114633173,
          "mean_ld": -2.1125,
          "n_z": 10
        },
        "69.0": {
          "slope": 0.07322106308503099,
          "r": 0.30983049376757016,
          "mean_ld": -3.0546875,
          "n_z": 10
        },
        "78.0": {
          "slope": -0.1786925784629907,
          "r": -0.5221651713606525,
          "mean_ld": -2.2109375,
          "n_z": 10
        },
        "87.0": {
          "slope": -0.1516292144119661,
          "r": -0.41023230122636045,
          "mean_ld": -2.125,
          "n_z": 9
        },
        "96.0": {
          "slope": -0.24888835899970665,
          "r": -0.6960274612135781,
          "mean_ld": -2.44140625,
          "n_z": 8
        }
      }
    },
    "proj_out_a0.75": {
      "corr_LD_z": 0.046291391809206155,
      "corr_LD_x": -0.1046859619487298,
      "partial_LD_z_given_x": 0.09727751784523173,