{
  "model_id": "google/gemma-4-E4B-it",
  "model_short": "gemma4-e4b-it",
  "layer": 33,
  "alphas": [
    0.5,
    0.75,
    1.0
  ],
  "n_train_seeds": 3,
  "n_train": 231,
  "n_test": 154,
  "primal_z_norm": 9.7593337158169,
  "manifold_norm_mean": 10.460458045966385,
  "settings": {
    "baseline": {
      "corr_LD_z": -0.2841179759349851,
      "corr_LD_x": -0.5148893090393168,
      "partial_LD_z_given_x": -0.09741101717237877,
      "ld_mean": -0.33154216408729553,
      "n_x_pos_slope": 5,
      "n_x_neg_slope": 5,
      "per_x": {
        "16.0": {
          "slope": -0.5630478303213938,
          "r": -0.48406688414887356,
          "mean_ld": 1.490234375,
          "n_z": 3
        },
        "25.0": {
          "slope": 0.12633509321798686,
          "r": 0.20123624923053135,
          "mean_ld": 0.998583984375,
          "n_z": 5
        },
        "34.0": {
          "slope": 0.68539898333889,
          "r": 0.8907965442167319,
          "mean_ld": 0.2775472005208333,
          "n_z": 6
        },
        "43.0": {
          "slope": 0.6535168916979616,
          "r": 0.8139159024026958,
          "mean_ld": -0.22697230747767858,
          "n_z": 7
        },
        "52.0": {
          "slope": 0.15913365372204796,
          "r": 0.3176288620011403,
          "mean_ld": -0.4246758355034722,
          "n_z": 9
        },
        "60.0": {
          "slope": 0.024349657039361785,
          "r": 0.053177036129122814,
          "mean_ld": 0.0566009521484375,
          "n_z": 10
        },
        "69.0": {
          "slope": -0.09116313294892536,
          "r": -0.23513599544917324,
          "mean_ld": -0.55416259765625,
          "n_z": 10
        },
        "78.0": {
          "slope": -0.3771835347552703,
          "r": -0.6777971754847845,
          "mean_ld": -0.643017578125,
          "n_z": 10
        },
        "87.0": {
          "slope": -0.4653195199493185,
          "r": -0.6506948537627619,
          "mean_ld": -0.9678988986545138,
          "n_z": 9
        },
        "96.0": {
          "slope": -0.21368988848353462,
          "r": -0.4135899489877118,
          "mean_ld": -1.3912353515625,
          "n_z": 8
        }
      }
    },
    "manifold_a0.50": {
      "corr_LD_z": -0.13865257693658378,
      "corr_LD_x": -0.49181855321767093,
      "partial_LD_z_given_x": 0.0749942351121788,
      "ld_mean": -0.1148768812417984,
      "n_x_pos_slope": 6,
      "n_x_neg_slope": 4,
      "per_x": {
        "16.0": {
          "slope": -1.317030484897469,
          "r": -0.7197434963764991,
          "mean_ld": 1.9890950520833333,
          "n_z": 3
        },
        "25.0": {
          "slope": -0.174643911734485,
          "r": -0.23758571704922543,
          "mean_ld": 1.341845703125,
          "n_z": 5
        },
        "34.0": {
          "slope": 0.38598167937782457,
          "r": 0.8603634421794918,
          "mean_ld": 0.457275390625,
          "n_z": 6
        },
        "43.0": {
          "slope": 0.600759673755025,
          "r": 0.8752006747724416,
          "mean_ld": -0.48333740234375,
          "n_z": 7
        },
        "52.0": {
          "slope": 0.17476884594071634,
          "r": 0.4017624353801595,
          "mean_ld": -0.2500067816840278,
          "n_z": 9
        },
        "60.0": {
          "slope": 0.19607336301915365,
          "r": 0.3372632207800041,
          "mean_ld": 0.4572509765625,
          "n_z": 10
        },
        "69.0": {
          "slope": 0.024588170888374575,
          "r": 0.06430861033411336,
          "mean_ld": -0.456597900390625,
          "n_z": 10
        },
        "78.0": {
          "slope": -0.19046943980816883,
          "r": -0.3864102197933635,
          "mean_ld": -0.48876953125,
          "n_z": 10
        },
        "87.0": {
          "slope": -0.06795638312822384,
          "r": -0.15033543786068754,
          "mean_ld": -0.4699571397569444,
          "n_z": 9
        },
        "96.0": {
          "slope": 0.05376591920112434,
          "r": 0.10430435738787178,
          "mean_ld": -1.190185546875,
          "n_z": 8
        }
      }
    },
    "proj_out_a0.50": {
      "corr_LD_z": -0.34845690652459405,
      "corr_LD_x": -0.27748745145181364,
      "partial_LD_z_given_x": -0.26904862644175837,
      "ld_mean": -1.7323282957077026,
      "n_x_pos_slope": 5,
      "n_x_neg_slope": 5,
      "per_x": {
        "16.0": {
          "slope": -0.5994981894334697,
          "r": -0.571708194781106,
          "mean_ld": 0.15675862630208334,
          "n_z": 3
        },
        "25.0": {
          "slope": 0.35280249482189935,
          "r": 0.5050300792749703,
          "mean_ld": -0.876416015625,
          "n_z": 5
        },
        "34.0": {
          "slope": 0.5009269276274358,
          "r": 0.8154978441373213,
          "mean_ld": -1.4549967447916667,
          "n_z": 6
        },
        "43.0": {
          "slope": 0.4807911562541929,
          "r": 0.8778882601895033,
          "mean_ld": -1.9020560128348214,
          "n_z": 7
        },
        "52.0": {
          "slope": 0.10534841019236907,
          "r": 0.25015981272966453,
          "mean_ld": -2.056179470486111,
          "n_z": 9
        },
        "60.0": {
          "slope": 0.0918362816359238,
          "r": 0.21142413399723628,
          "mean_ld": -1.73251953125,
          "n_z": 10
        },
        "69.0": {
          "slope": -0.22615577819579363,
          "r": -0.5808372149187637,
          "mean_ld": -2.0205810546875,
          "n_z": 10
        },
        "78.0": {
          "slope": -0.5293692933353163,
          "r": -0.7644740992454322,
          "mean_ld": -1.8126708984375,
          "n_z": 10
        },
        "87.0": {
          "slope": -0.6320057999830155,
          "r": -0.8065193804407824,
          "mean_ld": -1.9287651909722223,
          "n_z": 9
        },
        "96.0": {
          "slope": -0.7248714129606338,
          "r": -0.7762613819256952,
          "mean_ld": -1.988861083984375,
          "n_z": 8
        }
      }
    },
    "manifold_a0.75": {
      "corr_LD_z": -0.06601073683264963,
      "corr_LD_x": -0.4529710353536306,
      "partial_LD_z_given_x": 0.14307926252628608,
      "ld_mean": -0.008166622370481491,
      "n_x_pos_slope": 7,
      "n_x_neg_slope": 3,
      "per_x": {
        "16.0": {
          "slope": -1.5091515351084852,
          "r": -0.718456955280084,
          "mean_ld": 2.1570638020833335,
          "n_z": 3
        },
        "25.0": {
          "slope": -0.27718855408436927,
          "r": -0.30678289049722796,
          "mean_ld": 1.543212890625,
          "n_z": 5
        },
        "34.0": {
          "slope": 0.24447164474049793,
          "r": 0.7568211823121613,
          "mean_ld": 0.5304361979166666,
          "n_z": 6
        },
        "43.0": {
          "slope": 0.5611786581991264,
          "r": 0.7929598222433099,
          "mean_ld": -0.6141531808035714,
          "n_z": 7
        },
        "52.0": {
          "slope": 0.20931723812526673,
          "r": 0.4653638409887929,
          "mean_ld": -0.1700371636284722,
          "n_z": 9
        },
        "60.0": {
          "slope": 0.2401297227278426,
          "r": 0.3695792558341159,
          "mean_ld": 0.611407470703125,
          "n_z": 10
        },
        "69.0": {
          "slope": 0.05200154623996166,
          "r": 0.12787156404581412,
          "mean_ld": -0.40574493408203127,
          "n_z": 10
        },
        "78.0": {
          "slope": -0.08971961525603714,
          "r": -0.1905630758473523,
          "mean_ld": -0.411328125,
          "n_z": 10
        },
        "87.0": {
          "slope": 0.1326978727665419,
          "r": 0.2792583637249644,
          "mean_ld": -0.22401258680555555,
          "n_z": 9
        },
        "96.0": {
          "slope": 0.1841145154232646,
          "r": 0.3244477141826105,
          "mean_ld": -1.0120658874511719,
          "n_z": 8
        }
      }
    },