{
  "model_short": "gemma2-9b",
  "pair": "height",
  "n_layers": 42,
  "n_prompts": 4000,
  "n_groups": 400,
  "naive_r2_per_layer": [
    0.6529588499514954,
    0.8181012707947657,
    0.8355475094815544,
    0.9266818261707166,
    0.9533976102881805,
    0.9528772077354867,
    0.9732028743093072,
    0.971910338875748,
    0.983247099117709,
    0.9872448996778105,
    0.9900194954257464,
    0.9931515424030292,
    0.9943820712480961,
    0.995031581105731,
    0.9964649598842373,
    0.996983715976645,
    0.9972927442444665,
    0.9976365228718229,
    0.997705676531543,
    0.9975968596502965,
    0.9976115337151337,
    0.9973536837431309,
    0.9970479840634379,
    0.99689140265318,
    0.996694125702354,
    0.9963888778340809,
    0.9965315153974124,
    0.9962037443637978,
    0.9961943721584408,
    0.9960948345773071,
    0.9957287634785394,
    0.9955217928144304,
    0.995154512465833,
    0.9951461397721163,
    0.994876338717341,
    0.994561801319168,
    0.9948366018177277,
    0.9946501608698627,
    0.9944495670426964,
    0.9936519475335754,
    0.9929222044616659,
    0.9921898413976802
  ],
  "orth_r2_per_layer_FOLD_AWARE": [
    0.6529588499514954,
    0.14414649922271494,
    0.05662055469103078,
    0.09289968339225907,
    0.029502893259048646,
    0.009271319266330957,
    0.020210604851164105,
    0.004102800477480684,
    0.010304178518551366,
    0.002158981808922378,
    0.0007695328082077957,
    0.0005935776573487983,
    -0.0015240610397988519,
    -0.0036812128025411894,
    -0.002956605993323702,
    -0.0037438128269260407,
    -0.006119146457463254,
    -0.006873055847127496,
    -0.005592072270926396,
    -0.0061111989911835085,
    -0.005346953945814192,
    -0.00607515804511527,
    -0.007248467493103927,
    -0.007153758862535442,
    -0.005995308444079139,
    -0.006653496279953375,
    -0.004338513394880339,
    -0.004314907966951553,
    -0.003548303718360568,
    -0.0043035035947036615,
    -0.0033002335150926765,
    -0.0030425072968123246,
    -0.0014101272190911729,
    -0.001468968818694627,
    0.0014904301073502824,
    0.0033083212876495738,
    0.0017256134247357613,
    -0.0010125701012078103,
    -0.0014520271598748025,
    -0.003007695429266599,
    0.000787964596697388,
    0.002720602642755643
  ],
  "fold_aware": true,
  "alpha_ridge": 1.0,
  "n_folds": 5
}