{
  "layer": "late",
  "n_steps": 8,
  "N": 3500,
  "d": 2560,
  "inlp_z": {
    "step": [
      0,
      1,
      2,
      3,
      4,
      5,
      6,
      7,
      8
    ],
    "r2_z": [
      0.9853457030280799,
      0.9716124400777394,
      0.9633483332341995,
      0.9575845425464842,
      0.9529945473659879,
      0.9500340935534227,
      0.9474833623306086,
      0.94662811192023,
      0.9443432075541427
    ],
    "r2_x": [
      0.9879632171371702,
      0.9863568593315376,
      0.9852506013077692,
      0.9845553920709357,
      0.9839956687695034,
      0.983652702389185,
      0.9833958469790248,
      0.9832784892251581,
      0.9830600550634868
    ],
    "r2_ld": [
      0.998290583900055,
      0.9982899642334673,
      0.9982895046412196,
      0.9982909923786571,
      0.9982913771400324,
      0.9982917930637193,
      0.9982928480976241,
      0.9982923417167534,
      0.9982927971414661
    ],
    "cos_v_z_current": [
      1.0,
      1.0,
      0.9999999999999999,
      1.0000000000000002,
      1.0,
      1.0000000000000004,
      0.9999999999999997,
      0.9999999999999994,
      0.9999999999999998
    ]
  },
  "null_random": {
    "step": [
      0,
      1,
      2,
      3,
      4,
      5,
      6,
      7,
      8
    ],
    "r2_z": [
      0.9853457030280799,
      0.9853501058490055,
      0.9853504869768148,
      0.9853653073814554,
      0.9853599408658942,
      0.985362714095243,
      0.9853576974008668,
      0.9853834201556795,
      0.9853181005537353
    ],
    "r2_x": [
      0.9879632171371702,
      0.9879803116626326,
      0.987987952043928,
      0.9879837370979765,
      0.9879922372647549,
      0.9879971142124656,
      0.9880081987294945,
      0.9879909715185091,
      0.9879829858874851
    ],
    "r2_ld": [
      0.998290583900055,
      0.9982922832738537,
      0.9982923375131563,
      0.9982919270390411,
      0.9982912552405325,
      0.9982924680518724,
      0.9982938269476229,
      0.998295068375576,
      0.9982967281980484
    ],
    "cos_v_z_current": [
      1.0,
      0.0024939620632602015,
      0.005417829107727219,
      0.009976347649975277,
      0.01829733252893968,
      0.003309397318039295,
      0.006955206861045808,
      0.002734981180643598,
      0.042239968750459336
    ]
  },
  "inlp_x": {
    "step": [
      0,
      1,
      2,
      3,
      4,
      5,
      6,
      7,
      8
    ],
    "r2_z": [
      0.9853457030280799,
      0.9831459159286302,
      0.9818294469300586,
      0.9810511241276396,
      0.9804138420772894,
      0.9800632629183257,
      0.97970978414139,
      0.9796062849688333,
      0.9792760633847015
    ],
    "r2_x": [
      0.9879632171371702,
      0.9762150261578361,
      0.969216775069218,
      0.9644985610766905,
      0.9608524403456633,
      0.9587595621726661,
      0.9565128028177966,
      0.9560034408740554,
      0.953858374454341
    ],
    "r2_ld": [
      0.998290583900055,
      0.9982921541677159,
      0.998293389307016,
      0.9982957597321448,
      0.9982967754766143,
      0.9982977822177199,
      0.9982986609432712,
      0.9982985676216263,
      0.9982989230500859
    ],
    "cos_v_z_current": [
      1.0,
      0.39195504382552,
      0.4020572527327343,
      0.4392878049621435,
      0.4896324383338938,
      0.5487624905722075,
      0.606923009121398,
      0.6523435011888312,
      0.6998989288387117
    ]
  }
}