{
  "layer": "mid",
  "n_steps": 8,
  "N": 3500,
  "d": 2560,
  "inlp_z": {
    "step": [
      0,
      1,
      2,
      3,
      4,
      5,
      6,
      7,
      8
    ],
    "r2_z": [
      0.9840268707505203,
      0.9851412463262017,
      0.9811923338536264,
      0.9834125808652467,
      0.9814720433205146,
      0.9823961713478171,
      0.9822145693099567,
      0.9816279143490056,
      0.9826954311326854
    ],
    "r2_x": [
      0.9931849931399815,
      0.9927382868119418,
      0.9927008178377443,
      0.9926499704667195,
      0.9926333956773903,
      0.9925813147883151,
      0.9926499610470769,
      0.9925119079883338,
      0.9926688142911372
    ],
    "r2_ld": [
      0.9923776446252581,
      0.9923968858943593,
      0.99239428314539,
      0.9924029020814084,
      0.9923994060596728,
      0.9924050830412702,
      0.992399635688223,
      0.9924053308048952,
      0.9924004283435488
    ],
    "cos_v_z_current": [
      1.0,
      1.0,
      1.0,
      1.0,
      1.0000000000000002,
      0.9999999999999999,
      1.0,
      1.0,
      1.0000000000000004
    ]
  },
  "null_random": {
    "step": [
      0,
      1,
      2,
      3,
      4,
      5,
      6,
      7,
      8
    ],
    "r2_z": [
      0.9840268707505203,
      0.9841124312930113,
      0.9840585039746358,
      0.9840045383901599,
      0.9841600471111956,
      0.9841460310582386,
      0.9841645453845054,
      0.9841364167816409,
      0.9841387284020746
    ],
    "r2_x": [
      0.9931849931399815,
      0.9931530203422245,
      0.9929971018881224,
      0.9929065374913874,
      0.9928727613454701,
      0.9928163771391226,
      0.9927879093239911,
      0.9927914757545899,
      0.992723559339219
    ],
    "r2_ld": [
      0.9923776446252581,
      0.9925050422630137,
      0.9925569665003404,
      0.9925780592048513,
      0.9926417057961988,
      0.9926770247590276,
      0.9926968909873584,
      0.992724508238193,
      0.9927340696794971
    ],
    "cos_v_z_current": [
      1.0,
      0.0204301545748694,
      0.046213075690872935,
      0.005386367465621754,
      0.021528077830630207,
      0.006501633018558127,
      0.035933986401104616,
      0.002076003562601225,
      0.015045086058848047
    ]
  },
  "inlp_x": {
    "step": [
      0,
      1,
      2,
      3,
      4,
      5,
      6,
      7,
      8
    ],
    "r2_z": [
      0.9840268707505203,
      0.9837043128295555,
      0.9835028280100561,
      0.9835152658048747,
      0.9835105874284606,
      0.9834007521982681,
      0.9835275307016808,
      0.9833357308104519,
      0.9835087756693575
    ],
    "r2_x": [
      0.9931849931399815,
      0.992572621866497,
      0.9908697426569197,
      0.991625725903682,
      0.9908686794001035,
      0.9909744353689497,
      0.9909739885345793,
      0.9906020782389886,
      0.9909097977590602
    ],
    "r2_ld": [
      0.9923776446252581,
      0.9923921235683821,
      0.9923849618460062,
      0.9923851580628078,
      0.9923844991171455,
      0.9923837863982534,
      0.9923848919911086,
      0.9923837056142393,
      0.99238496398634
    ],
    "cos_v_z_current": [
      1.0,
      0.5054447689511774,
      0.5248192168354271,
      0.6886813613634523,
      0.6249008086181197,
      0.766456017790111,
      0.659159714947643,
      0.7921932564592484,
      0.682422519302214
    ]
  }
}