{
  "layer_idx": 32,
  "alphas": [
    -8.0,
    -4.0,
    -2.0,
    -1.0,
    0.0,
    1.0,
    2.0,
    4.0,
    8.0
  ],
  "meta_w1_diag": {
    "pairs": [
      "height",
      "age",
      "weight",
      "size",
      "speed",
      "wealth",
      "experience",
      "bmi_abs"
    ],
    "singular_values": [
      1.823541950659045,
      1.0909477668326288,
      0.9939243281266992,
      0.9224627417557181,
      0.7388541908535484,
      0.6793140129135157,
      0.6284268089929723,
      0.49336735453039393
    ],
    "variance_ratio": [
      0.41566315572667395,
      0.14877087874463735,
      0.12348569625526369,
      0.10636718874093448,
      0.06823818941773141,
      0.05768344101758297,
      0.049365031782636175,
      0.030426418314539898
    ]
  },
  "n_prompts_per_pair": 100,
  "per_pair": {
    "height": {
      "low_word": "short",
      "high_word": "tall",
      "curve": {
        "-8.0": {
          "logit_diff_mean": 1.4199999570846558,
          "logit_diff_std": 1.4554338455200195,
          "n": 100
        },
        "-4.0": {
          "logit_diff_mean": 1.0987499952316284,
          "logit_diff_std": 1.443118929862976,
          "n": 100
        },
        "-2.0": {
          "logit_diff_mean": 0.9449999928474426,
          "logit_diff_std": 1.4422552585601807,
          "n": 100
        },
        "-1.0": {
          "logit_diff_mean": 0.856249988079071,
          "logit_diff_std": 1.435746192932129,
          "n": 100
        },
        "0.0": {
          "logit_diff_mean": 0.7787500023841858,
          "logit_diff_std": 1.426518440246582,
          "n": 100
        },
        "1.0": {
          "logit_diff_mean": 0.706250011920929,
          "logit_diff_std": 1.427889108657837,
          "n": 100
        },
        "2.0": {
          "logit_diff_mean": 0.6175000071525574,
          "logit_diff_std": 1.416622281074524,
          "n": 100
        },
        "4.0": {
          "logit_diff_mean": 0.45875000953674316,
          "logit_diff_std": 1.403016209602356,
          "n": 100
        },
        "8.0": {
          "logit_diff_mean": 0.13625000417232513,
          "logit_diff_std": 1.389142632484436,
          "n": 100
        }
      }
    },
    "age": {
      "low_word": "young",
      "high_word": "old",
      "curve": {
        "-8.0": {
          "logit_diff_mean": 1.283750057220459,
          "logit_diff_std": 1.7033839225769043,
          "n": 100
        },
        "-4.0": {
          "logit_diff_mean": 1.027500033378601,
          "logit_diff_std": 1.6838924884796143,
          "n": 100
        },
        "-2.0": {
          "logit_diff_mean": 0.90625,
          "logit_diff_std": 1.6981033086776733,
          "n": 100
        },
        "-1.0": {
          "logit_diff_mean": 0.8324999809265137,
          "logit_diff_std": 1.6898798942565918,
          "n": 100
        },
        "0.0": {
          "logit_diff_mean": 0.7649999856948853,
          "logit_diff_std": 1.6843284368515015,
          "n": 100
        },
        "1.0": {
          "logit_diff_mean": 0.7099999785423279,
          "logit_diff_std": 1.6921584606170654,
          "n": 100
        },
        "2.0": {
          "logit_diff_mean": 0.6537500023841858,
          "logit_diff_std": 1.691786766052246,
          "n": 100
        },
        "4.0": {
          "logit_diff_mean": 0.518750011920929,
          "logit_diff_std": 1.680436611175537,
          "n": 100
        },
        "8.0": {
          "logit_diff_mean": 0.26374998688697815,
          "logit_diff_std": 1.6778795719146729,
          "n": 100
        }
      }
    },
    "weight": {
      "low_word": "light",
      "high_word": "heavy",
      "curve": {
        "-8.0": {
          "logit_diff_mean": 2.1056249141693115,
          "logit_diff_std": 2.0885231494903564,
          "n": 100
        },
        "-4.0": {
          "logit_diff_mean": 1.7768750190734863,
          "logit_diff_std": 2.108154773712158,
          "n": 100
        },
        "-2.0": {
          "logit_diff_mean": 1.5868749618530273,
          "logit_diff_std": 2.1215760707855225,
          "n": 100
        },
        "-1.0": {
          "logit_diff_mean": 1.497499942779541,
          "logit_diff_std": 2.1212451457977295,
          "n": 100
        },
        "0.0": {
          "logit_diff_mean": 1.40625,
          "logit_diff_std": 2.1217899322509766,
          "n": 100
        },
        "1.0": {
          "logit_diff_mean": 1.2987500429153442,
          "logit_diff_std": 2.126976728439331,
          "n": 100
        },
        "2.0": {
          "logit_diff_mean": 1.1924999952316284,
          "logit_diff_std": 2.1139729022979736,
          "n": 100
        },
        "4.0": {
          "logit_diff_mean": 1.0187499523162842,
          "logit_diff_std": 2.1303884983062744,
          "n": 100
        },
        "8.0": {
          "logit_diff_mean": 0.6162499785423279,
          "logit_diff_std": 2.127150058746338,
          "n": 100
        }
      }
    },
    "size": {
      "low_word": "small",
      "high_word": "big",
      "curve": {
        "-8.0": {
          "logit_diff_mean": -2.046250104904175,
          "logit_diff_std": 1.805171012878418,
          "n": 100
        },
        "-4.0": {
          "logit_diff_mean": -2.5450000762939453,
          "logit_diff_std": 1.8557782173156738,
          "n": 100
        },
        "-2.0": {
          "logit_diff_mean": -2.783750057220459,
          "logit_diff_std": 1.8929023742675781,
          "n": 100
        },
        "-1.0": {
          "logit_diff_mean": -2.9387500286102295,
          "logit_diff_std": 1.9097198247909546,
          "n": 100
        },
        "0.0": {
          "logit_diff_mean": -3.057499885559082,
          "logit_diff_std": 1.9225162267684937,
          "n": 100
        },
        "1.0": {
          "logit_diff_mean": -3.1862499713897705,
          "logit_diff_std": 1.923009991645813,
          "n": 100
        },
        "2.0": {
          "logit_diff_mean": -3.3187499046325684,
          "logit_diff_std": 1.9334533214569092,
          "n": 100
        },
        "4.0": {
          "logit_diff_mean": -3.567500114440918,
          "logit_diff_std": 1.9589873552322388,
          "n": 100
        },
        "8.0": {
          "logit_diff_mean": -4.103750228881836,
          "logit_diff_std": 1.9934309720993042,
          "n": 100
        }
      }
    },
    "speed": {
      "low_word": "slow",
      "high_word": "fast",
      "curve": {
        "-8.0": {
          "logit_diff_mean": -0.6462500095367432,
          "logit_diff_std": 1.6917128562927246,
          "n": 100
        },
        "-4.0": {
          "logit_diff_mean": -0.8274999856948853,
          "logit_diff_std": 1.7043859958648682,
          "n": 100
        },
        "-2.0": {
          "logit_diff_mean": -0.9237499833106995,
          "logit_diff_std": 1.6971385478973389,
          "n": 100
        },
        "-1.0": {
          "logit_diff_mean": -0.9725000262260437,
          "logit_diff_std": 1.6950829029083252,
          "n": 100
        },
        "0.0": {
          "logit_diff_mean": -1.0149999856948853,
          "logit_diff_std": 1.6829363107681274,
          "n": 100
        },
        "1.0": {
          "logit_diff_mean": -1.0512499809265137,
          "logit_diff_std": 1.7052395343780518,
          "n": 100
        },
        "2.0": {
          "logit_diff_mean": -1.1062500476837158,
          "logit_diff_std": 1.6866549253463745,
          "n": 100
        },
        "4.0": {
          "logit_diff_mean": -1.1974999904632568,
          "logit_diff_std": 1.6893210411071777,
          "n": 100
        },
        "8.0": {
          "logit_diff_mean": -1.3837499618530273,
          "logit_diff_std": 1.68423330783844,
          "n": 100
        }
      }
    },
    "wealth": {
      "low_word": "poor",
      "high_word": "rich",
      "curve": {
        "-8.0": {
          "logit_diff_mean": 2.601249933242798,
          "logit_diff_std": 1.5161315202713013,