{
  "pairs": [
    "height",
    "age",
    "weight",
    "size",
    "speed",
    "wealth",
    "experience",
    "bmi_abs"
  ],
  "cos_matrix": [
    [
      1.0,
      0.10537464962841749,
      0.6658511957504629,
      0.08682950171327952,
      0.07718779017324735,
      0.5041343849790663,
      0.11299312271703786,
      0.38196895973716066
    ],
    [
      0.10537464962841749,
      1.0,
      0.1548495373112594,
      0.1320517946825052,
      -0.04978318710067802,
      0.20518669436478798,
      0.1415075115009722,
      0.015007647473740086
    ],
    [
      0.6658511957504629,
      0.1548495373112594,
      1.0000000000000002,
      0.11023963389573416,
      -0.036865049829669316,
      0.42651229211267205,
      0.0906501380837203,
      0.7138460966673558
    ],
    [
      0.08682950171327952,
      0.1320517946825052,
      0.11023963389573416,
      1.0,
      -0.22355365201572786,
      0.11061768177035901,
      0.22492447287803058,
      0.021124096143236522
    ],
    [
      0.07718779017324735,
      -0.04978318710067802,
      -0.036865049829669316,
      -0.22355365201572786,
      1.0,
      0.044897544124906937,
      -0.1635771763486954,
      -0.025793969497070128
    ],
    [
      0.5041343849790663,
      0.20518669436478798,
      0.42651229211267205,
      0.11061768177035901,
      0.044897544124906937,
      1.0,
      0.23160841988186556,
      0.25263769508509504
    ],
    [
      0.11299312271703786,
      0.1415075115009722,
      0.0906501380837203,
      0.22492447287803058,
      -0.1635771763486954,
      0.23160841988186556,
      1.0000000000000002,
      0.031718528676496376
    ],
    [
      0.38196895973716066,
      0.015007647473740086,
      0.7138460966673558,
      0.021124096143236522,
      -0.025793969497070128,
      0.25263769508509504,
      0.031718528676496376,
      1.0
    ]
  ],
  "mean_offdiag_abs": 0.1907604437194018
}