{
  "pairs": [
    "height",
    "age",
    "weight",
    "size",
    "speed",
    "wealth",
    "experience",
    "bmi_abs"
  ],
  "singular_values": [
    1.614205867426122,
    1.1995760483069984,
    1.0211072149581986,
    0.923228056993074,
    0.8713306461530086,
    0.8049803257747602,
    0.6833597832718458,
    0.4314576677185723
  ],
  "variance_ratio": [
    0.32570757280411483,
    0.17987283695897927,
    0.13033249305496108,
    0.10654375565240083,
    0.09490213686567743,
    0.08099916561055488,
    0.058372574174168,
    0.023269464879143744
  ],
  "top_shared_variance_pct": 32.570757280411485,
  "r2_meta_w1_vs_z_per_pair": {
    "height": 0.9581614350406568,
    "age": 0.8746788197911597,
    "weight": 0.9669672103850453,
    "size": 0.6665205332070757,
    "speed": 0.9329546811417742,
    "wealth": 0.824233160289866,
    "experience": 0.7733692365099168,
    "bmi_abs": 0.8245083808025819
  }
}