{
  "height": {
    "r2_pc1_z": 0.9497807611739134,
    "r2_pc1_x": 0.007574378882760502,
    "r2_pc2_z2": 0.9516207213886294,
    "explained_variance_ratio": [
      0.5433589954943243,
      0.29901119876299187,
      0.08971721825052877
    ]
  },
  "age": {
    "r2_pc1_z": 0.06282958501440743,
    "r2_pc1_x": 0.8728024629733634,
    "r2_pc2_z2": 7.887797459533195e-06,
    "explained_variance_ratio": [
      0.44317816480389405,
      0.2224661181593777,
      0.17498922204148118
    ]
  },
  "weight": {
    "r2_pc1_z": 0.969958443365307,
    "r2_pc1_x": 0.0035762632930795204,
    "r2_pc2_z2": 0.9585432707950137,
    "explained_variance_ratio": [
      0.5915680188069453,
      0.2492171894532076,
      0.06616876222554484
    ]
  },
  "size": {
    "r2_pc1_z": 0.08239445973618377,
    "r2_pc1_x": 0.6683536319070561,
    "r2_pc2_z2": 0.0001515985398623723,
    "explained_variance_ratio": [
      0.8138157974470716,
      0.10264327349172564,
      0.038841640218172685
    ]
  },
  "speed": {
    "r2_pc1_z": 0.012881706785088227,
    "r2_pc1_x": 0.8818821262050114,
    "r2_pc2_z2": 0.006600988650788855,
    "explained_variance_ratio": [
      0.38468820864304304,
      0.35777140561210113,
      0.1395575879597665
    ]
  },
  "wealth": {
    "r2_pc1_z": 0.5953377317537986,
    "r2_pc1_x": 0.018486119365649173,
    "r2_pc2_z2": 0.056795119678792944,
    "explained_variance_ratio": [
      0.34502870525708973,
      0.2938901068854048,
      0.1966941135101285
    ]
  },
  "experience": {
    "r2_pc1_z": 0.11865490665876904,
    "r2_pc1_x": 0.6220084649620162,
    "r2_pc2_z2": 0.0391665651103591,
    "explained_variance_ratio": [
      0.6059347086647043,
      0.2966141888870258,
      0.05219521039631213
    ]
  },
  "bmi_abs": {
    "r2_pc1_z": 0.690676333919691,
    "r2_pc1_x": 0.26676107053697073,
    "r2_pc2_z2": 0.05547034037015196,
    "explained_variance_ratio": [
      0.47067791911147977,
      0.18546175684785718,
      0.13138897169871616
    ]
  }
}