{
  "model_short": "gemma2-9b",
  "pair": "wealth",
  "n_layers": 42,
  "naive_r2_per_layer": [
    0.8073913664899587,
    0.8320234504097891,
    0.8425509260074429,
    0.9106295209861588,
    0.935655815667408,
    0.9404807993122841,
    0.9618372135790967,
    0.9610349923371437,
    0.9671636739048269,
    0.9719727518799773,
    0.9770722409170249,
    0.9792415713174802,
    0.979991499518332,
    0.9829969361666733,
    0.9866317370218732,
    0.9907164978053196,
    0.9925162657536436,
    0.9938192810557861,
    0.9936311119946565,
    0.9935975130807955,
    0.9935118076814368,
    0.9926375835674223,
    0.9927821142747337,
    0.9926946245698406,
    0.9919749099340659,
    0.9911850963386163,
    0.9903797602461374,
    0.9905679611374921,
    0.9901310720358395,
    0.9889837307678396,
    0.9888431089062858,
    0.9887586738692314,
    0.9882802912222773,
    0.9874303275449703,
    0.9869609620787441,
    0.9864091606387957,
    0.9850369638484467,
    0.9846147253821845,
    0.9826536697498637,
    0.9803692742104431,
    0.9769918532178672,
    0.9769943892013582
  ],
  "orth_r2_per_layer": [
    0.8073913664899587,
    -0.031708103882735816,
    -0.052943270287352684,
    -0.04202163254050828,
    -0.10979197832225074,
    -0.14092167576025694,
    -0.19786921278442549,
    -0.23144297977953743,
    -0.28593320141980794,
    -0.3436079895690731,
    -0.4425842070704691,
    -0.5182016278893029,
    -0.598767071384944,
    -0.7477187875996005,
    -0.9263858419873969,
    -1.321674851226431,
    -2.12606832046566,
    -2.9764976323383086,
    -4.1447060489358565,
    -4.833128763487571,
    -5.953665069558327,
    -6.533664233643474,
    -6.622100883317623,
    -6.906037186375898,
    -6.709246066047185,
    -6.91765907554521,
    -7.841697204706666,
    -6.784639138863562,
    -6.709727386598546,
    -7.106675173725215,
    -6.979151996373417,
    -7.18288137019975,
    -7.3348279721394505,
    -8.041908713601686,
    -8.315845939679589,
    -9.160452169873523,
    -10.867440150818728,
    -11.931096403083325,
    -13.345552668706572,
    -16.737476325194994,
    -17.96854948626265,
    -19.983968602787726
  ],
  "alpha_ridge": 1.0,
  "n_folds": 5,
  "n_groups": 398
}