{
  "model_short": "gemma2-9b",
  "pair": "wealth",
  "late_layer": 33,
  "pca_r2": {
    "PC1_vs_z": 0.8706224960211227,
    "PC1_vs_x": 0.02580639019851619,
    "PC2_vs_z": 0.02791209148813566,
    "PC2_vs_x": 0.5826961475417008,
    "PC2_vs_z2": 0.2696038807327308,
    "PC3_vs_z": 0.002259843278825074,
    "PC3_vs_x": 0.19424258425111554,
    "explained_variance_ratio": [
      0.5039111253290398,
      0.21106316251068397,
      0.12892958039490654
    ]
  },
  "cos_pc1_primal_per_layer": [
    -0.09196137368178889,
    -0.40939757300931345,
    -0.3774939125138347,
    -0.659863858334993,
    -0.1725623486180136,
    0.3616898136339362,
    -0.5348303738836436,
    0.6208789261871704,
    -0.6214554970138964,
    -0.7038973912068113,
    -0.60937522933245,
    0.4254143520484308,
    -0.10186915189432377,
    0.21622383437834905,
    0.4353034283909567,
    -0.3489321980221079,
    0.33652079326288975,
    0.8758342517873641,
    0.9936102214676216,
    0.9853505573989811,
    0.9886378886006999,
    -0.9920952521787654,
    0.9958773063555971,
    0.9969908735253913,
    0.9903812160066147,
    0.9900008928129909,
    0.9947439377680821,
    0.9958000800004813,
    0.9969167511750663,
    0.9932953698790306,
    0.9949795438920477,
    0.9924180292993472,
    0.9916723230595067,
    0.9907089692990466,
    0.9939579140389845,
    0.9942208634264946,
    0.9928943020306573,
    0.9933965279600804,
    0.9927865131671249,
    0.9906418033380806,
    0.9891037627234058,
    0.969853880646682
  ]
}