{
  "model_short": "gemma2-2b",
  "pair": "bmi_abs",
  "n_layers": 26,
  "naive_r2_per_layer": [
    0.4853923677791898,
    0.7237987150262404,
    0.8464736056667109,
    0.8876670310520659,
    0.9471075315688164,
    0.9606084063327357,
    0.9591567415490196,
    0.9816499308840859,
    0.9827216063038154,
    0.9863844037120778,
    0.9880230685161728,
    0.9904583833901421,
    0.9909863804761696,
    0.9925273328640983,
    0.991982760252756,
    0.9916419648307351,
    0.9914113097235197,
    0.9909555720707801,
    0.9907752331323344,
    0.9904455413621633,
    0.9901210092190734,
    0.9883849798672137,
    0.9868265671428058,
    0.9863951840374469,
    0.9848815143784345,
    0.9828253373836102
  ],
  "orth_r2_per_layer": [
    0.4853923677791898,
    0.19476056265833974,
    0.02289137666653729,
    -0.07718523582365266,
    -0.12027113204735085,
    -0.22332403933926126,
    -0.23960494732766957,
    -0.3988040667235222,
    -0.6538602070087163,
    -1.0883810962503353,
    -1.6241744739186545,
    -3.265448698352719,
    -4.026341768625772,
    -7.153737149271871,
    -7.884425129148919,
    -6.604638302052561,
    -7.069394840638253,
    -6.716651281488415,
    -6.425551170959324,
    -6.057149798642118,
    -6.190479877627918,
    -6.604549027919583,
    -6.858487369025518,
    -7.303765131854236,
    -7.7427109608533815,
    -8.478488289601849
  ],
  "alpha_ridge": 1.0,
  "n_folds": 5,
  "n_groups": 399
}