{
  "model_short": "gemma2-2b",
  "pair": "bmi_abs",
  "late_layer": 20,
  "pca_r2": {
    "PC1_vs_z": 0.9226374129323904,
    "PC1_vs_x": 0.015110938815309996,
    "PC2_vs_z": 0.045848109852625794,
    "PC2_vs_x": 0.17889974116984883,
    "PC2_vs_z2": 0.6282229803610572,
    "PC3_vs_z": 1.1583211123364873e-05,
    "PC3_vs_x": 0.6166947645825294,
    "explained_variance_ratio": [
      0.5184398709416443,
      0.24999187832042183,
      0.08256248090691465
    ]
  },
  "cos_pc1_primal_per_layer": [
    -0.07838820591543476,
    0.5781840938921077,
    -0.644438226352795,
    -0.712811003834623,
    -0.12877059181055325,
    0.20744642082714657,
    -0.2281390468028332,
    -0.15554443858030803,
    -0.2401609879286883,
    -0.2891879497750815,
    -0.09117573716655518,
    -0.24529233843446643,
    -0.8978816675339257,
    -0.8083015896118972,
    -0.7995236241000641,
    -0.7507657042716969,
    -0.9147811847365165,
    -0.9166680244457264,
    -0.9331501660542318,
    -0.980070539112461,
    -0.988832649488572,
    -0.9848835557299288,
    -0.9852944307228904,
    -0.9795960362704043,
    -0.972921453881694,
    -0.9823839943388191
  ]
}