{
  "model_short": "gemma2-2b",
  "pair": "experience",
  "n_layers": 26,
  "naive_r2_per_layer": [
    0.7245949846136521,
    0.8531739930336111,
    0.9042640769659325,
    0.9398502386529143,
    0.9650372506034668,
    0.9757774398034886,
    0.9735049203984316,
    0.9871795046046932,
    0.9927197064248444,
    0.9948983426617192,
    0.9956353864542757,
    0.9961821052067487,
    0.9962137565166218,
    0.9959803584709594,
    0.9959851386076563,
    0.9960461866731095,
    0.9965312801365582,
    0.9966666202803559,
    0.9962055086644428,
    0.9959497093219313,
    0.9955114102994346,
    0.994845898737775,
    0.9943489328332065,
    0.993992003406563,
    0.9929721899508905,
    0.9925516262121037
  ],
  "orth_r2_per_layer": [
    0.7245949846136521,
    0.04309688626694552,
    -0.036990421977669774,
    -0.0896375354717347,
    -0.14441928915894287,
    -0.23327023827789817,
    -0.25435241685127963,
    -0.3521826802040453,
    -0.4911609238243002,
    -0.69923357031036,
    -0.9751593776696215,
    -1.3625449973018218,
    -1.5704975505559076,
    -2.0338229739507794,
    -2.1003972179379,
    -1.9087515933358392,
    -2.3795571596462453,
    -2.2581698402675503,
    -2.356945417753557,
    -2.468189138376927,
    -2.6614530475770852,
    -3.067999534883664,
    -3.478595780789858,
    -3.986182109623881,
    -4.298062256748549,
    -4.997145921711197
  ],
  "alpha_ridge": 1.0,
  "n_folds": 5,
  "n_groups": 351
}