{
  "model_short": "gemma2-2b",
  "pair": "experience",
  "late_layer": 20,
  "pca_r2": {
    "PC1_vs_z": 0.900635091963947,
    "PC1_vs_x": 0.1342855748755999,
    "PC2_vs_z": 0.027146339160555075,
    "PC2_vs_x": 0.642435751859926,
    "PC2_vs_z2": 0.003811459450159411,
    "PC3_vs_z": 0.002091985145237353,
    "PC3_vs_x": 0.09045968431394838,
    "explained_variance_ratio": [
      0.5743457616102683,
      0.16191363984778903,
      0.061575233769659524
    ]
  },
  "cos_pc1_primal_per_layer": [
    -0.8497219731355237,
    -0.95158222460364,
    -0.9224443575449344,
    0.864059267459389,
    -0.3664496707722171,
    -0.3922256570297214,
    -0.4487609513153269,
    -0.7339142336503403,
    -0.6243549738218633,
    -0.47302234677449195,
    -0.3949912678377988,
    -0.1328275204620237,
    -0.9667950758674926,
    -0.9728320719220721,
    -0.9822729329686922,
    -0.9864768773955401,
    -0.9926028503379868,
    -0.9924525027418976,
    -0.9917736312798765,
    0.9933575118453571,
    -0.9919488866250604,
    -0.99178185949848,
    -0.9902464295251512,
    -0.990633485978528,
    -0.9886760363608644,
    -0.985255507822209
  ]
}