{
  "model_short": "gemma2-9b",
  "pair": "speed",
  "n_layers": 42,
  "naive_r2_per_layer": [
    0.5489124463859818,
    0.6471147369019377,
    0.684371547929369,
    0.8802036832888717,
    0.9169660393105445,
    0.9204586018582591,
    0.9587925972812432,
    0.9588194275232156,
    0.9739452095642844,
    0.9809721538177146,
    0.9856597266482426,
    0.9877897604936138,
    0.9890591815337101,
    0.9914897285222554,
    0.99383999657823,
    0.9956151714619484,
    0.9963527017785276,
    0.9968448356717553,
    0.9970078158949903,
    0.9969226499624833,
    0.9968834278247667,
    0.9965117809468087,
    0.9961724717178302,
    0.9959222708105679,
    0.9953480210640883,
    0.9947333179631465,
    0.9945175109300683,
    0.9946789268838578,
    0.9943667263595926,
    0.9940749605942103,
    0.9940078687514318,
    0.9932379643792788,
    0.9932019019061366,
    0.9928426480662103,
    0.9923491280283655,
    0.9917137005276527,
    0.991254163089175,
    0.990202445939072,
    0.9892881539893337,
    0.9873604904432638,
    0.9866465289090212,
    0.9860917822794868
  ],
  "orth_r2_per_layer": [
    0.5489124463859818,
    0.08461145380561452,
    0.008710726835483462,
    0.07334573733506777,
    -0.10887211687169951,
    -0.1523521529193823,
    -0.20437176645695887,
    -0.2685553396217475,
    -0.31801136716323475,
    -0.3729098513195075,
    -0.45657607656552,
    -0.5430470598718691,
    -0.6409901209240487,
    -0.7400386320383656,
    -0.9085478067026291,
    -1.2665632836152994,
    -2.0078954524936274,
    -2.813761593750536,
    -3.8314024159436446,
    -4.277010338466891,
    -5.127136174584875,
    -5.950328517148025,
    -6.512619370020348,
    -7.08011790352082,
    -6.629250578167679,
    -7.392162150920663,
    -8.265505021797145,
    -7.12171604595936,
    -7.061473744395341,
    -7.230675686870102,
    -7.182188474643825,
    -7.153725879577008,
    -7.453567236900232,
    -8.160757601627,
    -8.684775473864288,
    -9.242370811261493,
    -10.565251955267778,
    -11.43055747142399,
    -13.420032219663916,
    -16.095044284925255,
    -18.386471088175075,
    -19.95667937740263
  ],
  "alpha_ridge": 1.0,
  "n_folds": 5,
  "n_groups": 365
}