{
  "model_short": "gemma2-9b",
  "pair": "speed",
  "late_layer": 33,
  "pca_r2": {
    "PC1_vs_z": 0.4281328423582826,
    "PC1_vs_x": 0.5075912441866395,
    "PC2_vs_z": 0.46022387687150623,
    "PC2_vs_x": 0.2084390539383403,
    "PC2_vs_z2": 0.02575304711438871,
    "PC3_vs_z": 0.023957121499053585,
    "PC3_vs_x": 0.0002487780480850947,
    "explained_variance_ratio": [
      0.43050763861858327,
      0.26560045297031404,
      0.14182063776549714
    ]
  },
  "cos_pc1_primal_per_layer": [
    -0.8170679246377262,
    0.9161874891040704,
    -0.9246408184460992,
    -0.8453745245028399,
    0.8884163448698698,
    0.906560751468093,
    -0.8074491316484341,
    0.8402371182898706,
    0.8432930630882205,
    0.8451220757569685,
    -0.746866568000882,
    -0.7351500925641038,
    0.555211911708431,
    0.35938676769151867,
    0.06805072882366359,
    -0.02567094641016885,
    0.012034789947186576,
    0.24705794743595974,
    0.7670519657456791,
    -0.805368818604422,
    0.9622327875180551,
    0.9704245446461232,
    0.9594596381244547,
    0.989033489840499,
    0.9744032780982951,
    0.934512421540554,
    0.9121403388219711,
    0.8909757810994148,
    0.8271991386021637,
    0.7809389614971859,
    0.7639894075530879,
    0.7487389648492824,
    0.7894674123242845,
    0.7630787259823751,
    0.7378998053986224,
    0.8077294047453286,
    0.7631359433107837,
    0.7454744954205347,
    0.7091544250814661,
    -0.6546356116967164,
    -0.6306825015992784,
    0.7224864319116615
  ]
}