{
  "model_short": "gemma2-9b",
  "pair": "wealth",
  "n_layers": 42,
  "n_prompts": 3980,
  "n_groups": 398,
  "naive_r2_per_layer": [
    0.8073913664899587,
    0.8320234504097891,
    0.8425509260074429,
    0.9106295209861588,
    0.935655815667408,
    0.9404807993122841,
    0.9618372135790967,
    0.9610349923371437,
    0.9671636739048269,
    0.9719727518799773,
    0.9770722409170249,
    0.9792415713174802,
    0.979991499518332,
    0.9829969361666733,
    0.9866317370218732,
    0.9907164978053196,
    0.9925162657536436,
    0.9938192810557861,
    0.9936311119946565,
    0.9935975130807955,
    0.9935118076814368,
    0.9926375835674223,
    0.9927821142747337,
    0.9926946245698406,
    0.9919749099340659,
    0.9911850963386163,
    0.9903797602461374,
    0.9905679611374921,
    0.9901310720358395,
    0.9889837307678396,
    0.9888431089062858,
    0.9887586738692314,
    0.9882802912222773,
    0.9874303275449703,
    0.9869609620787441,
    0.9864091606387957,
    0.9850369638484467,
    0.9846147253821845,
    0.9826536697498637,
    0.9803692742104431,
    0.9769918532178672,
    0.9769943892013582
  ],
  "orth_r2_per_layer_FOLD_AWARE": [
    0.8073913664899587,
    0.04498309125267297,
    0.03262101468069345,
    0.06913940530415041,
    0.03134823609584503,
    0.01297179889281852,
    0.020677195949108995,
    0.0020658189739797272,
    0.007590906945249332,
    0.004730274604740625,
    0.003317808605014516,
    -0.0009397140944600313,
    -0.0026358364983491978,
    -0.001805906080299735,
    -0.0025924339478697878,
    -0.0005931766310458553,
    -0.0034474249922551436,
    -0.0033546377683302264,
    -0.005331260386399084,
    -0.0058287579690392555,
    -0.007377891214266352,
    -0.005803797434472235,
    -0.006527425528878306,
    -0.008383119081894375,
    -0.007474358768005951,
    -0.0073758734978790486,
    -0.004861440822241603,
    -0.00018077773712410483,
    -0.0011583870339504365,
    -0.0020772331070095795,
    0.002112413026704063,
    0.0015268067459454082,
    0.0003911755521228688,
    0.0024225144963899714,
    0.00536027762800384,
    0.007233138557897756,
    0.002254233294824548,
    0.005845245604207183,
    0.0035472788495464203,
    -6.565534500313497e-05,
    0.008093987402313929,
    0.012807320242231857
  ],
  "fold_aware": true,
  "alpha_ridge": 1.0,
  "n_folds": 5
}