{
  "model_short": "gemma2-9b",
  "pair": "weight",
  "n_layers": 42,
  "naive_r2_per_layer": [
    0.5245123753014123,
    0.602638568756524,
    0.6497905798795922,
    0.9027378277571987,
    0.9487576152697369,
    0.9482573995560882,
    0.9740923028778282,
    0.9729668341259444,
    0.9839710932090232,
    0.9876888496440326,
    0.9915558324745689,
    0.9934406275860898,
    0.994253094307865,
    0.9949957168386475,
    0.9958912811015501,
    0.996511331240708,
    0.9968458542064919,
    0.9969115617749452,
    0.9970953522691632,
    0.997080490450415,
    0.9972511891986356,
    0.9969520742029204,
    0.9965887404649293,
    0.9965338486209729,
    0.9962222454158776,
    0.9959765922986179,
    0.996067999025312,
    0.9960538339998639,
    0.9960759642621493,
    0.9956310576611738,
    0.9956720297865288,
    0.9954956742247395,
    0.9951248845404488,
    0.9947647961401056,
    0.9945149416742826,
    0.9940246724940756,
    0.9939364429016986,
    0.9938829030081018,
    0.9934902569865256,
    0.9923078125852975,
    0.9919467407266841,
    0.9912392241790253
  ],
  "orth_r2_per_layer": [
    0.5245123753014123,
    0.08901233002082298,
    0.06639516145849855,
    0.13805983657722842,
    -0.10397679735105458,
    -0.14646264634205042,
    -0.2117825615972504,
    -0.2726252856497249,
    -0.3653313027899494,
    -0.4206727817988809,
    -0.505386733031234,
    -0.615021841660131,
    -0.8103008854347711,
    -0.9878709541402793,
    -1.2636085169777052,
    -2.017678182482697,
    -2.9897779758219585,
    -3.6617116437590598,
    -5.181930387277371,
    -6.0374262524682605,
    -7.342209617502723,
    -9.685702678717158,
    -9.690771332200052,
    -11.381607364481825,
    -10.188991176120636,
    -11.267716108665118,
    -12.780652804394261,
    -10.30330051455904,
    -10.165935064245517,
    -9.62809858981573,
    -9.436067738390138,
    -9.39061041074221,
    -9.648303668662823,
    -10.103847994974215,
    -10.52484926358529,
    -11.038939397181075,
    -12.174020939398028,
    -12.791558508130873,
    -13.932111185640425,
    -16.419085029182586,
    -17.764246795032516,
    -19.111053009691936
  ],
  "alpha_ridge": 1.0,
  "n_folds": 5,
  "n_groups": 400
}