{
  "model_short": "gemma2-9b",
  "pair": "weight",
  "late_layer": 33,
  "pca_r2": {
    "PC1_vs_z": 0.9441399972671051,
    "PC1_vs_x": 0.00514409216316129,
    "PC2_vs_z": 0.006682453110054707,
    "PC2_vs_x": 0.02591712277946352,
    "PC2_vs_z2": 0.7115398528920533,
    "PC3_vs_z": 0.005988959006950875,
    "PC3_vs_x": 0.4435671797784425,
    "explained_variance_ratio": [
      0.5332547009222026,
      0.20692940291615386,
      0.0882783749014267
    ]
  },
  "cos_pc1_primal_per_layer": [
    0.25853510420340053,
    0.6961144771391956,
    -0.7585404317585506,
    0.7106644423482423,
    -0.9034319195665612,
    -0.865800885233065,
    0.26097292056586746,
    0.2483382537437316,
    0.04139033840592283,
    -0.45643279252827496,
    0.06995025680845161,
    -0.2654940858717629,
    -0.37389511678232623,
    0.3867264535701057,
    0.36114562549501944,
    -0.3147930050862386,
    -0.28691685772144554,
    -0.3046825818607929,
    -0.30076950902478594,
    -0.31362423519996796,
    0.377965120868621,
    0.6583149101272239,
    0.8279243107362745,
    0.9974885830263336,
    0.999027187755907,
    0.9992326954289678,
    0.9996659829660298,
    0.9992216231246752,
    0.9984451629544863,
    0.9988029798991336,
    0.9987251254358379,
    0.9980908268230597,
    0.9991309172043948,
    0.9983282735065506,
    0.9977061710542499,
    0.9982915273037877,
    0.9985891188739274,
    0.9985982997288839,
    0.9968668748583345,
    0.9968710803868952,
    -0.9967906418729059,
    0.9704577657991609
  ]
}