{
  "model_short": "gemma2-2b",
  "pair": "experience",
  "n_layers": 26,
  "n_prompts": 3510,
  "n_groups": 351,
  "naive_r2_per_layer": [
    0.7245949846136521,
    0.8531739930336111,
    0.9042640769659325,
    0.9398502386529143,
    0.9650372506034668,
    0.9757774398034886,
    0.9735049203984316,
    0.9871795046046932,
    0.9927197064248444,
    0.9948983426617192,
    0.9956353864542757,
    0.9961821052067487,
    0.9962137565166218,
    0.9959803584709594,
    0.9959851386076563,
    0.9960461866731095,
    0.9965312801365582,
    0.9966666202803559,
    0.9962055086644428,
    0.9959497093219313,
    0.9955114102994346,
    0.994845898737775,
    0.9943489328332065,
    0.993992003406563,
    0.9929721899508905,
    0.9925516262121037
  ],
  "orth_r2_per_layer_FOLD_AWARE": [
    0.7245949846136521,
    0.12464539906853345,
    0.0630666502637145,
    0.036190122597599794,
    0.024180432979468258,
    0.008954471889548898,
    -0.0018475021064556785,
    0.011495614359608775,
    0.0030376825490938675,
    -0.0019554779885626594,
    -0.003805074640423012,
    -0.004716468821162945,
    -0.005841193558391522,
    -0.005875562867478035,
    -0.00512749300313331,
    -0.00488300095940053,
    -0.003072530001182905,
    -0.0043364567119024144,
    -0.005196660009806342,
    -0.004114627056539755,
    -0.004019523313376405,
    -0.003686252754317776,
    -0.002333311631017798,
    -0.0015792151025924017,
    -0.000748827143902675,
    0.0010017543394891248
  ],
  "fold_aware": true,
  "alpha_ridge": 1.0,
  "n_folds": 5
}