{
  "model_short": "gemma2-9b",
  "pair": "experience",
  "n_layers": 42,
  "naive_r2_per_layer": [
    0.7923269225346433,
    0.8330188417603224,
    0.8507702115968265,
    0.9337655679503041,
    0.963274366495947,
    0.9611696197342924,
    0.9785802701491577,
    0.9771630766454926,
    0.9839269268275908,
    0.9882908561686452,
    0.9914668387413634,
    0.9932262550938752,
    0.9941644901274627,
    0.9949673373978949,
    0.9963155907397288,
    0.9970391196723901,
    0.9971967739572156,
    0.9978495050766153,
    0.9980593653452567,
    0.9979320348801628,
    0.997577325418112,
    0.9975568852381147,
    0.9972755228085772,
    0.9970008581950431,
    0.9968876634890604,
    0.996372216539871,
    0.9962228098186845,
    0.9962533897333906,
    0.9961777149424611,
    0.9960218481896982,
    0.9958144227216481,
    0.9957077613099465,
    0.995538788844366,
    0.9952318839444327,
    0.9949253486894706,
    0.9945128028502728,
    0.9945305955033811,
    0.9945200802544506,
    0.9939809241355507,
    0.9930639544306465,
    0.9922581041391604,
    0.9915418844134922
  ],
  "orth_r2_per_layer": [
    0.7923269225346433,
    -0.014647707960867562,
    -0.038983308357210866,
    -0.04986849332309573,
    -0.11004699657805439,
    -0.15296487218757981,
    -0.22158286950095984,
    -0.2781965351234008,
    -0.32466869090394224,
    -0.3736073744555459,
    -0.46540365755780844,
    -0.5530398289672873,
    -0.6906765034957241,
    -0.7753226683224073,
    -0.9801720132697147,
    -1.334479243588215,
    -2.0916178198397377,
    -2.699762801329281,
    -3.8938170924209734,
    -4.374001641980812,
    -5.319066722099846,
    -6.54484908499414,
    -6.761130720249252,
    -7.15823686107025,
    -6.90588330458532,
    -7.2249173500919,
    -7.646938408917043,
    -6.353967343719119,
    -6.393890220327562,
    -6.16915023452952,
    -6.276942273697489,
    -6.2641524235650685,
    -6.450538654592013,
    -6.808809664226906,
    -7.116185728739902,
    -7.7164867562183606,
    -8.707364854577555,
    -9.622993884189409,
    -10.93246334752057,
    -12.9053659817401,
    -14.218924857144565,
    -15.79547505646574
  ],
  "alpha_ridge": 1.0,
  "n_folds": 5,
  "n_groups": 351
}