{
  "model_short": "gemma2-9b",
  "pair": "experience",
  "late_layer": 33,
  "pca_r2": {
    "PC1_vs_z": 0.9023298090407564,
    "PC1_vs_x": 0.11393438720499231,
    "PC2_vs_z": 0.011852236539631527,
    "PC2_vs_x": 0.5322832791300194,
    "PC2_vs_z2": 0.09554887231987637,
    "PC3_vs_z": 0.011870286882767221,
    "PC3_vs_x": 0.22690286060184256,
    "explained_variance_ratio": [
      0.4851226952567014,
      0.20799123007899617,
      0.1138070151928022
    ]
  },
  "cos_pc1_primal_per_layer": [
    -0.023927428490876822,
    0.7024457915527891,
    0.7053720947265804,
    0.6826125123423653,
    -0.8491959126249871,
    -0.852710777709794,
    -0.7312573442870284,
    -0.7274613834808942,
    0.7385118750418125,
    -0.8593924484896274,
    0.7674715322764764,
    0.7751084908491677,
    0.66839699354631,
    0.5576790195693598,
    -0.39602160441823187,
    -0.2522291655856569,
    -0.16969139531782212,
    -0.12228849087590123,
    -0.5838479273994452,
    -0.7882608675606643,
    0.9818260446463929,
    0.9929297852510619,
    0.9769539687993057,
    0.9956262696916166,
    0.9973601526680769,
    0.9954560236473198,
    0.9949433375881273,
    0.9946408681460083,
    0.9958495733841103,
    0.9950866402634393,
    0.992174402728314,
    0.9951934695593364,
    0.9926622195311688,
    0.9933834400179804,
    0.9939310174317184,
    0.9942317576158606,
    0.9932182251620412,
    0.9934826826436332,
    0.9935137908291678,
    0.9931595605731866,
    0.9941413518814549,
    0.9946440884234428
  ]
}