{
  "n_cells_per_pair": 25,
  "per_pair": {
    "height": {
      "mid": {
        "n_cells": 25,
        "euclidean": {
          "E_cos_adj_z": 0.24884542781078156,
          "E_cos_adj_x": 0.02117981059065488,
          "E_cos_z_x": 0.4450631985703119,
          "E_cos_z_ld": 0.21570239817624495
        },
        "fisher_mean": {
          "F_cos_adj_z": 0.24041565690098096,
          "F_cos_adj_x": 0.020247723672211143,
          "F_cos_z_x": 0.46046754669653694,
          "F_cos_z_ld": 0.22815129580004043
        },
        "fisher_std": {
          "F_cos_adj_z": 0.0005235626203515577,
          "F_cos_adj_x": 0.0016103725458341414,
          "F_cos_z_x": 0.00044465162223921036,
          "F_cos_z_ld": 0.0008143899317182445
        }
      },
      "late": {
        "n_cells": 25,
        "euclidean": {
          "E_cos_adj_z": 0.2242917754196617,
          "E_cos_adj_x": 0.08662699403835922,
          "E_cos_z_x": 0.4876603420305861,
          "E_cos_z_ld": 0.03266804304402094
        },
        "fisher_mean": {
          "F_cos_adj_z": 0.28366481230658985,
          "F_cos_adj_x": 0.15439051887572536,
          "F_cos_z_x": 0.5003331740287595,
          "F_cos_z_ld": -0.02735985531011591
        },
        "fisher_std": {
          "F_cos_adj_z": 0.0018312685814219922,
          "F_cos_adj_x": 0.004126097005515656,
          "F_cos_z_x": 0.0010664158727220303,
          "F_cos_z_ld": 0.0075396882857364025
        }
      }
    },
    "age": {
      "mid": {
        "n_cells": 25,
        "euclidean": {
          "E_cos_adj_z": 0.20724344285249277,
          "E_cos_adj_x": 0.14741372079466583,
          "E_cos_z_x": 0.606559972769968,
          "E_cos_z_ld": 0.23513343927853927
        },
        "fisher_mean": {
          "F_cos_adj_z": 0.1959214991519161,
          "F_cos_adj_x": 0.13846497183931028,
          "F_cos_z_x": 0.6033436153121003,
          "F_cos_z_ld": 0.24130729197180525
        },
        "fisher_std": {
          "F_cos_adj_z": 0.0012122401693623328,
          "F_cos_adj_x": 0.0007287749006403016,
          "F_cos_z_x": 0.0003626812326464666,
          "F_cos_z_ld": 0.0007727310203328265
        }
      },
      "late": {
        "n_cells": 25,
        "euclidean": {
          "E_cos_adj_z": 0.28063514630461744,
          "E_cos_adj_x": 0.23371253183196586,
          "E_cos_z_x": 0.6242325507518484,
          "E_cos_z_ld": 0.02773663964007002
        },
        "fisher_mean": {
          "F_cos_adj_z": 0.2789097992487583,
          "F_cos_adj_x": 0.2579716463025484,
          "F_cos_z_x": 0.6119769694625754,
          "F_cos_z_ld": 0.03505076730978573
        },
        "fisher_std": {
          "F_cos_adj_z": 0.0019967973930774536,
          "F_cos_adj_x": 0.001627129315442622,
          "F_cos_z_x": 0.0022651393323413122,
          "F_cos_z_ld": 0.003772501338929008
        }
      }
    },
    "experience": {
      "mid": {
        "n_cells": 25,
        "euclidean": {
          "E_cos_adj_z": 0.18971346591440647,
          "E_cos_adj_x": 0.25379526236361183,
          "E_cos_z_x": 0.6605793410745091,
          "E_cos_z_ld": 0.04601360255404294
        },
        "fisher_mean": {
          "F_cos_adj_z": 0.18224773435170152,
          "F_cos_adj_x": 0.2512711246993776,
          "F_cos_z_x": 0.6615529616363631,
          "F_cos_z_ld": 0.04633021822366094
        },
        "fisher_std": {
          "F_cos_adj_z": 0.0009317964366333028,
          "F_cos_adj_x": 0.0007125043361706806,
          "F_cos_z_x": 0.0007248218328992278,
          "F_cos_z_ld": 0.0011674631297571838
        }
      },
      "late": {
        "n_cells": 25,
        "euclidean": {
          "E_cos_adj_z": 0.19159440310296416,
          "E_cos_adj_x": 0.2928191848509389,
          "E_cos_z_x": 0.6348804936324401,
          "E_cos_z_ld": -0.011625828195901041
        },
        "fisher_mean": {
          "F_cos_adj_z": 0.17386391472734833,
          "F_cos_adj_x": 0.28680701882580156,
          "F_cos_z_x": 0.6374273862132392,
          "F_cos_z_ld": -0.023091331651208177
        },
        "fisher_std": {
          "F_cos_adj_z": 0.0020032272429227112,
          "F_cos_adj_x": 0.0011310467431326706,
          "F_cos_z_x": 0.0007332173364766582,
          "F_cos_z_ld": 0.0023930168608281947
        }
      }
    },
    "size": {
      "mid": {
        "n_cells": 25,
        "euclidean": {
          "E_cos_adj_z": 0.10893764017945895,
          "E_cos_adj_x": 0.06524912305716374,
          "E_cos_z_x": 0.6411397480994692,
          "E_cos_z_ld": 0.18308462024001357
        },
        "fisher_mean": {
          "F_cos_adj_z": 0.10133190641868131,
          "F_cos_adj_x": 0.06153599252111432,
          "F_cos_z_x": 0.6442954014196345,
          "F_cos_z_ld": 0.1690471415943534
        },
        "fisher_std": {
          "F_cos_adj_z": 0.00047657643206027876,
          "F_cos_adj_x": 0.0005275644793627777,
          "F_cos_z_x": 0.00042117979952707675,
          "F_cos_z_ld": 0.001295418374918423
        }
      },
      "late": {
        "n_cells": 25,
        "euclidean": {
          "E_cos_adj_z": 0.15563549065514376,
          "E_cos_adj_x": 0.13015554970438412,
          "E_cos_z_x": 0.6336804403214082,
          "E_cos_z_ld": 0.03536858340773569
        },
        "fisher_mean": {
          "F_cos_adj_z": 0.08486824206213672,
          "F_cos_adj_x": 0.06379351496074559,
          "F_cos_z_x": 0.632692371612032,
          "F_cos_z_ld": -0.008962799214452515
        },
        "fisher_std": {
          "F_cos_adj_z": 0.0035410476006627538,
          "F_cos_adj_x": 0.003693076742075183,
          "F_cos_z_x": 0.0028756205236151857,
          "F_cos_z_ld": 0.006548588313162446
        }
      }
    },
    "speed": {
      "mid": {
        "n_cells": 25,
        "euclidean": {
          "E_cos_adj_z": 0.18039592250479491,
          "E_cos_adj_x": 0.2034520685698728,
          "E_cos_z_x": 0.6384773083566738,
          "E_cos_z_ld": 0.2821650587784552
        },
        "fisher_mean": {
          "F_cos_adj_z": 0.1844815995474966,
          "F_cos_adj_x": 0.20460513380484913,
          "F_cos_z_x": 0.6409646265477985,
          "F_cos_z_ld": 0.3017617443703319
        },
        "fisher_std": {
          "F_cos_adj_z": 0.001218227741919232,
          "F_cos_adj_x": 0.0016614794979250948,
          "F_cos_z_x": 0.0005328284374239385,
          "F_cos_z_ld": 0.0009634642300195498
        }
      },
      "late": {
        "n_cells": 25,
        "euclidean": {
          "E_cos_adj_z": 0.12765337733573084,
          "E_cos_adj_x": 0.18605921927255367,
          "E_cos_z_x": 0.6195782571851594,
          "E_cos_z_ld": -0.02750540425352469
        },
        "fisher_mean": {
          "F_cos_adj_z": 0.13738605240976853,
          "F_cos_adj_x": 0.18166243965411674,
          "F_cos_z_x": 0.6306674968780821,
          "F_cos_z_ld": 0.025063768688588204
        },
        "fisher_std": {
          "F_cos_adj_z": 0.0006778637886947421,
          "F_cos_adj_x": 0.0016810802120687167,
          "F_cos_z_x": 0.001085074034551091,
          "F_cos_z_ld": 0.0014346841623005763
        }
      }
    },
    "wealth": {
      "mid": {
        "n_cells": 25,
        "euclidean": {
          "E_cos_adj_z": 0.17364315126653185,
          "E_cos_adj_x": 0.08351197141319222,
          "E_cos_z_x": 0.3686632596948065,
          "E_cos_z_ld": 0.07037058527714316
        },
        "fisher_mean": {
          "F_cos_adj_z": 0.18612039428100197,
          "F_cos_adj_x": 0.09731740772000311,
          "F_cos_z_x": 0.3740418245856791,
          "F_cos_z_ld": 0.05818633914541766
        },
        "fisher_std": {
          "F_cos_adj_z": 0.0010495402950564763,
          "F_cos_adj_x": 0.00164077935272303,
          "F_cos_z_x": 0.0010773618615382476,
          "F_cos_z_ld": 0.0014057797043262065
        }
      },
      "late": {
        "n_cells": 25,
        "euclidean": {
          "E_cos_adj_z": 0.14857634184700794,
          "E_cos_adj_x": 0.10938112325024552,