{
  "K_samples": 10,
  "peaked_pct": 90,
  "flat_pct": 30,
  "per_pair": {
    "height": {
      "mid": {
        "euclid_cos_z_ld": 0.21570239817624495,
        "euclid_cos_z_x": 0.4450631985703119,
        "peaked_threshold_|ld|": 2.625,
        "flat_threshold_|ld|": 1.0,
        "bin_peaked": {
          "n": 10,
          "F_cos_z_ld_mean": 0.2292995640452867,
          "F_cos_z_ld_std": 0.0010690458833086797,
          "F_cos_z_x_mean": 0.4610935255878871,
          "F_cos_z_x_std": 0.0008543027109043746,
          "entropy_mean": 11.246202438800498,
          "entropy_std": 0.004951377205822198
        },
        "bin_flat": {
          "n": 10,
          "F_cos_z_ld_mean": 0.2282487850607819,
          "F_cos_z_ld_std": 0.0015244395393753554,
          "F_cos_z_x_mean": 0.45988304977293976,
          "F_cos_z_x_std": 0.0005966126649407945,
          "entropy_mean": 11.259434535730795,
          "entropy_std": 0.01557852014860418
        }
      },
      "late": {
        "euclid_cos_z_ld": 0.03266804304402094,
        "euclid_cos_z_x": 0.4876603420305861,
        "peaked_threshold_|ld|": 2.625,
        "flat_threshold_|ld|": 1.0,
        "bin_peaked": {
          "n": 10,
          "F_cos_z_ld_mean": -0.033542041334765835,
          "F_cos_z_ld_std": 0.002779215662254227,
          "F_cos_z_x_mean": 0.5002172640346688,
          "F_cos_z_x_std": 0.00043528685495839033,
          "entropy_mean": 2.606229265910979,
          "entropy_std": 0.03483810853030196
        },
        "bin_flat": {
          "n": 10,
          "F_cos_z_ld_mean": -0.028458478735249215,
          "F_cos_z_ld_std": 0.008189678955825503,
          "F_cos_z_x_mean": 0.498267518632557,
          "F_cos_z_x_std": 0.001268975413465086,
          "entropy_mean": 2.4776347336969113,
          "entropy_std": 0.07468057242555935
        }
      }
    },
    "age": {
      "mid": {
        "euclid_cos_z_ld": 0.23513343927853927,
        "euclid_cos_z_x": 0.606559972769968,
        "peaked_threshold_|ld|": 2.75,
        "flat_threshold_|ld|": 1.125,
        "bin_peaked": {
          "n": 10,
          "F_cos_z_ld_mean": 0.2422969736978579,
          "F_cos_z_ld_std": 0.000478393213622224,
          "F_cos_z_x_mean": 0.6040473140870499,
          "F_cos_z_x_std": 0.0004517965062675572,
          "entropy_mean": 11.263215555285555,
          "entropy_std": 0.03031770431027882
        },
        "bin_flat": {
          "n": 10,
          "F_cos_z_ld_mean": 0.2412291652603114,
          "F_cos_z_ld_std": 0.0009898213953021338,
          "F_cos_z_x_mean": 0.603126961205941,
          "F_cos_z_x_std": 0.00038940875672074536,
          "entropy_mean": 11.286081837780946,
          "entropy_std": 0.028438567937553387
        }
      },
      "late": {
        "euclid_cos_z_ld": 0.02773663964007002,
        "euclid_cos_z_x": 0.6242325507518484,
        "peaked_threshold_|ld|": 2.75,
        "flat_threshold_|ld|": 1.125,
        "bin_peaked": {
          "n": 10,
          "F_cos_z_ld_mean": 0.03976849392178462,
          "F_cos_z_ld_std": 0.0019423894345238653,
          "F_cos_z_x_mean": 0.6111773233385404,
          "F_cos_z_x_std": 0.0014341077117373407,
          "entropy_mean": 2.4744887368359136,
          "entropy_std": 0.05892686411737579
        },
        "bin_flat": {
          "n": 10,
          "F_cos_z_ld_mean": 0.031827085308766226,
          "F_cos_z_ld_std": 0.0022606668907850366,
          "F_cos_z_x_mean": 0.6136904409238516,
          "F_cos_z_x_std": 0.002109846505148005,
          "entropy_mean": 2.2908049911481845,
          "entropy_std": 0.09697911583021893
        }
      }
    },
    "experience": {
      "mid": {
        "euclid_cos_z_ld": 0.04601360255404294,
        "euclid_cos_z_x": 0.6605793410745091,
        "peaked_threshold_|ld|": 5.131250000000001,
        "flat_threshold_|ld|": 1.3374999999999986,
        "bin_peaked": {
          "n": 10,
          "F_cos_z_ld_mean": 0.04649564152778975,
          "F_cos_z_ld_std": 0.0006405872499261072,
          "F_cos_z_x_mean": 0.6614646329767809,
          "F_cos_z_x_std": 0.0004482408317372331,
          "entropy_mean": 11.334489196136767,
          "entropy_std": 0.013728895709866929
        },
        "bin_flat": {
          "n": 10,
          "F_cos_z_ld_mean": 0.045009124382351925,
          "F_cos_z_ld_std": 0.0004692695804630954,
          "F_cos_z_x_mean": 0.6614876327491154,
          "F_cos_z_x_std": 0.00034995460394745485,
          "entropy_mean": 11.330996300309835,
          "entropy_std": 0.026026574655418574
        }
      },
      "late": {
        "euclid_cos_z_ld": -0.011625828195901041,
        "euclid_cos_z_x": 0.6348804936324401,
        "peaked_threshold_|ld|": 5.131250000000001,
        "flat_threshold_|ld|": 1.3374999999999986,
        "bin_peaked": {
          "n": 10,
          "F_cos_z_ld_mean": -0.026662560722821742,
          "F_cos_z_ld_std": 0.0008470353329689916,
          "F_cos_z_x_mean": 0.6387261429820192,
          "F_cos_z_x_std": 0.0006177964978511406,
          "entropy_mean": 2.2560357863352665,
          "entropy_std": 0.031479094721045514
        },
        "bin_flat": {
          "n": 10,
          "F_cos_z_ld_mean": -0.020459276652096826,
          "F_cos_z_ld_std": 0.0009886397259297505,
          "F_cos_z_x_mean": 0.6367999764277632,
          "F_cos_z_x_std": 0.0004059432954668713,
          "entropy_mean": 2.1097179325270865,
          "entropy_std": 0.0604747172807786
        }
      }
    },
    "size": {
      "mid": {
        "euclid_cos_z_ld": 0.18308462024001357,
        "euclid_cos_z_x": 0.6411397480994692,
        "peaked_threshold_|ld|": 5.25,
        "flat_threshold_|ld|": 1.25,
        "bin_peaked": {
          "n": 10,
          "F_cos_z_ld_mean": 0.16910387607548122,
          "F_cos_z_ld_std": 0.0007791585634721924,
          "F_cos_z_x_mean": 0.6447345454894851,
          "F_cos_z_x_std": 0.0004255963168323576,
          "entropy_mean": 11.331148727348825,
          "entropy_std": 0.016849183435422754
        },
        "bin_flat": {
          "n": 10,
          "F_cos_z_ld_mean": 0.17180602768200245,
          "F_cos_z_ld_std": 0.00123082073679524,
          "F_cos_z_x_mean": 0.6447067594090361,
          "F_cos_z_x_std": 0.0003952182866748303,
          "entropy_mean": 11.255956603187302,
          "entropy_std": 0.0257705349695517
        }
      },
      "late": {
        "euclid_cos_z_ld": 0.03536858340773569,
        "euclid_cos_z_x": 0.6336804403214082,
        "peaked_threshold_|ld|": 5.25,
        "flat_threshold_|ld|": 1.25,
        "bin_peaked": {
          "n": 10,
          "F_cos_z_ld_mean": -0.0018369178463731983,
          "F_cos_z_ld_std": 0.0024081715545681147,
          "F_cos_z_x_mean": 0.6305153035112077,
          "F_cos_z_x_std": 0.00039994839900414983,
          "entropy_mean": 1.7955876854513069,
          "entropy_std": 0.01852051690669758
        },
        "bin_flat": {
          "n": 10,
          "F_cos_z_ld_mean": -0.012539494655876804,
          "F_cos_z_ld_std": 0.005621686105146912,
          "F_cos_z_x_mean": 0.6343378692052231,
          "F_cos_z_x_std": 0.0022200944454508474,
          "entropy_mean": 1.9250569780420625,
          "entropy_std": 0.055195343169366765
        }
      }
    },
    "speed": {
      "mid": {
        "euclid_cos_z_ld": 0.2821650587784552,
        "euclid_cos_z_x": 0.6384773083566738,
        "peaked_threshold_|ld|": 3.25,
        "flat_threshold_|ld|": 1.0,
        "bin_peaked": {
          "n": 10,
          "F_cos_z_ld_mean": 0.3010806206649853,
          "F_cos_z_ld_std": 0.0008229461232379838,
          "F_cos_z_x_mean": 0.6407132372162431,
          "F_cos_z_x_std": 0.0005205255836318427,
          "entropy_mean": 11.255170238621044,
          "entropy_std": 0.02008331510815642
        },
        "bin_flat": {
          "n": 10,
          "F_cos_z_ld_mean": 0.3022819002832645,
          "F_cos_z_ld_std": 0.0007818908742072688,
          "F_cos_z_x_mean": 0.6413196350114582,