{
  "per_pair_g31b": {
    "height": {
      "relativity_ratio": 0.9246579869142881,
      "slope_x": 0.12609166666666605,
      "slope_mu": -0.11659166666666687,
      "ld_mean": 0.4138333201408386,
      "ld_std": 2.22475004196167
    },
    "age": {
      "relativity_ratio": 0.9165843330980942,
      "slope_x": 0.1180833333333334,
      "slope_mu": -0.10823333333333335,
      "ld_mean": -0.1261666715145111,
      "ld_std": 2.1162021160125732
    },
    "weight": {
      "relativity_ratio": 0.9063234357816751,
      "slope_x": 0.09929310344827695,
      "slope_mu": -0.08999166666666765,
      "ld_mean": 0.9661666750907898,
      "ld_std": 2.2817211151123047
    },
    "size": {
      "relativity_ratio": 0.7561469453955342,
      "slope_x": 0.07666221033868076,
      "slope_mu": -0.05796789617486339,
      "ld_mean": -2.6600000858306885,
      "ld_std": 1.848452091217041
    },
    "speed": {
      "relativity_ratio": 0.7872771996749539,
      "slope_x": 0.047042963683528394,
      "slope_mu": -0.03703585271317879,
      "ld_mean": -0.4143333435058594,
      "ld_std": 2.758629322052002
    },
    "wealth": {
      "relativity_ratio": 0.6931784095479037,
      "slope_x": 5.529913777946571e-06,
      "slope_mu": -3.833216837534043e-06,
      "ld_mean": 0.9103333353996277,
      "ld_std": 2.15496563911438
    },
    "experience": {
      "relativity_ratio": 0.8801285829311974,
      "slope_x": 0.18194691322629972,
      "slope_mu": -0.1601366789065687,
      "ld_mean": 0.8485833406448364,
      "ld_std": 2.1521246433258057
    },
    "bmi_abs": {
      "relativity_ratio": 0.5442044187668286,
      "slope_x": 0.36839549483013323,
      "slope_mu": -0.20048245614035087,
      "ld_mean": 3.1076667308807373,
      "ld_std": 3.0156867504119873
    }
  },
  "e4b_late": {
    "height": 0.7978772074297756,
    "age": 0.8214254481853948,
    "weight": 0.9602429375038635,
    "size": 1.031417167212634,
    "speed": 0.7469800887329264,
    "wealth": 0.4307687917998822,
    "experience": 0.45243460997916624,
    "bmi_abs": 0.4893109843954143
  },
  "model": "google/gemma-4-31B"
}