{
  "pairs": [
    "height",
    "age",
    "weight",
    "size",
    "speed",
    "wealth",
    "experience",
    "bmi_abs"
  ],
  "svd_singular_values": [
    1.8235422372817993,
    1.0909479856491089,
    0.9939245581626892,
    0.9224628210067749,
    0.7388542890548706,
    0.6793140172958374,
    0.6284269690513611,
    0.49336740374565125
  ],
  "svd_variance_ratio": [
    0.41566312313079834,
    0.14877088367938995,
    0.12348570674657822,
    0.10636717081069946,
    0.06823818385601044,
    0.057683419436216354,
    0.04936503991484642,
    0.03042641282081604
  ],
  "top_shared_variance_pct": 41.56631088256836,
  "per_pair": {
    "height": {
      "r2_own_pc1_vs_z": 0.8573155896757704,
      "r2_meta_w1_vs_z": 0.908713842950957,
      "cos_own_pc1_with_meta": 0.746549129486084
    },
    "age": {
      "r2_own_pc1_vs_z": 0.7623132118049811,
      "r2_meta_w1_vs_z": 0.7999796118513942,
      "cos_own_pc1_with_meta": 0.6323938369750977
    },
    "weight": {
      "r2_own_pc1_vs_z": 0.9086788181181609,
      "r2_meta_w1_vs_z": 0.8907476131621973,
      "cos_own_pc1_with_meta": 0.8041590452194214
    },
    "size": {
      "r2_own_pc1_vs_z": 0.39055694385344764,
      "r2_meta_w1_vs_z": 0.7622578789153711,
      "cos_own_pc1_with_meta": 0.41777756810188293
    },
    "speed": {
      "r2_own_pc1_vs_z": 0.9299915215944969,
      "r2_meta_w1_vs_z": 0.9140007479167523,
      "cos_own_pc1_with_meta": 0.5342419147491455
    },
    "wealth": {
      "r2_own_pc1_vs_z": 0.9140542888554369,
      "r2_meta_w1_vs_z": 0.9193995379565529,
      "cos_own_pc1_with_meta": 0.7104207277297974
    },
    "experience": {
      "r2_own_pc1_vs_z": 0.8405667734033646,
      "r2_meta_w1_vs_z": 0.8936267977936695,
      "cos_own_pc1_with_meta": 0.5681790709495544
    },
    "bmi_abs": {
      "r2_own_pc1_vs_z": 0.8480341187539011,
      "r2_meta_w1_vs_z": 0.8632583948372334,
      "cos_own_pc1_with_meta": 0.6587097644805908
    }
  }
}