{
  "method": "Park et al. causal inner product = Cov(W_U)^{-1/2}",
  "wu_shape": [
    262144,
    2560
  ],
  "wu_nd_ratio": 102.4,
  "eigvalue_min": 2.4265234725559108e-05,
  "eigvalue_max": 0.040357109906082385,
  "eigvalue_spectrum_top10": [
    0.0038187186350102844,
    0.004325507695696516,
    0.00502001344261687,
    0.005325149387230797,
    0.00636922016054305,
    0.007989165794632798,
    0.010921577715593015,
    0.012881538242447478,
    0.02814975653733746,
    0.040357109906082385
  ],
  "eigvalue_spectrum_bot10": [
    2.4265234725559108e-05,
    2.651920962482232e-05,
    2.7157673790263825e-05,
    2.8244918136214882e-05,
    3.779944767149151e-05,
    3.858889925685513e-05,
    4.5566252725229745e-05,
    4.973722774288441e-05,
    5.297332029382769e-05,
    5.469052480128903e-05
  ],
  "condition_number": 1663.1658569354552,
  "per_pair": {
    "height": {
      "mid": {
        "euclid": {
          "cos_adj_z": 0.24884542781078156,
          "cos_adj_x": 0.02117981059065488,
          "cos_z_x": 0.4450631985703119,
          "cos_z_ld": 0.21570239817624495
        },
        "park_cov_wu": {
          "cos_adj_z": 0.24830601394471846,
          "cos_adj_x": 0.013446595427233457,
          "cos_z_x": 0.45640661144020594,
          "cos_z_ld": 0.23087834473724078
        },
        "n": 750
      },
      "late": {
        "euclid": {
          "cos_adj_z": 0.2242917754196617,
          "cos_adj_x": 0.08662699403835922,
          "cos_z_x": 0.4876603420305861,
          "cos_z_ld": 0.03266804304402094
        },
        "park_cov_wu": {
          "cos_adj_z": 0.2412840504842718,
          "cos_adj_x": 0.11037618591762431,
          "cos_z_x": 0.4967537209451497,
          "cos_z_ld": 0.0028706295274356416
        },
        "n": 750
      }
    },
    "age": {
      "mid": {
        "euclid": {
          "cos_adj_z": 0.20724344285249277,
          "cos_adj_x": 0.14741372079466583,
          "cos_z_x": 0.606559972769968,
          "cos_z_ld": 0.23513343927853927
        },
        "park_cov_wu": {
          "cos_adj_z": 0.19402616748525853,
          "cos_adj_x": 0.14061350819940605,
          "cos_z_x": 0.6104789083547341,
          "cos_z_ld": 0.237825458143222
        },
        "n": 750
      },
      "late": {
        "euclid": {
          "cos_adj_z": 0.28063514630461744,
          "cos_adj_x": 0.23371253183196586,
          "cos_z_x": 0.6242325507518484,
          "cos_z_ld": 0.02773663964007002
        },
        "park_cov_wu": {
          "cos_adj_z": 0.2701304726195257,
          "cos_adj_x": 0.22168645331841552,
          "cos_z_x": 0.6228237979795626,
          "cos_z_ld": 0.017554523298748136
        },
        "n": 750
      }
    },
    "experience": {
      "mid": {
        "euclid": {
          "cos_adj_z": 0.18971346591440647,
          "cos_adj_x": 0.25379526236361183,
          "cos_z_x": 0.6605793410745091,
          "cos_z_ld": 0.04601360255404294
        },
        "park_cov_wu": {
          "cos_adj_z": 0.1896388974836323,
          "cos_adj_x": 0.2539460370815641,
          "cos_z_x": 0.6612281749626286,
          "cos_z_ld": 0.042696943504943526
        },
        "n": 750
      },
      "late": {
        "euclid": {
          "cos_adj_z": 0.19159440310296416,
          "cos_adj_x": 0.2928191848509389,
          "cos_z_x": 0.6348804936324401,
          "cos_z_ld": -0.011625828195901041
        },
        "park_cov_wu": {
          "cos_adj_z": 0.18235303446712012,
          "cos_adj_x": 0.25881007189564004,
          "cos_z_x": 0.6324676264525082,
          "cos_z_ld": -0.03681699590450283
        },
        "n": 750
      }
    },
    "size": {
      "mid": {
        "euclid": {
          "cos_adj_z": 0.10893764017945895,
          "cos_adj_x": 0.06524912305716374,
          "cos_z_x": 0.6411397480994692,
          "cos_z_ld": 0.18308462024001357
        },
        "park_cov_wu": {
          "cos_adj_z": 0.11104952371969048,
          "cos_adj_x": 0.06128646927655566,
          "cos_z_x": 0.6414043750571499,
          "cos_z_ld": 0.18200756839575408
        },
        "n": 750
      },
      "late": {
        "euclid": {
          "cos_adj_z": 0.15563549065514376,
          "cos_adj_x": 0.13015554970438412,
          "cos_z_x": 0.6336804403214082,
          "cos_z_ld": 0.03536858340773569
        },
        "park_cov_wu": {
          "cos_adj_z": 0.11770260816409062,
          "cos_adj_x": 0.08538319990365736,
          "cos_z_x": 0.6246976332116524,
          "cos_z_ld": 0.01672145660599252
        },
        "n": 750
      }
    },
    "speed": {
      "mid": {
        "euclid": {
          "cos_adj_z": 0.18039592250479491,
          "cos_adj_x": 0.2034520685698728,
          "cos_z_x": 0.6384773083566738,
          "cos_z_ld": 0.2821650587784552
        },
        "park_cov_wu": {
          "cos_adj_z": 0.1879239529775257,
          "cos_adj_x": 0.21405877474787433,
          "cos_z_x": 0.6433617850589579,
          "cos_z_ld": 0.2959221911723124
        },
        "n": 750
      },
      "late": {
        "euclid": {
          "cos_adj_z": 0.12765337733573084,
          "cos_adj_x": 0.18605921927255367,
          "cos_z_x": 0.6195782571851594,
          "cos_z_ld": -0.02750540425352469
        },
        "park_cov_wu": {
          "cos_adj_z": 0.1492539914394977,
          "cos_adj_x": 0.20327113283019677,
          "cos_z_x": 0.6219945213325393,
          "cos_z_ld": -0.028173174764357642
        },
        "n": 750
      }
    },
    "wealth": {
      "mid": {
        "euclid": {
          "cos_adj_z": 0.17364315126653185,
          "cos_adj_x": 0.08351197141319222,
          "cos_z_x": 0.3686632596948065,
          "cos_z_ld": 0.07037058527714316
        },
        "park_cov_wu": {
          "cos_adj_z": 0.18004271920079032,
          "cos_adj_x": 0.09345238054740763,
          "cos_z_x": 0.3716926302602943,
          "cos_z_ld": 0.06427464785896453
        },
        "n": 750
      },
      "late": {
        "euclid": {
          "cos_adj_z": 0.14857634184700794,
          "cos_adj_x": 0.10938112325024552,
          "cos_z_x": 0.35798639896833623,
          "cos_z_ld": 0.02400357580161458
        },
        "park_cov_wu": {
          "cos_adj_z": 0.13383261133779814,
          "cos_adj_x": 0.09747893476733335,
          "cos_z_x": 0.3373101942651584,
          "cos_z_ld": 0.002541006017152659
        },
        "n": 750
      }
    },
    "weight": {
      "mid": {
        "euclid": {
          "cos_adj_z": 0.18562330487469886,
          "cos_adj_x": 0.21551692267821373,
          "cos_z_x": 0.430647005691117,
          "cos_z_ld": 0.16965678372572324
        },
        "park_cov_wu": {
          "cos_adj_z": 0.18476139951426634,
          "cos_adj_x": 0.2230171578526224,
          "cos_z_x": 0.4324413172473658,
          "cos_z_ld": 0.14879656271954123
        },
        "n": 750
      },
      "late": {
        "euclid": {
          "cos_adj_z": 0.1464755568147432,
          "cos_adj_x": 0.1838774645772515,
          "cos_z_x": 0.4632409191297137,
          "cos_z_ld": 0.016008626629510563
        },
        "park_cov_wu": {
          "cos_adj_z": 0.13544780682890337,
          "cos_adj_x": 0.18930578275466733,
          "cos_z_x": 0.4520831287460749,
          "cos_z_ld": 0.023083723501385954
        },
        "n": 750
      }
    },
    "bmi_abs": {
      "mid": {
        "euclid": {
          "cos_adj_z": 0.12838798983784624,
          "cos_adj_x": 0.04090647888114263,
          "cos_z_x": 0.5605075607212127,
          "cos_z_ld": 0.2917658904481898
        },
        "park_cov_wu": {
          "cos_adj_z": 0.11986186084856745,
          "cos_adj_x": 0.04408909585456356,
          "cos_z_x": 0.5673378272442621,
          "cos_z_ld": 0.3045088537745476
        },
        "n": 750
      },
      "late": {
        "euclid": {
          "cos_adj_z": 0.1841094751020747,
          "cos_adj_x": 0.08617044868007648,
          "cos_z_x": 0.5288612391452063,