{
  "pair": "posneg_abs",
  "tokens": {
    "low_word": "negative",
    "high_word": "positive",
    "low_id": 5676,
    "high_id": 4414
  },
  "grid": {
    "x_values": [
      -8.0,
      -3.0,
      0.0,
      3.0,
      8.0
    ],
    "mu_values": [
      -6.0,
      -2.0,
      0.0,
      2.0,
      6.0
    ],
    "sigma": 3.0,
    "n_seeds_implicit": 30
  },
  "ld_stats_implicit": {
    "n": 750,
    "mean": -1.0368333333333333,
    "std": 1.4202690375027152
  },
  "slope_x": 0.23220319634703201,
  "slope_mu": -0.09662499999999995,
  "relativity_ratio": 0.41612260950789015,
  "zero_shot_by_x": [
    [
      -8.0,
      -0.25
    ],
    [
      -3.0,
      -0.25
    ],
    [
      0.0,
      0.5
    ],
    [
      3.0,
      1.3125
    ],
    [
      8.0,
      1.25
    ]
  ],
  "updated_welch": {
    "relative": {
      "n": 7,
      "mean": 0.748735178691949
    },
    "absolute": {
      "n": 5,
      "mean": 0.6492277944711196
    },
    "welch_t": -0.7947003799312241,
    "welch_p": 0.44618258620545814
  }
}