{
  "height": {
    "mid": {
      "r2_pc1_vs_x": 0.006502168028488414,
      "cv_r2_wx_zeroshot": 0.981305767865879,
      "cos_wx_zs_wz_imp": 0.035387583131941465,
      "cos_pc1_zs_wz_imp": -0.0009870904405101253,
      "n": 150
    },
    "late": {
      "r2_pc1_vs_x": 2.538638823887706e-06,
      "cv_r2_wx_zeroshot": 0.979329993124353,
      "cos_wx_zs_wz_imp": 0.006158892759822652,
      "cos_pc1_zs_wz_imp": -0.01097364222543837,
      "n": 150
    }
  },
  "age": {
    "mid": {
      "r2_pc1_vs_x": 0.00023855654007843096,
      "cv_r2_wx_zeroshot": 0.9694537287369833,
      "cos_wx_zs_wz_imp": 0.04219534672615664,
      "cos_pc1_zs_wz_imp": 0.010631327205608884,
      "n": 150
    },
    "late": {
      "r2_pc1_vs_x": 0.0011997720667805214,
      "cv_r2_wx_zeroshot": 0.9885364335386375,
      "cos_wx_zs_wz_imp": 0.024547237761246853,
      "cos_pc1_zs_wz_imp": -0.01869343175877675,
      "n": 150
    }
  },
  "weight": {
    "mid": {
      "r2_pc1_vs_x": 0.012797410651519901,
      "cv_r2_wx_zeroshot": 0.9716572595359573,
      "cos_wx_zs_wz_imp": 0.027099012821589843,
      "cos_pc1_zs_wz_imp": -0.009092573417184092,
      "n": 150
    },
    "late": {
      "r2_pc1_vs_x": 0.0034731724655935716,
      "cv_r2_wx_zeroshot": 0.976815092906377,
      "cos_wx_zs_wz_imp": 0.013533076345880512,
      "cos_pc1_zs_wz_imp": -0.013141404651825912,
      "n": 150
    }
  },
  "size": {
    "mid": {
      "r2_pc1_vs_x": 0.006762387650398931,
      "cv_r2_wx_zeroshot": 0.9600354727982247,
      "cos_wx_zs_wz_imp": -0.003343717613957491,
      "cos_pc1_zs_wz_imp": 0.025977988804825946,
      "n": 150
    },
    "late": {
      "r2_pc1_vs_x": 0.0003895280428321587,
      "cv_r2_wx_zeroshot": 0.9838846869512071,
      "cos_wx_zs_wz_imp": 0.06309913430755473,
      "cos_pc1_zs_wz_imp": -0.04630856051037054,
      "n": 150
    }
  },
  "speed": {
    "mid": {
      "r2_pc1_vs_x": 0.03757418118064402,
      "cv_r2_wx_zeroshot": 0.9868901669646137,
      "cos_wx_zs_wz_imp": 0.07695991433791496,
      "cos_pc1_zs_wz_imp": -0.00838117864695085,
      "n": 150
    },
    "late": {
      "r2_pc1_vs_x": 0.03805779955370632,
      "cv_r2_wx_zeroshot": 0.9932022159749041,
      "cos_wx_zs_wz_imp": 0.030479781659166316,
      "cos_pc1_zs_wz_imp": -0.033410474372989385,
      "n": 150
    }
  },
  "wealth": {
    "mid": {
      "r2_pc1_vs_x": 2.6067274302548033e-06,
      "cv_r2_wx_zeroshot": 0.9738403172415779,
      "cos_wx_zs_wz_imp": 0.03818897658182994,
      "cos_pc1_zs_wz_imp": 0.01981646431752894,
      "n": 150
    },
    "late": {
      "r2_pc1_vs_x": 0.001026206727747734,
      "cv_r2_wx_zeroshot": 0.9722706433530931,
      "cos_wx_zs_wz_imp": 0.04040083156407336,
      "cos_pc1_zs_wz_imp": 0.003948543811164819,
      "n": 150
    }
  },
  "experience": {
    "mid": {
      "r2_pc1_vs_x": 0.0035355579832036144,
      "cv_r2_wx_zeroshot": 0.9758241961645773,
      "cos_wx_zs_wz_imp": 0.024660188768817884,
      "cos_pc1_zs_wz_imp": 0.04676360645481063,
      "n": 150
    },
    "late": {
      "r2_pc1_vs_x": 0.0807371541858565,
      "cv_r2_wx_zeroshot": 0.9864661546582241,
      "cos_wx_zs_wz_imp": 0.04206210268473972,
      "cos_pc1_zs_wz_imp": 0.01184926533316591,
      "n": 150
    }
  },
  "bmi_abs": {
    "mid": {
      "r2_pc1_vs_x": 0.06758227392388175,
      "cv_r2_wx_zeroshot": 0.9934375379762242,
      "cos_wx_zs_wz_imp": 0.03211269322428628,
      "cos_pc1_zs_wz_imp": 0.029258191454389886,
      "n": 150
    },
    "late": {
      "r2_pc1_vs_x": 0.027137460864907915,
      "cv_r2_wx_zeroshot": 0.9894167121432776,
      "cos_wx_zs_wz_imp": -0.013286264856747693,
      "cos_pc1_zs_wz_imp": 0.02544456549057775,
      "n": 150
    }
  }
}