{
  "model_short": "gemma2-9b",
  "pair": "bmi_abs",
  "n_layers": 42,
  "naive_r2_per_layer": [
    0.5924542168970924,
    0.6294732645666113,
    0.6710664461064326,
    0.8812081277313497,
    0.9157356913187724,
    0.922887685270741,
    0.9596298698651665,
    0.9581397757473685,
    0.9687199452321773,
    0.9767738493090484,
    0.9771531392467565,
    0.9828355126009541,
    0.9878354282666594,
    0.9904081444454379,
    0.9920604348783466,
    0.992943985434969,
    0.994222579730855,
    0.9951288045335961,
    0.9952005048158975,
    0.9952719196464959,
    0.9952641491832769,
    0.9944976004079373,
    0.9947509371326907,
    0.9945453234443259,
    0.9941877942895929,
    0.994342414922115,
    0.9938858756952402,
    0.9941235692225082,
    0.9934081843478781,
    0.9936516589181247,
    0.993526807406798,
    0.9929687967914206,
    0.9930946569690593,
    0.9922730103600904,
    0.9915581017096307,
    0.9911742530461477,
    0.9912095927879175,
    0.9901561926848708,
    0.9888431040290813,
    0.9876647007865265,
    0.9858935998131706,
    0.9853391548611281
  ],
  "orth_r2_per_layer": [
    0.5924542168970924,
    0.05654557153150319,
    0.03761433464419939,
    0.06631798037856884,
    -0.09108353685140247,
    -0.13088473002920642,
    -0.18979202258461125,
    -0.2423861268899774,
    -0.3122604983544499,
    -0.3756086986690168,
    -0.46707317390281755,
    -0.5599657784116467,
    -0.7689204996294969,
    -1.0388847087991575,
    -1.3764824528192352,
    -2.2975933658269967,
    -4.65245562708346,
    -5.989929698291132,
    -9.432483042799738,
    -11.939291399545649,
    -14.17676496232405,
    -15.577305716834847,
    -15.3264755760847,
    -16.68666124260461,
    -15.4079335577457,
    -15.711793913312938,
    -16.94768703460583,
    -14.438900054833613,
    -13.107097814660381,
    -12.577270303689463,
    -12.153229720133398,
    -11.91284696049412,
    -11.99142120367517,
    -12.764012101453654,
    -13.101155872311946,
    -13.608721451521292,
    -15.338265798482162,
    -16.3261875322762,
    -18.203751461106865,
    -20.8798565672556,
    -22.519703351540297,
    -23.530310283492188
  ],
  "alpha_ridge": 1.0,
  "n_folds": 5,
  "n_groups": 399
}