{
  "model_short": "gemma2-9b",
  "pair": "bmi_abs",
  "late_layer": 33,
  "pca_r2": {
    "PC1_vs_z": 0.7840511165125241,
    "PC1_vs_x": 0.059695572318337685,
    "PC2_vs_z": 2.9332431357234623e-05,
    "PC2_vs_x": 0.3764870235724385,
    "PC2_vs_z2": 0.09861433393993782,
    "PC3_vs_z": 0.06658962371792074,
    "PC3_vs_x": 0.13108240190986387,
    "explained_variance_ratio": [
      0.4448221827194521,
      0.2015477532207519,
      0.15117523994960289
    ]
  },
  "cos_pc1_primal_per_layer": [
    0.20896702146720642,
    0.7782717113104753,
    0.7175964792004363,
    0.5004916461911403,
    0.8779887901372303,
    -0.8795232221895345,
    0.17593894087662068,
    0.14513529230941835,
    -0.6755819380186001,
    -0.764768115783347,
    -0.8021879474844823,
    -0.7266863646310991,
    0.544744744054789,
    -0.30333982607285725,
    -0.07830134801030336,
    -0.09961091500840881,
    0.13345031549335015,
    -0.023487917104023072,
    0.0788364170564006,
    0.2102565175125204,
    0.6212306816060672,
    0.543139453578823,
    0.27860643251851464,
    0.8355304424868559,
    0.7720474486474066,
    0.7722201367931143,
    0.9676530260775348,
    0.9696543275761763,
    0.9658701389122317,
    0.9566090699467308,
    0.9700809075528825,
    0.9701811489481276,
    0.9828831344471637,
    0.9783660372767755,
    0.9733825732854022,
    0.9787953484071197,
    0.9745385998335178,
    0.9735539429798294,
    0.9727079113885446,
    0.9495738342935607,
    -0.9419028605864143,
    0.7855037513010338
  ]
}