{
  "model_short": "gemma2-9b",
  "layer": 33,
  "alpha": 4.0,
  "conditions": [
    "full_grid",
    "fixed_mu",
    "fixed_x",
    "matched_z"
  ],
  "target_by_source_by_condition": {
    "full_grid": {
      "height": {
        "height": 0.0440538190305233,
        "age": 0.0184461809694767,
        "weight": 0.02864583395421505,
        "size": 0.0418836809694767,
        "speed": 0.021484375,
        "wealth": 0.0203993059694767,
        "experience": 0.015407986007630825,
        "bmi_abs": 0.01323784701526165,
        "n_prompts": 72
      },
      "age": {
        "height": 0.0158420130610466,
        "age": 0.0551215261220932,
        "weight": 0.0236545130610466,
        "size": 0.013671875,
        "speed": 0.00933159701526165,
        "wealth": 0.011501736007630825,
        "experience": 0.03081597201526165,
        "bmi_abs": 0.0212673619389534,
        "n_prompts": 72
      },
      "weight": {
        "height": 0.0275607630610466,
        "age": 0.03125,
        "weight": 0.0533854179084301,
        "size": 0.0381944440305233,
        "speed": 0.0225694440305233,
        "wealth": 0.0197482630610466,
        "experience": 0.0158420130610466,
        "bmi_abs": 0.0536024309694767,
        "n_prompts": 72
      },
      "size": {
        "height": 0.0640190988779068,
        "age": 0.0431857630610466,
        "weight": 0.0609809011220932,
        "size": 0.0939670130610466,
        "speed": 0.0392795130610466,
        "wealth": 0.02973090298473835,
        "experience": 0.0325520820915699,
        "bmi_abs": 0.0407986119389534,
        "n_prompts": 72
      },
      "speed": {
        "height": 0.02408854104578495,
        "age": 0.007595486007630825,
        "weight": 0.0186631940305233,
        "size": 0.02105034701526165,
        "speed": 0.0750868022441864,
        "wealth": 0.0264756940305233,
        "experience": 0.0158420130610466,
        "bmi_abs": 0.013020833022892475,
        "n_prompts": 72
      },
      "wealth": {
        "height": 0.0284288190305233,
        "age": 0.0184461809694767,
        "weight": 0.0347222238779068,
        "size": 0.0290798619389534,
        "speed": 0.0275607630610466,
        "wealth": 0.0579427070915699,
        "experience": 0.015625,
        "bmi_abs": 0.0251736119389534,
        "n_prompts": 72
      },
      "experience": {
        "height": 0.02083333395421505,
        "age": 0.0469835065305233,
        "weight": 0.021484375,
        "size": 0.02408854104578495,
        "speed": 0.0262586809694767,
        "wealth": 0.0316840261220932,
        "experience": 0.0896267369389534,
        "bmi_abs": 0.0106336809694767,
        "n_prompts": 72
      },
      "bmi_abs": {
        "height": 0.0236545130610466,
        "age": 0.02083333395421505,
        "weight": 0.0469835065305233,
        "size": 0.0359157994389534,
        "speed": 0.02094184048473835,
        "wealth": 0.01410590298473835,
        "experience": 0.00542534701526165,
        "bmi_abs": 0.0600043386220932,
        "n_prompts": 72
      }
    },
    "fixed_mu": {
      "height": {
        "height": 0.0436197929084301,
        "age": 0.014973958022892475,
        "weight": 0.0264756940305233,
        "size": 0.0399305559694767,
        "speed": 0.01888020895421505,
        "wealth": 0.0203993059694767,
        "experience": 0.015407986007630825,
        "bmi_abs": 0.01215277798473835,
        "n_prompts": 72
      },
      "age": {
        "height": 0.0203993059694767,
        "age": 0.0529513880610466,
        "weight": 0.02582465298473835,
        "size": 0.0164930559694767,
        "speed": 0.010416666977107525,
        "wealth": 0.013454861007630825,
        "experience": 0.03081597201526165,
        "bmi_abs": 0.0225694440305233,
        "n_prompts": 72
      },
      "weight": {
        "height": 0.029296875,
        "age": 0.0310329869389534,
        "weight": 0.0538194440305233,
        "size": 0.0392795130610466,
        "speed": 0.0225694440305233,
        "wealth": 0.0184461809694767,
        "experience": 0.015407986007630825,
        "bmi_abs": 0.052734375,
        "n_prompts": 72
      },
      "size": {
        "height": 0.0635850727558136,
        "age": 0.0425347238779068,
        "weight": 0.0581597238779068,
        "size": 0.0950520858168602,
        "speed": 0.0392795130610466,
        "wealth": 0.02690972201526165,
        "experience": 0.02994791604578495,
        "bmi_abs": 0.0377604179084301,
        "n_prompts": 72
      },
      "speed": {
        "height": 0.0245225690305233,
        "age": 0.0067274305038154125,
        "weight": 0.02018229104578495,
        "size": 0.02191840298473835,
        "speed": 0.080078125,
        "wealth": 0.0271267369389534,
        "experience": 0.01822916604578495,
        "bmi_abs": 0.0147569440305233,
        "n_prompts": 72
      },
      "wealth": {
        "height": 0.0290798619389534,
        "age": 0.0206163190305233,
        "weight": 0.0347222238779068,
        "size": 0.0319010429084301,
        "speed": 0.0282118059694767,
        "wealth": 0.0627170130610466,
        "experience": 0.01692708395421505,
        "bmi_abs": 0.02387152798473835,
        "n_prompts": 72
      },
      "experience": {
        "height": 0.0224609375,
        "age": 0.0469835065305233,
        "weight": 0.0213758684694767,
        "size": 0.0234375,
        "speed": 0.0264756940305233,
        "wealth": 0.0321180559694767,
        "experience": 0.0934244766831398,
        "bmi_abs": 0.010525173507630825,
        "n_prompts": 72
      },
      "bmi_abs": {
        "height": 0.0236545130610466,
        "age": 0.0202907994389534,
        "weight": 0.0454644113779068,
        "size": 0.0367838554084301,
        "speed": 0.0217013880610466,
        "wealth": 0.0147569440305233,
        "experience": 0.0045572915114462376,
        "bmi_abs": 0.0571831613779068,
        "n_prompts": 72
      }
    },
    "fixed_x": {
      "height": {
        "height": 0.04453124850988388,
        "age": 0.01640624925494194,
        "weight": 0.02578124962747097,
        "size": 0.04062499850988388,
        "speed": 0.01796874962747097,
        "wealth": 0.01953125,
        "experience": 0.012500000186264515,
        "bmi_abs": 0.01015624962747097,
        "n_prompts": 20
      },
      "age": {
        "height": 0.01953125,
        "age": 0.05000000074505806,
        "weight": 0.02500000037252903,
        "size": 0.015625,
        "speed": 0.0078125,
        "wealth": 0.01640624925494194,
        "experience": 0.03046875074505806,
        "bmi_abs": 0.0234375,
        "n_prompts": 20
      },
      "weight": {
        "height": 0.02812499925494194,
        "age": 0.02890625037252903,
        "weight": 0.05312500149011612,
        "size": 0.03828125074505806,
        "speed": 0.01796874962747097,
        "wealth": 0.015625,
        "experience": 0.01328125037252903,
        "bmi_abs": 0.05312500149011612,
        "n_prompts": 20
      },
      "size": {
        "height": 0.06562499701976776,
        "age": 0.04453124850988388,
        "weight": 0.05937499925494194,
        "size": 0.09218750149011612,
        "speed": 0.03437500074505806,
        "wealth": 0.02578124962747097,
        "experience": 0.02812499925494194,
        "bmi_abs": 0.03984374925494194,
        "n_prompts": 20
      },
      "speed": {
        "height": 0.03437500074505806,
        "age": 0.00937500037252903,
        "weight": 0.02421874925494194,
        "size": 0.02421874925494194,
        "speed": 0.078125,
        "wealth": 0.03046875074505806,
        "experience": 0.01875000074505806,
        "bmi_abs": 0.015625,
        "n_prompts": 20
      },
      "wealth": {
        "height": 0.03046875074505806,
        "age": 0.02031249925494194,
        "weight": 0.03671874850988388,
        "size": 0.03281249850988388,
        "speed": 0.02890625037252903,
        "wealth": 0.05859375,
        "experience": 0.01640624925494194,
        "bmi_abs": 0.03046875074505806,
        "n_prompts": 20
      },