{
  "model_id": "google/gemma-2-9b",
  "model_short": "gemma2-9b",
  "layer": 33,
  "alpha": 4.0,
  "pairs": [
    "height",
    "age",
    "weight",
    "size",
    "speed",
    "wealth",
    "experience",
    "bmi_abs"
  ],
  "n_prompts_by_target": {
    "height": 72,
    "age": 72,
    "weight": 72,
    "size": 72,
    "speed": 72,
    "wealth": 72,
    "experience": 72,
    "bmi_abs": 72
  },
  "matrices": {
    "primal_z": {
      "height": {
        "height": 0.0421006940305233,
        "age": 0.0184461809694767,
        "weight": 0.0282118059694767,
        "size": 0.041015625,
        "speed": 0.021484375,
        "wealth": 0.0236545130610466,
        "experience": 0.0158420130610466,
        "bmi_abs": 0.0125868059694767
      },
      "age": {
        "height": 0.017578125,
        "age": 0.0538194440305233,
        "weight": 0.02278645895421505,
        "size": 0.0147569440305233,
        "speed": 0.00737847201526165,
        "wealth": 0.0125868059694767,
        "experience": 0.03059895895421505,
        "bmi_abs": 0.02278645895421505
      },
      "weight": {
        "height": 0.02973090298473835,
        "age": 0.0321180559694767,
        "weight": 0.0525173619389534,
        "size": 0.0375434011220932,
        "speed": 0.0217013880610466,
        "wealth": 0.0203993059694767,
        "experience": 0.0167100690305233,
        "bmi_abs": 0.0503472238779068
      },
      "size": {
        "height": 0.0627170130610466,
        "age": 0.0425347238779068,
        "weight": 0.0594618059694767,
        "size": 0.0946180522441864,
        "speed": 0.0384114570915699,
        "wealth": 0.02886284701526165,
        "experience": 0.0301649309694767,
        "bmi_abs": 0.0407986119389534
      },
      "speed": {
        "height": 0.0256076380610466,
        "age": 0.0069444444961845875,
        "weight": 0.01953125,
        "size": 0.02105034701526165,
        "speed": 0.0718315988779068,
        "wealth": 0.0264756940305233,
        "experience": 0.01801215298473835,
        "bmi_abs": 0.0147569440305233
      },
      "wealth": {
        "height": 0.02799479104578495,
        "age": 0.01953125,
        "weight": 0.0347222238779068,
        "size": 0.0282118059694767,
        "speed": 0.0282118059694767,
        "wealth": 0.0581597238779068,
        "experience": 0.0158420130610466,
        "bmi_abs": 0.02387152798473835
      },
      "experience": {
        "height": 0.02094184048473835,
        "age": 0.0450303815305233,
        "weight": 0.0217013880610466,
        "size": 0.02202690951526165,
        "speed": 0.02398003451526165,
        "wealth": 0.02994791604578495,
        "experience": 0.0910373255610466,
        "bmi_abs": 0.0098741315305233
      },
      "bmi_abs": {
        "height": 0.02506510354578495,
        "age": 0.01888020895421505,
        "weight": 0.0467664934694767,
        "size": 0.0359157994389534,
        "speed": 0.01953125,
        "wealth": 0.015625,
        "experience": 0.00629340298473835,
        "bmi_abs": 0.0578342005610466
      }
    },
    "primal_x_naive": {
      "height": {
        "height": 0.0186631940305233,
        "age": -0.0006510416860692203,
        "weight": 0.0088975690305233,
        "size": 0.0067274305038154125,
        "speed": 0.0023871527519077063,
        "wealth": 0.0006510416860692203,
        "experience": 0.0065104165114462376,
        "bmi_abs": 0.00737847201526165
      },
      "age": {
        "height": 0.0034722222480922937,
        "age": -0.00390625,
        "weight": 0.0047743055038154125,
        "size": 0.0047743055038154125,
        "speed": -0.001953125,
        "wealth": 0.0034722222480922937,
        "experience": 0.0125868059694767,
        "bmi_abs": 0.009114583022892475
      },
      "weight": {
        "height": 0.00434027798473835,
        "age": -0.0008680555620230734,
        "weight": 0.00390625,
        "size": 0.0184461809694767,
        "speed": 0.005859375,
        "wealth": 0.0015190972480922937,
        "experience": 0.011067708022892475,
        "bmi_abs": 0.02300347201526165
      },
      "size": {
        "height": 0.0340711809694767,
        "age": -0.011067708022892475,
        "weight": 0.02083333395421505,
        "size": 0.015407986007630825,
        "speed": 0.009548611007630825,
        "wealth": 0.013020833022892475,
        "experience": 0.0069444444961845875,
        "bmi_abs": 0.0243055559694767
      },
      "speed": {
        "height": 0.0086805559694767,
        "age": -0.0052083334885537624,
        "weight": 0.00542534701526165,
        "size": -0.0008680555620230734,
        "speed": 0.021484375,
        "wealth": 0.0067274305038154125,
        "experience": 0.0125868059694767,
        "bmi_abs": -0.0006510416860692203
      },
      "wealth": {
        "height": 0.0106336809694767,
        "age": 0.0010850694961845875,
        "weight": 0.0026041667442768812,
        "size": -0.0004340277810115367,
        "speed": 0.01019965298473835,
        "wealth": 0.0232204869389534,
        "experience": 0.01888020895421505,
        "bmi_abs": 0.0047743055038154125
      },
      "experience": {
        "height": 0.0055338540114462376,
        "age": 0.0023871527519077063,
        "weight": 0.0013020833721384406,
        "size": 0.0118272565305233,
        "speed": -0.0006510416860692203,
        "wealth": 0.0040147569961845875,
        "experience": 0.0634765625,
        "bmi_abs": -0.004665798507630825
      },
      "bmi_abs": {
        "height": -0.007595486007630825,
        "age": 0.0049913194961845875,
        "weight": 0.0,
        "size": 0.0078125,
        "speed": -0.0010850694961845875,
        "wealth": -0.0032552082557231188,
        "experience": 0.0108506940305233,
        "bmi_abs": 0.0359157994389534
      }
    },
    "primal_x_resid_z": {
      "height": {
        "height": 0.0186631940305233,
        "age": 0.0004340277810115367,
        "weight": 0.0088975690305233,
        "size": 0.00021701389050576836,
        "speed": -0.0028211805038154125,
        "wealth": -0.0006510416860692203,
        "experience": 0.0006510416860692203,
        "bmi_abs": 0.009765625
      },
      "age": {
        "height": 0.0034722222480922937,
        "age": -0.0069444444961845875,
        "weight": 0.0047743055038154125,
        "size": 0.00021701389050576836,
        "speed": -0.0026041667442768812,
        "wealth": 0.0034722222480922937,
        "experience": 0.005642361007630825,
        "bmi_abs": 0.0078125
      },
      "weight": {
        "height": 0.00434027798473835,
        "age": -0.003689236007630825,
        "weight": 0.00390625,
        "size": 0.009548611007630825,
        "speed": 0.0013020833721384406,
        "wealth": 0.0010850694961845875,
        "experience": 0.00629340298473835,
        "bmi_abs": 0.0217013880610466
      },
      "size": {
        "height": 0.0340711809694767,
        "age": -0.013888888992369175,
        "weight": 0.02083333395421505,
        "size": -0.0030381944961845875,
        "speed": 0.005642361007630825,
        "wealth": 0.01410590298473835,
        "experience": -0.0034722222480922937,
        "bmi_abs": 0.02473958395421505
      },
      "speed": {
        "height": 0.0086805559694767,
        "age": -0.00737847201526165,
        "weight": 0.00542534701526165,
        "size": -0.0052083334885537624,
        "speed": 0.0125868059694767,
        "wealth": 0.0013020833721384406,
        "experience": 0.008029513992369175,
        "bmi_abs": 0.002170138992369175
      },
      "wealth": {
        "height": 0.0106336809694767,
        "age": 0.0,
        "weight": 0.0026041667442768812,
        "size": -0.005642361007630825,
        "speed": 0.0071614584885537624,
        "wealth": 0.0223524309694767,
        "experience": 0.0158420130610466,
        "bmi_abs": 0.0045572915114462376
      },
      "experience": {
        "height": 0.0055338540114462376,
        "age": 0.0013020833721384406,
        "weight": 0.0013020833721384406,
        "size": 0.0047743055038154125,