{
  "families": {
    "primal_z": {
      "mean_diagonal": 0.06523980014026165,
      "mean_off_diagonal": 0.025956411222328564,
      "off_diagonal_positive_fraction": 1.0,
      "target_wise_off_diagonal_mean": {
        "height": 0.023034474147217616,
        "age": 0.018353174839700972,
        "weight": 0.02979290671646595,
        "size": 0.04327876998909882,
        "speed": 0.018911210088325397,
        "wealth": 0.025483631129775728,
        "experience": 0.024786085954734256,
        "bmi_abs": 0.024011036913309778
      },
      "source_wise_off_diagonal_mean": {
        "height": 0.029947916311877116,
        "age": 0.026212177971111878,
        "weight": 0.033311632328799794,
        "size": 0.028645833155938556,
        "speed": 0.022956968950373784,
        "wealth": 0.0225074402987957,
        "experience": 0.01906622014939785,
        "bmi_abs": 0.025003100612333844
      }
    },
    "primal_x_naive": {
      "mean_diagonal": 0.022271050489507616,
      "mean_off_diagonal": 0.0059833829680948315,
      "off_diagonal_positive_fraction": 0.75,
      "target_wise_off_diagonal_mean": {
        "height": 0.004557291544707758,
        "age": 0.0051773313565977985,
        "weight": 0.009052579382634056,
        "size": 0.01395089305671198,
        "speed": 0.0038132441030549152,
        "wealth": 0.006820436695956492,
        "experience": 0.0028211804955000325,
        "bmi_abs": 0.0016741071095956223
      },
      "source_wise_off_diagonal_mean": {
        "height": 0.008448040877868022,
        "age": -0.0013330852878945215,
        "weight": 0.006262400802890105,
        "size": 0.006897941452085173,
        "speed": 0.0034722222231461535,
        "wealth": 0.003735739064203309,
        "experience": 0.011346726279173578,
        "bmi_abs": 0.009037078333286834
      }
    },
    "primal_x_resid_z": {
      "mean_diagonal": 0.01516384573187679,
      "mean_off_diagonal": 0.003853934177251566,
      "off_diagonal_positive_fraction": 0.6964285714285714,
      "target_wise_off_diagonal_mean": {
        "height": 0.002356150742603599,
        "age": 0.0032552083076942445,
        "weight": 0.005797370985549476,
        "size": 0.011718750232830644,
        "speed": 0.0018601191196856754,
        "wealth": 0.005022321395309908,
        "experience": 0.0012555803238813365,
        "bmi_abs": -0.00043402768954235526
      },
      "source_wise_off_diagonal_mean": {
        "height": 0.008448040877868022,
        "age": -0.0028831844808467266,
        "weight": 0.006262400802890105,
        "size": 0.00049603171646595,
        "speed": -1.550098282418081e-05,
        "wealth": 0.0030071924889593254,
        "experience": 0.005952380921891225,
        "bmi_abs": 0.009564112073608808
      }
    }
  },
  "paired_offdiag": {
    "z_minus_primal_x_naive": {
      "mean": 0.01997302825423373,
      "positive_fraction": 0.9642857142857143,
      "ci95": [
        0.01716923784536318,
        0.02292606417770782
      ]
    },
    "z_minus_primal_x_resid_z": {
      "mean": 0.022102477045077,
      "positive_fraction": 0.9642857142857143,
      "ci95": [
        0.019261871710308957,
        0.02520558194707648
      ]
    }
  }
}