{
  "height": {
    "model_short": "gemma2-2b",
    "pair": "height",
    "late_layer": 20,
    "pca_r2": {
      "PC1_vs_z": 0.9689557479748818,
      "PC1_vs_x": 1.3723963331017996e-10,
      "PC2_vs_z": 0.006341706456343738,
      "PC2_vs_x": 0.0032248348567337102,
      "PC2_vs_z2": 0.788935845773215,
      "PC3_vs_z": 2.4759440178395084e-07,
      "PC3_vs_x": 0.05061425847678907,
      "explained_variance_ratio": [
        0.6084961749093207,
        0.18270868025658676,
        0.09307620324460729
      ]
    },
    "cos_pc1_primal_per_layer": [
      0.00495075366920788,
      0.9972803154093459,
      0.9966277880634459,
      0.9881406118534414,
      0.6133580461785415,
      0.4525469167874919,
      0.6149243469297648,
      -0.20803740825815897,
      -0.6642862231721147,
      0.5985788442499155,
      0.6195986026248704,
      -0.6461470441701289,
      -0.772264557252258,
      -0.9714631416847066,
      -0.9698639222644694,
      -0.97166410101017,
      0.9972454651208039,
      -0.9963430580258641,
      0.997901968632836,
      -0.9985896731527885,
      -0.9990744423968172,
      -0.9992449522330903,
      0.9985913544817042,
      -0.9990530833056513,
      0.9994587940415042,
      0.9994947140600415
    ]
  },
  "age": {
    "model_short": "gemma2-2b",
    "pair": "age",
    "late_layer": 20,
    "pca_r2": {
      "PC1_vs_z": 0.2086690114035415,
      "PC1_vs_x": 0.4179619175542809,
      "PC2_vs_z": 0.6258766234440309,
      "PC2_vs_x": 0.33674886219396566,
      "PC2_vs_z2": 1.5944628483397037e-05,
      "PC3_vs_z": 0.08107147153217137,
      "PC3_vs_x": 0.14950066206901977,
      "explained_variance_ratio": [
        0.43275366654810293,
        0.17718414520961384,
        0.14331369753849535
      ]
    },
    "cos_pc1_primal_per_layer": [
      0.04754535090840607,
      -0.8509499044232695,
      -0.8680079155070461,
      -0.5383726802012012,
      -0.13262143766972787,
      0.11520043420749844,
      0.08426733929307026,
      -0.4161624070741522,
      -0.5149624931140605,
      -0.4930447045879649,
      -0.47398078952974454,
      -0.4447173020348948,
      -0.5130335621504353,
      -0.5083790731058719,
      -0.6081271518572244,
      -0.6937795165313639,
      0.6966086964670084,
      0.7167467707551708,
      0.6465144311856122,
      0.6563657755383484,
      0.6570436394146899,
      0.6560122240255134,
      -0.6601234768826936,
      -0.6605943978247169,
      0.6639222341994988,
      0.6881324470134328
    ]
  },
  "weight": {
    "model_short": "gemma2-2b",
    "pair": "weight",
    "late_layer": 20,
    "pca_r2": {
      "PC1_vs_z": 0.94896281610087,
      "PC1_vs_x": 0.005012612429218808,
      "PC2_vs_z": 0.010203189107390787,
      "PC2_vs_x": 0.054696698528009326,
      "PC2_vs_z2": 0.4337480249020047,
      "PC3_vs_z": 0.008511260353988692,
      "PC3_vs_x": 0.0038484482704067165,
      "explained_variance_ratio": [
        0.5766075404092232,
        0.13376638220327522,
        0.11091920206822305
      ]
    },
    "cos_pc1_primal_per_layer": [
      -0.9736159788961958,
      -0.9809049981915035,
      -0.9721992532146261,
      -0.38518845397539575,
      0.10081314201819365,
      -0.044475284024794955,
      -0.04238439479907965,
      -0.23009485442548736,
      -0.26819443306296065,
      -0.4078492978225541,
      0.290256282124199,
      -0.4214365937924809,
      -0.4995918400970382,
      -0.9009610038436028,
      -0.9474115931947229,
      -0.9460641360911314,
      0.9913725777736357,
      0.9910290995993535,
      0.9962242057733662,
      -0.9970960580468732,
      0.9973893943336014,
      0.9950161842565378,
      0.9948566364993875,
      0.9929065621323758,
      0.9921965407385975,
      0.9890005080741536
    ]
  },
  "size": {
    "model_short": "gemma2-2b",
    "pair": "size",
    "late_layer": 20,
    "pca_r2": {
      "PC1_vs_z": 0.07540554421591515,
      "PC1_vs_x": 0.6511035586313052,
      "PC2_vs_z": 0.785419412829198,
      "PC2_vs_x": 0.01615504276137705,
      "PC2_vs_z2": 0.014576878182854937,
      "PC3_vs_z": 0.07785132343901167,
      "PC3_vs_x": 0.04858294100334613,
      "explained_variance_ratio": [
        0.41611963062477897,
        0.3066562608127913,
        0.07903985425007816
      ]
    },
    "cos_pc1_primal_per_layer": [
      0.4664840491423266,
      -0.756570629543716,
      0.6982608003563788,
      -0.6959693508330416,
      -0.4574934173243124,
      0.006649731213155698,
      -0.05763007289841909,
      -0.13151871601125267,
      -0.28291119307986884,
      -0.26464547023172974,
      -0.35312847923179086,
      -0.46164273395933497,
      -0.7334995917284984,
      -0.8643645219620038,
      -0.9105780229028669,
      -0.7790543222331423,
      0.8784588006797633,
      -0.7911538003830768,
      -0.5936761326524335,
      -0.28003409724868217,
      -0.32080403736244234,
      -0.10536715846917939,
      -0.03828693146839772,
      0.019455656161150536,
      0.08783723546204757,
      -0.13428883952775122
    ]
  },
  "speed": {
    "model_short": "gemma2-2b",
    "pair": "speed",
    "late_layer": 20,
    "pca_r2": {
      "PC1_vs_z": 0.3599118218606594,
      "PC1_vs_x": 0.44526321366145666,
      "PC2_vs_z": 0.5287178618153018,
      "PC2_vs_x": 0.4243794508037015,
      "PC2_vs_z2": 0.09204577220552514,
      "PC3_vs_z": 0.03222597549297712,
      "PC3_vs_x": 0.0071439562123003725,
      "explained_variance_ratio": [
        0.35649069806649075,
        0.279244428110809,
        0.13490871084316833
      ]
    },
    "cos_pc1_primal_per_layer": [
      0.8589109208920067,
      -0.977857651953573,
      0.974275580608832,
      0.95723518659184,
      0.944884088114559,
      0.8878675670571005,
      0.6655209199520409,
      -0.6487942719307872,
      -0.6523131951252792,
      0.6249498592456377,
      0.6214313967318932,
      0.5440279227604119,
      0.5824378748284673,
      0.6956075152931508,
      0.7407305542787035,
      -0.8667254293413077,
      0.983194936925861,
      0.9814378820405804,
      0.7989110054617578,
      0.6216236138049868,
      -0.6683909126696447,
      -0.5147851168259052,
      -0.45629631761343264,
      -0.4510269315491752,
      -0.43581010667359055,
      -0.4212197880357248
    ]
  },
  "wealth": {
    "model_short": "gemma2-2b",
    "pair": "wealth",
    "late_layer": 20,
    "pca_r2": {
      "PC1_vs_z": 0.8554809946055948,
      "PC1_vs_x": 0.004786061350314988,
      "PC2_vs_z": 0.09274917228269967,
      "PC2_vs_x": 0.25510135032981895,
      "PC2_vs_z2": 0.0007791931925357868,
      "PC3_vs_z": 0.017238411225353596,
      "PC3_vs_x": 0.4103445383529983,
      "explained_variance_ratio": [
        0.49119082326129276,
        0.2779002599379144,
        0.09110190964591687
      ]
    },
    "cos_pc1_primal_per_layer": [
      0.31069169486700693,
      0.20990459767258704,
      0.3537888626004885,
      0.5278184167578087,
      -0.45041961124341673,
      0.4199279975588964,
      0.23428928944873215,
      -0.47016166675306553,
      -0.255949934491076,
      0.1446494861321307,
      -0.11808157250104828,
      0.2295144182627072,
      -0.8920192945480222,
      -0.9900290199137655,
      -0.9983057229269285,
      -0.9978044116978614,
      0.9970197434009254,
      0.9942872714859018,
      0.9874858893711584,
      -0.9553950105722693,
      -0.9698879607347116,
      -0.9333512573426987,
      -0.9205032479933208,
      -0.8860341940350337,
      0.7745829533380392,
      0.5757511636710325
    ]
  },
  "experience": {
    "model_short": "gemma2-2b",
    "pair": "experience",
    "late_layer": 20,
    "pca_r2": {
      "PC1_vs_z": 0.900635091963947,
      "PC1_vs_x": 0.1342855748755999,
      "PC2_vs_z": 0.027146339160555075,
      "PC2_vs_x": 0.642435751859926,
      "PC2_vs_z2": 0.003811459450159411,
      "PC3_vs_z": 0.002091985145237353,
      "PC3_vs_x": 0.09045968431394838,