{
  "model_short": "gemma2-2b",
  "layer": 20,
  "alpha": 4.0,
  "pairs": [
    "age",
    "bmi_abs",
    "experience",
    "height",
    "size",
    "speed",
    "wealth",
    "weight"
  ],
  "transfer_slope_target_by_source": {
    "age": {
      "age": 0.0667467936873436,
      "bmi_abs": 0.02632211521267891,
      "experience": 0.05476762726902962,
      "height": 0.02475961484014988,
      "size": 0.019671473652124405,
      "speed": 0.005368589889258146,
      "wealth": 0.020713141188025475,
      "weight": 0.030689101666212082
    },
    "bmi_abs": {
      "age": 0.026746554300189018,
      "bmi_abs": 0.045386902987957,
      "experience": 0.011748120188713074,
      "height": 0.028626253828406334,
      "size": 0.03230733051896095,
      "speed": 0.00904605258256197,
      "wealth": 0.018953634425997734,
      "weight": 0.03888627886772156
    },
    "experience": {
      "age": 0.028334222733974457,
      "bmi_abs": -0.018540777266025543,
      "experience": 0.10792823880910873,
      "height": 0.008124109357595444,
      "size": -0.001513532712124288,
      "speed": 0.023771367967128754,
      "wealth": 0.03803864121437073,
      "weight": -0.0028267449233680964
    },
    "height": {
      "age": 0.026484375819563866,
      "bmi_abs": 0.01035156287252903,
      "experience": 0.027226561680436134,
      "height": 0.03999999910593033,
      "size": 0.03964843600988388,
      "speed": 0.03718750178813934,
      "wealth": 0.03691406175494194,
      "weight": 0.026718750596046448
    },
    "size": {
      "age": 0.07579419761896133,
      "bmi_abs": 0.06901761144399643,
      "experience": 0.05239986255764961,
      "height": 0.07760704308748245,
      "size": 0.10039710253477097,
      "speed": 0.054514847695827484,
      "wealth": 0.04916263744235039,
      "weight": 0.08041264116764069
    },
    "speed": {
      "age": 0.0038527396973222494,
      "bmi_abs": 0.00389554793946445,
      "experience": 0.02273116447031498,
      "height": 0.03039383515715599,
      "size": 0.01922089047729969,
      "speed": 0.07268835604190826,
      "wealth": 0.04130993038415909,
      "weight": 0.020761987194418907
    },
    "wealth": {
      "age": 0.03970612958073616,
      "bmi_abs": 0.022681154310703278,
      "experience": 0.05730925127863884,
      "height": 0.04779520630836487,
      "size": 0.041374437510967255,
      "speed": 0.062121979892253876,
      "wealth": 0.07917056977748871,
      "weight": 0.041989732533693314
    },
    "weight": {
      "age": 0.041328124701976776,
      "bmi_abs": 0.0458984375,
      "experience": 0.03203124925494194,
      "height": 0.04644531384110451,
      "size": 0.05214843899011612,
      "speed": 0.028046874329447746,
      "wealth": 0.021171875298023224,
      "weight": 0.058085937052965164
    }
  },
  "within_pair_slope": {
    "age": 0.0667467936873436,
    "bmi_abs": 0.045386902987957,
    "experience": 0.10792823880910873,
    "height": 0.03999999910593033,
    "size": 0.10039710253477097,
    "speed": 0.07268835604190826,
    "wealth": 0.07917056977748871,
    "weight": 0.058085937052965164
  }
}