{
  "direction_names": [
    "primal_z",
    "primal_x",
    "probe_z",
    "probe_x",
    "pc1",
    "pc2",
    "zeroshot_wx"
  ],
  "per_pair_cosine_matrices": {
    "height": [
      [
        0.9999999999999287,
        0.916560555080054,
        0.0766335104719512,
        0.034755848580801794,
        0.9501381998089548,
        0.3085370807986429,
        0.1105234729275835
      ],
      [
        0.916560555080054,
        0.9999999999998654,
        0.06729312062395176,
        0.09144928115975842,
        0.8726197709936643,
        0.30114471544080634,
        0.17447165304699064
      ],
      [
        0.0766335104719512,
        0.06729312062395176,
        0.9999999999989972,
        0.48766034203032504,
        0.06544340467758995,
        0.029714951081068783,
        0.006158892759819073
      ],
      [
        0.034755848580801794,
        0.09144928115975842,
        0.48766034203032504,
        0.9999999999998636,
        0.03125094907501555,
        0.016196516430549472,
        0.11554609434231364
      ],
      [
        0.9501381998089548,
        0.8726197709936643,
        0.06544340467758995,
        0.03125094907501555,
        0.9999999999980002,
        5.551115123125783e-17,
        0.11386939686795927
      ],
      [
        0.3085370807986429,
        0.30114471544080634,
        0.029714951081068783,
        0.016196516430549472,
        5.551115123125783e-17,
        0.999999999998,
        0.01146436138470052
      ],
      [
        0.1105234729275835,
        0.17447165304699064,
        0.006158892759819073,
        0.11554609434231364,
        0.11386939686795927,
        0.01146436138470052,
        0.9999999999996814
      ]
    ],
    "age": [
      [
        0.9999999999999292,
        0.9611134148642766,
        0.10353022618258183,
        0.1000256375444415,
        0.9384995632891923,
        -0.33135991859594677,
        0.13258860857527316
      ],
      [
        0.9611134148642766,
        0.9999999999999168,
        0.09107659841213439,
        0.12794233338823832,
        0.9398273739474822,
        -0.28314813267787825,
        0.19904259474328165
      ],
      [
        0.10353022618258183,
        0.09107659841213439,
        0.9999999999992708,
        0.6242325507515801,
        0.08615851157266174,
        -0.0505405467555998,
        0.024547237761234658
      ],
      [
        0.1000256375444415,
        0.12794233338823832,
        0.6242325507515801,
        0.999999999999795,
        0.09864098437552563,
        -0.04464676299007507,
        0.09054988090333876
      ],
      [
        0.9384995632891923,
        0.9398273739474822,
        0.08615851157266174,
        0.09864098437552563,
        0.9999999999980003,
        4.5102810375396984e-17,
        0.1375266334734532
      ],
      [
        -0.33135991859594677,
        -0.28314813267787825,
        -0.0505405467555998,
        -0.04464676299007507,
        4.5102810375396984e-17,
        0.9999999999979998,
        -0.06877231479252287
      ],
      [
        0.13258860857527316,
        0.19904259474328165,
        0.024547237761234658,
        0.09054988090333876,
        0.1375266334734532,
        -0.06877231479252287,
        0.9999999999995834
      ]
    ],
    "weight": [
      [
        0.9999999999999281,
        0.9811942774377337,
        0.07575459114053804,
        0.04392436028023407,
        0.996970995631198,
        -0.06128385063622755,
        0.12063807521834156
      ],
      [
        0.9811942774377337,
        0.9999999999999056,
        0.0786963650975647,
        0.08348320159401025,
        0.9848280102728324,
        -0.07122142265715489,
        0.14693015792305508
      ],
      [
        0.07575459114053804,
        0.0786963650975647,
        0.999999999999237,
        0.46324091912952253,
        0.07605303639549488,
        -0.007598084623017049,
        0.013533076345874737
      ],
      [
        0.04392436028023407,
        0.08348320159401025,
        0.46324091912952253,
        0.9999999999998985,
        0.05032127707101727,
        -0.005212398173056368,
        0.11811710440633535
      ],
      [
        0.996970995631198,
        0.9848280102728324,
        0.07605303639549488,
        0.05032127707101727,
        0.9999999999979999,
        -9.540979117872439e-18,
        0.12773293274706662
      ],
      [
        -0.06128385063622755,
        -0.07122142265715489,
        -0.007598084623017049,
        -0.005212398173056368,
        -9.540979117872439e-18,
        0.999999999998,
        0.03431058201399948
      ],
      [
        0.12063807521834156,
        0.14693015792305508,
        0.013533076345874737,
        0.11811710440633535,
        0.12773293274706662,
        0.03431058201399948,
        0.9999999999998548
      ]
    ],
    "size": [
      [
        0.9999999999999254,
        0.713548934955784,
        0.08454653012765638,
        0.05773388654882533,
        0.7712733469371837,
        0.6278753648885039,
        0.11174374271887166
      ],
      [
        0.713548934955784,
        0.9999999999998919,
        0.09173834173324581,
        0.10243046836328462,
        0.12083940906738305,
        0.9798019930677078,
        0.18636832208724333
      ],
      [
        0.08454653012765638,
        0.09173834173324581,
        0.9999999999994916,
        0.6336804403212248,
        0.03332174100376942,
        0.0850800903196908,
        0.0630991343075347
      ],
      [
        0.05773388654882533,
        0.10243046836328462,
        0.6336804403212248,
        0.9999999999999056,
        0.0034968569627595557,
        0.08761962136728099,
        0.1258343680174988
      ],
      [
        0.7712733469371837,
        0.12083940906738305,
        0.03332174100376942,
        0.0034968569627595557,
        0.999999999998,
        1.3877787807814457e-17,
        0.002515453967238592
      ],
      [
        0.6278753648885039,
        0.9798019930677078,
        0.0850800903196908,
        0.08761962136728099,
        1.3877787807814457e-17,
        0.9999999999979998,
        0.17723116256230284
      ],
      [
        0.11174374271887166,
        0.18636832208724333,
        0.0630991343075347,
        0.1258343680174988,
        0.002515453967238592,
        0.17723116256230284,
        0.9999999999998297
      ]
    ],
    "speed": [
      [
        0.9999999999999324,
        0.9512257339518231,
        0.08180268916836225,
        0.04923531461183054,
        0.9974960069451853,
        0.011169245214502015,
        0.13745629515592733
      ],
      [
        0.9512257339518231,
        0.9999999999999168,
        0.08237682991860786,
        0.08983233698427831,
        0.9652551596023569,
        -0.11811636968820154,
        0.16419739152726137
      ],
      [
        0.08180268916836225,
        0.08237682991860786,
        0.9999999999993738,
        0.6195782571849557,
        0.08308065725925728,
        0.003172316749729249,
        0.030479781659155415
      ],
      [
        0.04923531461183054,
        0.08983233698427831,
        0.6195782571849557,
        0.9999999999999545,
        0.057269797345553305,
        -0.013900175047642408,
        0.05347873456633749
      ],
      [
        0.9974960069451853,
        0.9652551596023569,
        0.08308065725925728,
        0.057269797345553305,
        0.9999999999979996,
        2.42861286636753e-17,
        0.14494264904705134
      ],
      [
        0.011169245214502015,
        -0.11811636968820154,
        0.003172316749729249,
        -0.013900175047642408,
        2.42861286636753e-17,
        0.999999999998,
        0.032519419587192955
      ],
      [
        0.13745629515592733,
        0.16419739152726137,
        0.030479781659155415,
        0.05347873456633749,
        0.14494264904705134,
        0.032519419587192955,
        0.999999999999871
      ]
    ],