{
  "direction_used": "probe_z",
  "alpha_range": 8,
  "effect_per_alpha_unit": {
    "height": {
      "height": 0.0221354141831398,
      "age": 0.01223958283662796,
      "weight": 0.0015624910593032837,
      "size": 0.00390625,
      "speed": -0.015625,
      "wealth": 0.00963541865348816,
      "experience": -0.008333355188369751,
      "bmi_abs": -0.009244799613952637
    },
    "age": {
      "height": -0.007552087306976318,
      "age": 0.01328124850988388,
      "weight": 0.002083331346511841,
      "size": 0.015364587306976318,
      "speed": 0.004687502980232239,
      "wealth": 0.003385409712791443,
      "experience": 0.0022135674953460693,
      "bmi_abs": 0.041015625
    },
    "weight": {
      "height": 0.001302078366279602,
      "age": -0.0078125,
      "weight": 0.010156258940696716,
      "size": 0.011458337306976318,
      "speed": 0.00833333283662796,
      "wealth": 0.0234375,
      "experience": -0.001953125,
      "bmi_abs": -0.03880205750465393
    },
    "size": {
      "height": -0.00937499850988388,
      "age": 0.02187500149011612,
      "weight": 0.0023437589406967163,
      "size": 0.0007812380790710449,
      "speed": -0.0018229186534881592,
      "wealth": -0.0033854246139526367,
      "experience": -0.005598962306976318,
      "bmi_abs": -0.001171886920928955
    },
    "speed": {
      "height": 0.015364587306976318,
      "age": 0.00494791567325592,
      "weight": 0.00963541865348816,
      "size": 0.011458337306976318,
      "speed": -0.02187500149011612,
      "wealth": 0.0036458373069763184,
      "experience": 0.005859375,
      "bmi_abs": 0.0007812380790710449
    },
    "wealth": {
      "height": 0.014062494039535522,
      "age": 0.006250001490116119,
      "weight": 0.022656261920928955,
      "size": 0.009114563465118408,
      "speed": 0.012500002980232239,
      "wealth": 0.01953125,
      "experience": 0.005208343267440796,
      "bmi_abs": -0.010156244039535522
    },
    "experience": {
      "height": 0.0005208328366279602,
      "age": 0.02291666716337204,
      "weight": -0.022135421633720398,
      "size": -0.008854180574417114,
      "speed": -0.044010408222675323,
      "wealth": 0.008593752980232239,
      "experience": 0.005729168653488159,
      "bmi_abs": -0.001171886920928955
    },
    "bmi_abs": {
      "height": -0.01354166865348816,
      "age": 0.02135416865348816,
      "weight": 0.01588541269302368,
      "size": 0.01536455750465393,
      "speed": -0.016406245529651642,
      "wealth": 0.01874999701976776,
      "experience": -0.016796857118606567,
      "bmi_abs": 0.009375005960464478
    }
  }
}