{
  "model_short": "gemma2-9b",
  "pair": "weight",
  "n_layers": 42,
  "n_prompts": 4000,
  "n_groups": 400,
  "naive_r2_per_layer": [
    0.5245123753014123,
    0.602638568756524,
    0.6497905798795922,
    0.9027378277571987,
    0.9487576152697369,
    0.9482573995560882,
    0.9740923028778282,
    0.9729668341259444,
    0.9839710932090232,
    0.9876888496440326,
    0.9915558324745689,
    0.9934406275860898,
    0.994253094307865,
    0.9949957168386475,
    0.9958912811015501,
    0.996511331240708,
    0.9968458542064919,
    0.9969115617749452,
    0.9970953522691632,
    0.997080490450415,
    0.9972511891986356,
    0.9969520742029204,
    0.9965887404649293,
    0.9965338486209729,
    0.9962222454158776,
    0.9959765922986179,
    0.996067999025312,
    0.9960538339998639,
    0.9960759642621493,
    0.9956310576611738,
    0.9956720297865288,
    0.9954956742247395,
    0.9951248845404488,
    0.9947647961401056,
    0.9945149416742826,
    0.9940246724940756,
    0.9939364429016986,
    0.9938829030081018,
    0.9934902569865256,
    0.9923078125852975,
    0.9919467407266841,
    0.9912392241790253
  ],
  "orth_r2_per_layer_FOLD_AWARE": [
    0.5245123753014123,
    0.13710233075666323,
    0.13020948721870262,
    0.24960235779732953,
    0.04482506898552474,
    0.011649322122221473,
    0.023052250699248655,
    0.002743306687249314,
    0.01028248085417316,
    0.0034677395515354537,
    0.002424655102554407,
    -0.0008824049503239895,
    -0.004018147144529083,
    -0.004956514582989735,
    -0.00563492702847479,
    -0.005232474505935336,
    -0.006871095741332489,
    -0.008720130313063068,
    -0.007743188973559301,
    -0.008835780790627412,
    -0.007296557619731692,
    -0.00780781500209371,
    -0.00831652209293865,
    -0.007093848891336352,
    -0.008337056470481885,
    -0.00792085282901156,
    -0.00579322789604797,
    -0.004993788982526226,
    -0.004560513503206298,
    -0.0032981735798405243,
    -0.0007894931961460738,
    -0.001923383064434736,
    -0.0019267018942856762,
    -0.0010259111603652116,
    0.0011544701119736711,
    0.0014990793466479468,
    0.0022061784597718903,
    0.002490853273550586,
    0.0019679422747557185,
    0.00026499751720965303,
    0.004608436913670522,
    0.002933095710234701
  ],
  "fold_aware": true,
  "alpha_ridge": 1.0,
  "n_folds": 5
}