{
  "height": {
    "model_short": "gemma2-9b",
    "pair": "height",
    "late_layer": 33,
    "pca_r2": {
      "PC1_vs_z": 0.9275942893450995,
      "PC1_vs_x": 0.009789787154244629,
      "PC2_vs_z": 0.002925379316419174,
      "PC2_vs_x": 0.019438041438842344,
      "PC2_vs_z2": 0.6708709117474311,
      "PC3_vs_z": 0.01882916859422696,
      "PC3_vs_x": 0.009781417689664252,
      "explained_variance_ratio": [
        0.488133746855644,
        0.2423751554840554,
        0.10295816419949971
      ]
    },
    "cos_pc1_primal_per_layer": [
      -0.02940924327869232,
      0.9978761158997667,
      0.9977235634722463,
      0.9914863327845924,
      0.9932949900076079,
      0.9936184308961606,
      -0.9603899079574405,
      -0.9686891882225573,
      -0.278714181936491,
      -0.9352180631010932,
      -0.9565537657120158,
      -0.9609186732551138,
      -0.9603123821930354,
      -0.9572989394130832,
      0.09033579793276707,
      -0.16358359633210318,
      -0.04481915033213766,
      -0.7854322786661405,
      0.8475445441312693,
      -0.9436863260902961,
      0.993313907334692,
      0.9876970838578899,
      0.9550057032543908,
      0.9761714586808535,
      0.9754188142356092,
      0.9783494316330834,
      0.9877540593815611,
      0.9914547699760277,
      0.9876006128535147,
      0.991568159029674,
      0.9916198995377764,
      0.9929710325995151,
      0.995478215046429,
      0.9964697869921944,
      0.9964877057170788,
      0.9980668135366119,
      0.9979962414565214,
      0.9980118787121639,
      0.998344934763299,
      0.9976144912828925,
      0.996783017386491,
      0.9951816903667607
    ]
  },
  "age": {
    "model_short": "gemma2-9b",
    "pair": "age",
    "late_layer": 33,
    "pca_r2": {
      "PC1_vs_z": 0.606311296278247,
      "PC1_vs_x": 0.04719066794825876,
      "PC2_vs_z": 0.20455790098580146,
      "PC2_vs_x": 0.5563409932920841,
      "PC2_vs_z2": 0.0026897042005297506,
      "PC3_vs_z": 0.12678682469828864,
      "PC3_vs_x": 0.33710910473269123,
      "explained_variance_ratio": [
        0.29085415852661867,
        0.2811843861134846,
        0.17218235958538006
      ]
    },
    "cos_pc1_primal_per_layer": [
      0.2756822499899396,
      0.7332630727979829,
      0.6291593326709163,
      0.8159908950059834,
      -0.9554996167677138,
      0.9548129488279108,
      -0.9410231824873521,
      -0.9421808218686044,
      0.9182268360864678,
      -0.8968444797765216,
      0.810574677372512,
      0.8111455720008571,
      -0.5784301859176525,
      0.07819162695931603,
      -0.11347056821449425,
      0.15635083150961118,
      0.04226298455543915,
      0.005109299956922879,
      -0.007777894393802265,
      0.02085549988735645,
      -0.024376772351389422,
      -0.05696218604977012,
      0.04278781837473039,
      0.03572574845746311,
      0.047871171022649914,
      0.2983300367130029,
      0.39954169399157613,
      0.46244293998020075,
      0.8349558697787715,
      0.951462125697941,
      0.7520898535946929,
      0.7521665566412281,
      0.9391064004855995,
      0.8187478879457653,
      0.5931459067206392,
      0.534762653789869,
      0.7154317879957769,
      0.27530969963633933,
      -0.13698020636373068,
      -0.20576162419333852,
      -0.0968649416660397,
      0.3120331503282872
    ]
  },
  "weight": {
    "model_short": "gemma2-9b",
    "pair": "weight",
    "late_layer": 33,
    "pca_r2": {
      "PC1_vs_z": 0.9441399972671051,
      "PC1_vs_x": 0.00514409216316129,
      "PC2_vs_z": 0.006682453110054707,
      "PC2_vs_x": 0.02591712277946352,
      "PC2_vs_z2": 0.7115398528920533,
      "PC3_vs_z": 0.005988959006950875,
      "PC3_vs_x": 0.4435671797784425,
      "explained_variance_ratio": [
        0.5332547009222026,
        0.20692940291615386,
        0.0882783749014267
      ]
    },
    "cos_pc1_primal_per_layer": [
      0.25853510420340053,
      0.6961144771391956,
      -0.7585404317585506,
      0.7106644423482423,
      -0.9034319195665612,
      -0.865800885233065,
      0.26097292056586746,
      0.2483382537437316,
      0.04139033840592283,
      -0.45643279252827496,
      0.06995025680845161,
      -0.2654940858717629,
      -0.37389511678232623,
      0.3867264535701057,
      0.36114562549501944,
      -0.3147930050862386,
      -0.28691685772144554,
      -0.3046825818607929,
      -0.30076950902478594,
      -0.31362423519996796,
      0.377965120868621,
      0.6583149101272239,
      0.8279243107362745,
      0.9974885830263336,
      0.999027187755907,
      0.9992326954289678,
      0.9996659829660298,
      0.9992216231246752,
      0.9984451629544863,
      0.9988029798991336,
      0.9987251254358379,
      0.9980908268230597,
      0.9991309172043948,
      0.9983282735065506,
      0.9977061710542499,
      0.9982915273037877,
      0.9985891188739274,
      0.9985982997288839,
      0.9968668748583345,
      0.9968710803868952,
      -0.9967906418729059,
      0.9704577657991609
    ]
  },
  "size": {
    "model_short": "gemma2-9b",
    "pair": "size",
    "late_layer": 33,
    "pca_r2": {
      "PC1_vs_z": 0.6559592866981947,
      "PC1_vs_x": 0.0651625062368013,
      "PC2_vs_z": 0.23635922369737397,
      "PC2_vs_x": 0.5434798289166541,
      "PC2_vs_z2": 0.11658478996713267,
      "PC3_vs_z": 0.0018376109992402502,
      "PC3_vs_x": 0.15107563575243826,
      "explained_variance_ratio": [
        0.3720426549499908,
        0.29562094758602825,
        0.09148736189747837
      ]
    },
    "cos_pc1_primal_per_layer": [
      -0.4671935671788088,
      0.6360658124092443,
      -0.7053030074659344,
      0.555766613284603,
      0.7395634561099458,
      0.8072122029171976,
      0.7513936952243392,
      0.8116170876065,
      0.6601928985585329,
      -0.7320233639392542,
      0.7040628368289212,
      -0.6934317108472272,
      -0.5171704777163344,
      0.5039009100443671,
      0.371041769616003,
      0.15161253289933535,
      0.07130965391102195,
      -0.06635454780292827,
      0.914820174672463,
      0.7286178377023211,
      0.9541828659194352,
      0.8992453579909392,
      0.42166738898330924,
      0.9727065211741474,
      0.9754054118471985,
      0.9481907840476221,
      0.9771272823779447,
      0.9850056850699876,
      0.9893020944977553,
      0.9866463579396371,
      0.9204235786515528,
      0.9923706896913107,
      0.970329524156817,
      0.8837342367866537,
      -0.8670961411882986,
      -0.8503204111225114,
      -0.8584305365275718,
      -0.8227359023034941,
      -0.7862435044637619,
      -0.7440011907325274,
      -0.6664897852143283,
      0.5172769257420563
    ]
  },
  "speed": {
    "model_short": "gemma2-9b",
    "pair": "speed",
    "late_layer": 33,
    "pca_r2": {
      "PC1_vs_z": 0.4281328423582826,
      "PC1_vs_x": 0.5075912441866395,
      "PC2_vs_z": 0.46022387687150623,
      "PC2_vs_x": 0.2084390539383403,
      "PC2_vs_z2": 0.02575304711438871,
      "PC3_vs_z": 0.023957121499053585,
      "PC3_vs_x": 0.0002487780480850947,
      "explained_variance_ratio": [
        0.43050763861858327,
        0.26560045297031404,
        0.14182063776549714
      ]
    },