{
  "model_short": "gemma2-9b",
  "layer": 33,
  "alpha": 4.0,
  "pairs": [
    "age",
    "bmi_abs",
    "experience",
    "height",
    "size",
    "speed",
    "wealth",
    "weight"
  ],
  "transfer_slope_target_by_source": {
    "age": {
      "age": 0.05336538329720497,
      "bmi_abs": 0.021955128759145737,
      "experience": 0.02968749962747097,
      "height": 0.017267627641558647,
      "size": 0.013902243226766586,
      "speed": 0.00937500037252903,
      "wealth": 0.013100961223244667,
      "weight": 0.023317307233810425
    },
    "bmi_abs": {
      "age": 0.019501879811286926,
      "bmi_abs": 0.05635181814432144,
      "experience": 0.005756578873842955,
      "height": 0.02353540062904358,
      "size": 0.03412828966975212,
      "speed": 0.019736841320991516,
      "wealth": 0.013999843038618565,
      "weight": 0.04430999234318733
    },
    "experience": {
      "age": 0.046541132032871246,
      "bmi_abs": 0.011262464337050915,
      "experience": 0.09107905626296997,
      "height": 0.021879451349377632,
      "size": 0.021946225315332413,
      "speed": 0.02608618326485157,
      "wealth": 0.03314191475510597,
      "weight": 0.022124288603663445
    },
    "height": {
      "age": 0.017929688096046448,
      "bmi_abs": 0.014179687947034836,
      "experience": 0.016132812947034836,
      "height": 0.04417968913912773,
      "size": 0.04183593764901161,
      "speed": 0.022890625521540642,
      "wealth": 0.021953124552965164,
      "weight": 0.027851562947034836
    },
    "size": {
      "age": 0.04199758172035217,
      "bmi_abs": 0.039364639669656754,
      "experience": 0.030559392645955086,
      "height": 0.06280214339494705,
      "size": 0.09344785660505295,
      "speed": 0.037983424961566925,
      "wealth": 0.028401242569088936,
      "weight": 0.0608598068356514
    },
    "speed": {
      "age": 0.006635273806750774,
      "bmi_abs": 0.013184931129217148,
      "experience": 0.017294520512223244,
      "height": 0.024272261187434196,
      "size": 0.020333904772996902,
      "speed": 0.07508561760187149,
      "wealth": 0.02585616521537304,
      "weight": 0.017936643213033676
    },
    "wealth": {
      "age": 0.029623251408338547,
      "bmi_abs": 0.02363456040620804,
      "experience": 0.03683425858616829,
      "height": 0.04207806661725044,
      "size": 0.04938357695937157,
      "speed": 0.031248467043042183,
      "wealth": 0.08061107248067856,
      "weight": 0.04438164457678795
    },
    "weight": {
      "age": 0.030898436903953552,
      "bmi_abs": 0.05312500149011612,
      "experience": 0.015625,
      "height": 0.02949218824505806,
      "size": 0.03812500089406967,
      "speed": 0.021757813170552254,
      "wealth": 0.020156249403953552,
      "weight": 0.05546874925494194
    }
  },
  "within_pair_slope": {
    "age": 0.05336538329720497,
    "bmi_abs": 0.05635181814432144,
    "experience": 0.09107905626296997,
    "height": 0.04417968913912773,
    "size": 0.09344785660505295,
    "speed": 0.07508561760187149,
    "wealth": 0.08061107248067856,
    "weight": 0.05546874925494194
  }
}